solid 
 facet normal -1.288433e-16 -1.000000e+00  2.020631e-16
   outer loop
     vertex  4.861684e+00  0.000000e+00  3.100000e+00
     vertex  3.138316e+00  2.220446e-16  3.100000e+00
     vertex  0.000000e+00  0.000000e+00  0.000000e+00
   endloop
 endfacet
 facet normal  7.075280e-17 -1.000000e+00  0.000000e+00
   outer loop
     vertex  3.138316e+00  2.220446e-16  9.100000e+00
     vertex  0.000000e+00  0.000000e+00  1.220000e+01
     vertex  0.000000e+00  0.000000e+00  0.000000e+00
   endloop
 endfacet
 facet normal  7.075280e-17 -1.000000e+00  0.000000e+00
   outer loop
     vertex  3.138316e+00  2.220446e-16  9.100000e+00
     vertex  0.000000e+00  0.000000e+00  0.000000e+00
     vertex  3.138316e+00  2.220446e-16  3.100000e+00
   endloop
 endfacet
 facet normal -1.288433e-16 -1.000000e+00 -2.020631e-16
   outer loop
     vertex  4.861684e+00  0.000000e+00  9.100000e+00
     vertex  0.000000e+00  0.000000e+00  1.220000e+01
     vertex  3.138316e+00  2.220446e-16  9.100000e+00
   endloop
 endfacet
 facet normal  0.000000e+00 -1.000000e+00  0.000000e+00
   outer loop
     vertex  6.153832e+01  0.000000e+00  3.100000e+00
     vertex  4.861684e+00  0.000000e+00  9.100000e+00
     vertex  4.861684e+00  0.000000e+00  3.100000e+00
   endloop
 endfacet
 facet normal  1.288433e-16 -1.000000e+00  2.020631e-16
   outer loop
     vertex  6.640000e+01  0.000000e+00  0.000000e+00
     vertex  6.326168e+01  2.220446e-16  3.100000e+00
     vertex  6.153832e+01  0.000000e+00  3.100000e+00
   endloop
 endfacet
 facet normal -0.000000e+00 -1.000000e+00 -0.000000e+00
   outer loop
     vertex  6.153832e+01  0.000000e+00  9.100000e+00
     vertex  4.861684e+00  0.000000e+00  9.100000e+00
     vertex  6.153832e+01  0.000000e+00  3.100000e+00
   endloop
 endfacet
 facet normal -7.075280e-17 -1.000000e+00  0.000000e+00
   outer loop
     vertex  6.640000e+01  0.000000e+00  1.220000e+01
     vertex  6.326168e+01  2.220446e-16  9.100000e+00
     vertex  6.326168e+01  2.220446e-16  3.100000e+00
   endloop
 endfacet
 facet normal  1.288433e-16 -1.000000e+00 -2.020631e-16
   outer loop
     vertex  6.640000e+01  0.000000e+00  1.220000e+01
     vertex  6.153832e+01  0.000000e+00  9.100000e+00
     vertex  6.326168e+01  2.220446e-16  9.100000e+00
   endloop
 endfacet
 facet normal -7.075280e-17 -1.000000e+00 -0.000000e+00
   outer loop
     vertex  6.640000e+01  0.000000e+00  1.220000e+01
     vertex  6.326168e+01  2.220446e-16  3.100000e+00
     vertex  6.640000e+01  0.000000e+00  0.000000e+00
   endloop
 endfacet
 facet normal  0.000000e+00 -1.000000e+00  0.000000e+00
   outer loop
     vertex  6.640000e+01  0.000000e+00  0.000000e+00
     vertex  4.861684e+00  0.000000e+00  3.100000e+00
     vertex  0.000000e+00  0.000000e+00  0.000000e+00
   endloop
 endfacet
 facet normal  0.000000e+00 -1.000000e+00  0.000000e+00
   outer loop
     vertex  6.640000e+01  0.000000e+00  0.000000e+00
     vertex  6.153832e+01  0.000000e+00  3.100000e+00
     vertex  4.861684e+00  0.000000e+00  3.100000e+00
   endloop
 endfacet
 facet normal  0.000000e+00 -1.000000e+00  0.000000e+00
   outer loop
     vertex  0.000000e+00  0.000000e+00  1.220000e+01
     vertex  6.153832e+01  0.000000e+00  9.100000e+00
     vertex  6.640000e+01  0.000000e+00  1.220000e+01
   endloop
 endfacet
 facet normal  0.000000e+00 -1.000000e+00  0.000000e+00
   outer loop
     vertex  0.000000e+00  0.000000e+00  1.220000e+01
     vertex  4.861684e+00  0.000000e+00  9.100000e+00
     vertex  6.153832e+01  0.000000e+00  9.100000e+00
   endloop
 endfacet
 facet normal  0.000000e+00  0.000000e+00  1.000000e+00
   outer loop
     vertex  5.064806e+01  5.520898e+00  1.220000e+01
     vertex  5.063238e+01  5.536258e+00  1.220000e+01
     vertex  0.000000e+00  0.000000e+00  1.220000e+01
   endloop
 endfacet
 facet normal  0.000000e+00  0.000000e+00  1.000000e+00
   outer loop
     vertex  5.061713e+01  5.552042e+00  1.220000e+01
     vertex  0.000000e+00  0.000000e+00  1.220000e+01
     vertex  5.063238e+01  5.536258e+00  1.220000e+01
   endloop
 endfacet
 facet normal  0.000000e+00  0.000000e+00  1.000000e+00
   outer loop
     vertex  5.066415e+01  5.505974e+00  1.220000e+01
     vertex  5.064806e+01  5.520898e+00  1.220000e+01
     vertex  0.000000e+00  0.000000e+00  1.220000e+01
   endloop
 endfacet
 facet normal  0.000000e+00  0.000000e+00  1.000000e+00
   outer loop
     vertex  5.060231e+01  5.568239e+00  1.220000e+01
     vertex  0.000000e+00  0.000000e+00  1.220000e+01
     vertex  5.061713e+01  5.552042e+00  1.220000e+01
   endloop
 endfacet
 facet normal  0.000000e+00  0.000000e+00  1.000000e+00
   outer loop
     vertex  5.068065e+01  5.491497e+00  1.220000e+01
     vertex  5.066415e+01  5.505974e+00  1.220000e+01
     vertex  0.000000e+00  0.000000e+00  1.220000e+01
   endloop
 endfacet
 facet normal  0.000000e+00  0.000000e+00  1.000000e+00
   outer loop
     vertex  5.058795e+01  5.584836e+00  1.220000e+01
     vertex  0.000000e+00  0.000000e+00  1.220000e+01
     vertex  5.060231e+01  5.568239e+00  1.220000e+01
   endloop
 endfacet
 facet normal  0.000000e+00  0.000000e+00  1.000000e+00
   outer loop
     vertex  5.069754e+01  5.477478e+00  1.220000e+01
     vertex  5.068065e+01  5.491497e+00  1.220000e+01
     vertex  0.000000e+00  0.000000e+00  1.220000e+01
   endloop
 endfacet
 facet normal  0.000000e+00  0.000000e+00  1.000000e+00
   outer loop
     vertex  5.057405e+01  5.601821e+00  1.220000e+01
     vertex  0.000000e+00  0.000000e+00  1.220000e+01
     vertex  5.058795e+01  5.584836e+00  1.220000e+01
   endloop
 endfacet
 facet normal  0.000000e+00  0.000000e+00  1.000000e+00
   outer loop
     vertex  5.071481e+01  5.463928e+00  1.220000e+01
     vertex  5.069754e+01  5.477478e+00  1.220000e+01
     vertex  0.000000e+00  0.000000e+00  1.220000e+01
   endloop
 endfacet
 facet normal  0.000000e+00  0.000000e+00  1.000000e+00
   outer loop
     vertex  5.056061e+01  5.619181e+00  1.220000e+01
     vertex  0.000000e+00  0.000000e+00  1.220000e+01
     vertex  5.057405e+01  5.601821e+00  1.220000e+01
   endloop
 endfacet
 facet normal  0.000000e+00  0.000000e+00  1.000000e+00
   outer loop
     vertex  5.073244e+01  5.450857e+00  1.220000e+01
     vertex  5.071481e+01  5.463928e+00  1.220000e+01
     vertex  0.000000e+00  0.000000e+00  1.220000e+01
   endloop
 endfacet
 facet normal  0.000000e+00  0.000000e+00  1.000000e+00
   outer loop
     vertex  5.054766e+01  5.636903e+00  1.220000e+01
     vertex  0.000000e+00  0.000000e+00  1.220000e+01
     vertex  5.056061e+01  5.619181e+00  1.220000e+01
   endloop
 endfacet
 facet normal  0.000000e+00  0.000000e+00  1.000000e+00
   outer loop
     vertex  5.075042e+01  5.438274e+00  1.220000e+01
     vertex  5.073244e+01  5.450857e+00  1.220000e+01
     vertex  0.000000e+00  0.000000e+00  1.220000e+01
   endloop
 endfacet
 facet normal  0.000000e+00  0.000000e+00  1.000000e+00
   outer loop
     vertex  5.053521e+01  5.654974e+00  1.220000e+01
     vertex  0.000000e+00  0.000000e+00  1.220000e+01
     vertex  5.054766e+01  5.636903e+00  1.220000e+01
   endloop
 endfacet
 facet normal  0.000000e+00  0.000000e+00  1.000000e+00
   outer loop
     vertex  5.076875e+01  5.426189e+00  1.220000e+01
     vertex  5.075042e+01  5.438274e+00  1.220000e+01
     vertex  0.000000e+00  0.000000e+00  1.220000e+01
   endloop
 endfacet
 facet normal  0.000000e+00  0.000000e+00  1.000000e+00
   outer loop
     vertex  5.052325e+01  5.673379e+00  1.220000e+01
     vertex  0.000000e+00  0.000000e+00  1.220000e+01
     vertex  5.053521e+01  5.654974e+00  1.220000e+01
   endloop
 endfacet
 facet normal  0.000000e+00  0.000000e+00  1.000000e+00
   outer loop
     vertex  5.078739e+01  5.414612e+00  1.220000e+01
     vertex  5.076875e+01  5.426189e+00  1.220000e+01
     vertex  0.000000e+00  0.000000e+00  1.220000e+01
   endloop
 endfacet
 facet normal  0.000000e+00  0.000000e+00  1.000000e+00
   outer loop
     vertex  5.051180e+01  5.692106e+00  1.220000e+01
     vertex  0.000000e+00  0.000000e+00  1.220000e+01
     vertex  5.052325e+01  5.673379e+00  1.220000e+01
   endloop
 endfacet
 facet normal  0.000000e+00  0.000000e+00  1.000000e+00
   outer loop
     vertex  5.080635e+01  5.403550e+00  1.220000e+01
     vertex  5.078739e+01  5.414612e+00  1.220000e+01
     vertex  0.000000e+00  0.000000e+00  1.220000e+01
   endloop
 endfacet
 facet normal  0.000000e+00  0.000000e+00  1.000000e+00
   outer loop
     vertex  5.050087e+01  5.711139e+00  1.220000e+01
     vertex  0.000000e+00  0.000000e+00  1.220000e+01
     vertex  5.051180e+01  5.692106e+00  1.220000e+01
   endloop
 endfacet
 facet normal  0.000000e+00  0.000000e+00  1.000000e+00
   outer loop
     vertex  5.082561e+01  5.393013e+00  1.220000e+01
     vertex  5.080635e+01  5.403550e+00  1.220000e+01
     vertex  0.000000e+00  0.000000e+00  1.220000e+01
   endloop
 endfacet
 facet normal  0.000000e+00  0.000000e+00  1.000000e+00
   outer loop
     vertex  5.049046e+01  5.730466e+00  1.220000e+01
     vertex  0.000000e+00  0.000000e+00  1.220000e+01
     vertex  5.050087e+01  5.711139e+00  1.220000e+01
   endloop
 endfacet
 facet normal  0.000000e+00  0.000000e+00  1.000000e+00
   outer loop
     vertex  5.084514e+01  5.383008e+00  1.220000e+01
     vertex  5.082561e+01  5.393013e+00  1.220000e+01
     vertex  0.000000e+00  0.000000e+00  1.220000e+01
   endloop
 endfacet
 facet normal  0.000000e+00  0.000000e+00  1.000000e+00
   outer loop
     vertex  5.048059e+01  5.750071e+00  1.220000e+01
     vertex  0.000000e+00  0.000000e+00  1.220000e+01
     vertex  5.049046e+01  5.730466e+00  1.220000e+01
   endloop
 endfacet
 facet normal  0.000000e+00  0.000000e+00  1.000000e+00
   outer loop
     vertex  5.086495e+01  5.373543e+00  1.220000e+01
     vertex  5.084514e+01  5.383008e+00  1.220000e+01
     vertex  0.000000e+00  0.000000e+00  1.220000e+01
   endloop
 endfacet
 facet normal  0.000000e+00  0.000000e+00  1.000000e+00
   outer loop
     vertex  5.047126e+01  5.769939e+00  1.220000e+01
     vertex  0.000000e+00  0.000000e+00  1.220000e+01
     vertex  5.048059e+01  5.750071e+00  1.220000e+01
   endloop
 endfacet
 facet normal  0.000000e+00  0.000000e+00  1.000000e+00
   outer loop
     vertex  5.088500e+01  5.364624e+00  1.220000e+01
     vertex  5.086495e+01  5.373543e+00  1.220000e+01
     vertex  0.000000e+00  0.000000e+00  1.220000e+01
   endloop
 endfacet
 facet normal  0.000000e+00  0.000000e+00  1.000000e+00
   outer loop
     vertex  5.046248e+01  5.790055e+00  1.220000e+01
     vertex  0.000000e+00  0.000000e+00  1.220000e+01
     vertex  5.047126e+01  5.769939e+00  1.220000e+01
   endloop
 endfacet
 facet normal  0.000000e+00  0.000000e+00  1.000000e+00
   outer loop
     vertex  5.090530e+01  5.356260e+00  1.220000e+01
     vertex  5.088500e+01  5.364624e+00  1.220000e+01
     vertex  0.000000e+00  0.000000e+00  1.220000e+01
   endloop
 endfacet
 facet normal  0.000000e+00  0.000000e+00  1.000000e+00
   outer loop
     vertex  5.045426e+01  5.810405e+00  1.220000e+01
     vertex  0.000000e+00  0.000000e+00  1.220000e+01
     vertex  5.046248e+01  5.790055e+00  1.220000e+01
   endloop
 endfacet
 facet normal  0.000000e+00  0.000000e+00  1.000000e+00
   outer loop
     vertex  5.092581e+01  5.348455e+00  1.220000e+01
     vertex  5.090530e+01  5.356260e+00  1.220000e+01
     vertex  0.000000e+00  0.000000e+00  1.220000e+01
   endloop
 endfacet
 facet normal  0.000000e+00  0.000000e+00  1.000000e+00
   outer loop
     vertex  5.044659e+01  5.830973e+00  1.220000e+01
     vertex  0.000000e+00  0.000000e+00  1.220000e+01
     vertex  5.045426e+01  5.810405e+00  1.220000e+01
   endloop
 endfacet
 facet normal  0.000000e+00  0.000000e+00  1.000000e+00
   outer loop
     vertex  5.094653e+01  5.341215e+00  1.220000e+01
     vertex  5.092581e+01  5.348455e+00  1.220000e+01
     vertex  0.000000e+00  0.000000e+00  1.220000e+01
   endloop
 endfacet
 facet normal  0.000000e+00  0.000000e+00  1.000000e+00
   outer loop
     vertex  5.043949e+01  5.851743e+00  1.220000e+01
     vertex  0.000000e+00  0.000000e+00  1.220000e+01
     vertex  5.044659e+01  5.830973e+00  1.220000e+01
   endloop
 endfacet
 facet normal  0.000000e+00  0.000000e+00  1.000000e+00
   outer loop
     vertex  5.096744e+01  5.334547e+00  1.220000e+01
     vertex  5.094653e+01  5.341215e+00  1.220000e+01
     vertex  0.000000e+00  0.000000e+00  1.220000e+01
   endloop
 endfacet
 facet normal  0.000000e+00  0.000000e+00  1.000000e+00
   outer loop
     vertex  5.043297e+01  5.872700e+00  1.220000e+01
     vertex  0.000000e+00  0.000000e+00  1.220000e+01
     vertex  5.043949e+01  5.851743e+00  1.220000e+01
   endloop
 endfacet
 facet normal  0.000000e+00  0.000000e+00  1.000000e+00
   outer loop
     vertex  5.098853e+01  5.328456e+00  1.220000e+01
     vertex  5.096744e+01  5.334547e+00  1.220000e+01
     vertex  0.000000e+00  0.000000e+00  1.220000e+01
   endloop
 endfacet
 facet normal  0.000000e+00  0.000000e+00  1.000000e+00
   outer loop
     vertex  5.042702e+01  5.893828e+00  1.220000e+01
     vertex  0.000000e+00  0.000000e+00  1.220000e+01
     vertex  5.043297e+01  5.872700e+00  1.220000e+01
   endloop
 endfacet
 facet normal  0.000000e+00  0.000000e+00  1.000000e+00
   outer loop
     vertex  5.100978e+01  5.322944e+00  1.220000e+01
     vertex  5.098853e+01  5.328456e+00  1.220000e+01
     vertex  0.000000e+00  0.000000e+00  1.220000e+01
   endloop
 endfacet
 facet normal  0.000000e+00  0.000000e+00  1.000000e+00
   outer loop
     vertex  5.042166e+01  5.915112e+00  1.220000e+01
     vertex  0.000000e+00  0.000000e+00  1.220000e+01
     vertex  5.042702e+01  5.893828e+00  1.220000e+01
   endloop
 endfacet
 facet normal  0.000000e+00  0.000000e+00  1.000000e+00
   outer loop
     vertex  5.041688e+01  5.936534e+00  1.220000e+01
     vertex  0.000000e+00  0.000000e+00  1.220000e+01
     vertex  5.042166e+01  5.915112e+00  1.220000e+01
   endloop
 endfacet
 facet normal  0.000000e+00  0.000000e+00  1.000000e+00
   outer loop
     vertex  5.041269e+01  5.958080e+00  1.220000e+01
     vertex  0.000000e+00  0.000000e+00  1.220000e+01
     vertex  5.041688e+01  5.936534e+00  1.220000e+01
   endloop
 endfacet
 facet normal  0.000000e+00  0.000000e+00  1.000000e+00
   outer loop
     vertex  5.040909e+01  5.979733e+00  1.220000e+01
     vertex  0.000000e+00  0.000000e+00  1.220000e+01
     vertex  5.041269e+01  5.958080e+00  1.220000e+01
   endloop
 endfacet
 facet normal  0.000000e+00  0.000000e+00  1.000000e+00
   outer loop
     vertex  5.040609e+01  6.001476e+00  1.220000e+01
     vertex  0.000000e+00  0.000000e+00  1.220000e+01
     vertex  5.040909e+01  5.979733e+00  1.220000e+01
   endloop
 endfacet
 facet normal  0.000000e+00  0.000000e+00  1.000000e+00
   outer loop
     vertex  5.040369e+01  6.023293e+00  1.220000e+01
     vertex  0.000000e+00  0.000000e+00  1.220000e+01
     vertex  5.040609e+01  6.001476e+00  1.220000e+01
   endloop
 endfacet
 facet normal  0.000000e+00  0.000000e+00  1.000000e+00
   outer loop
     vertex  5.040188e+01  6.045168e+00  1.220000e+01
     vertex  0.000000e+00  0.000000e+00  1.220000e+01
     vertex  5.040369e+01  6.023293e+00  1.220000e+01
   endloop
 endfacet
 facet normal  0.000000e+00  0.000000e+00  1.000000e+00
   outer loop
     vertex  5.040068e+01  6.067084e+00  1.220000e+01
     vertex  0.000000e+00  0.000000e+00  1.220000e+01
     vertex  5.040188e+01  6.045168e+00  1.220000e+01
   endloop
 endfacet
 facet normal  0.000000e+00  0.000000e+00  1.000000e+00
   outer loop
     vertex  5.040008e+01  6.089025e+00  1.220000e+01
     vertex  0.000000e+00  0.000000e+00  1.220000e+01
     vertex  5.040068e+01  6.067084e+00  1.220000e+01
   endloop
 endfacet
 facet normal  0.000000e+00  0.000000e+00  1.000000e+00
   outer loop
     vertex  5.040008e+01  6.110975e+00  1.220000e+01
     vertex  0.000000e+00  0.000000e+00  1.220000e+01
     vertex  5.040008e+01  6.089025e+00  1.220000e+01
   endloop
 endfacet
 facet normal  0.000000e+00  0.000000e+00  1.000000e+00
   outer loop
     vertex  5.040068e+01  6.132916e+00  1.220000e+01
     vertex  0.000000e+00  0.000000e+00  1.220000e+01
     vertex  5.040008e+01  6.110975e+00  1.220000e+01
   endloop
 endfacet
 facet normal  0.000000e+00  0.000000e+00  1.000000e+00
   outer loop
     vertex  5.040188e+01  6.154832e+00  1.220000e+01
     vertex  0.000000e+00  0.000000e+00  1.220000e+01
     vertex  5.040068e+01  6.132916e+00  1.220000e+01
   endloop
 endfacet
 facet normal  0.000000e+00  0.000000e+00  1.000000e+00
   outer loop
     vertex  5.040369e+01  6.176707e+00  1.220000e+01
     vertex  0.000000e+00  0.000000e+00  1.220000e+01
     vertex  5.040188e+01  6.154832e+00  1.220000e+01
   endloop
 endfacet
 facet normal  0.000000e+00  0.000000e+00  1.000000e+00
   outer loop
     vertex  5.040609e+01  6.198524e+00  1.220000e+01
     vertex  0.000000e+00  0.000000e+00  1.220000e+01
     vertex  5.040369e+01  6.176707e+00  1.220000e+01
   endloop
 endfacet
 facet normal  0.000000e+00  0.000000e+00  1.000000e+00
   outer loop
     vertex  5.040909e+01  6.220267e+00  1.220000e+01
     vertex  0.000000e+00  0.000000e+00  1.220000e+01
     vertex  5.040609e+01  6.198524e+00  1.220000e+01
   endloop
 endfacet
 facet normal  0.000000e+00  0.000000e+00  1.000000e+00
   outer loop
     vertex  6.640000e+01  0.000000e+00  1.220000e+01
     vertex  5.199970e+01  6.121947e+00  1.220000e+01
     vertex  5.200000e+01  6.100000e+00  1.220000e+01
   endloop
 endfacet
 facet normal  0.000000e+00  0.000000e+00  1.000000e+00
   outer loop
     vertex  6.640000e+01  0.000000e+00  1.220000e+01
     vertex  5.199880e+01  6.143878e+00  1.220000e+01
     vertex  5.199970e+01  6.121947e+00  1.220000e+01
   endloop
 endfacet
 facet normal  0.000000e+00  0.000000e+00  1.000000e+00
   outer loop
     vertex  6.640000e+01  0.000000e+00  1.220000e+01
     vertex  5.199729e+01  6.165776e+00  1.220000e+01
     vertex  5.199880e+01  6.143878e+00  1.220000e+01
   endloop
 endfacet
 facet normal  0.000000e+00  0.000000e+00  1.000000e+00
   outer loop
     vertex  6.640000e+01  0.000000e+00  1.220000e+01
     vertex  5.199519e+01  6.187624e+00  1.220000e+01
     vertex  5.199729e+01  6.165776e+00  1.220000e+01
   endloop
 endfacet
 facet normal  0.000000e+00  0.000000e+00  1.000000e+00
   outer loop
     vertex  6.640000e+01  0.000000e+00  1.220000e+01
     vertex  5.199248e+01  6.209406e+00  1.220000e+01
     vertex  5.199519e+01  6.187624e+00  1.220000e+01
   endloop
 endfacet
 facet normal  0.000000e+00  0.000000e+00  1.000000e+00
   outer loop
     vertex  6.640000e+01  0.000000e+00  1.220000e+01
     vertex  5.198918e+01  6.231106e+00  1.220000e+01
     vertex  5.199248e+01  6.209406e+00  1.220000e+01
   endloop
 endfacet
 facet normal  0.000000e+00  0.000000e+00  1.000000e+00
   outer loop
     vertex  6.640000e+01  0.000000e+00  1.220000e+01
     vertex  5.198529e+01  6.252707e+00  1.220000e+01
     vertex  5.198918e+01  6.231106e+00  1.220000e+01
   endloop
 endfacet
 facet normal  0.000000e+00  0.000000e+00  1.000000e+00
   outer loop
     vertex  6.640000e+01  0.000000e+00  1.220000e+01
     vertex  5.198081e+01  6.274193e+00  1.220000e+01
     vertex  5.198529e+01  6.252707e+00  1.220000e+01
   endloop
 endfacet
 facet normal  0.000000e+00  0.000000e+00  1.000000e+00
   outer loop
     vertex  6.640000e+01  0.000000e+00  1.220000e+01
     vertex  5.197573e+01  6.295548e+00  1.220000e+01
     vertex  5.198081e+01  6.274193e+00  1.220000e+01
   endloop
 endfacet
 facet normal  0.000000e+00  0.000000e+00  1.000000e+00
   outer loop
     vertex  6.640000e+01  0.000000e+00  1.220000e+01
     vertex  5.197008e+01  6.316756e+00  1.220000e+01
     vertex  5.197573e+01  6.295548e+00  1.220000e+01
   endloop
 endfacet
 facet normal  0.000000e+00  0.000000e+00  1.000000e+00
   outer loop
     vertex  6.640000e+01  0.000000e+00  1.220000e+01
     vertex  5.196384e+01  6.337801e+00  1.220000e+01
     vertex  5.197008e+01  6.316756e+00  1.220000e+01
   endloop
 endfacet
 facet normal  0.000000e+00  0.000000e+00  1.000000e+00
   outer loop
     vertex  6.640000e+01  0.000000e+00  1.220000e+01
     vertex  5.195703e+01  6.358667e+00  1.220000e+01
     vertex  5.196384e+01  6.337801e+00  1.220000e+01
   endloop
 endfacet
 facet normal  0.000000e+00  0.000000e+00  1.000000e+00
   outer loop
     vertex  6.640000e+01  0.000000e+00  1.220000e+01
     vertex  5.194965e+01  6.379338e+00  1.220000e+01
     vertex  5.195703e+01  6.358667e+00  1.220000e+01
   endloop
 endfacet
 facet normal  0.000000e+00  0.000000e+00  1.000000e+00
   outer loop
     vertex  6.640000e+01  0.000000e+00  1.220000e+01
     vertex  5.194170e+01  6.399798e+00  1.220000e+01
     vertex  5.194965e+01  6.379338e+00  1.220000e+01
   endloop
 endfacet
 facet normal  0.000000e+00  0.000000e+00  1.000000e+00
   outer loop
     vertex  6.640000e+01  0.000000e+00  1.220000e+01
     vertex  5.193320e+01  6.420033e+00  1.220000e+01
     vertex  5.194170e+01  6.399798e+00  1.220000e+01
   endloop
 endfacet
 facet normal  0.000000e+00  0.000000e+00  1.000000e+00
   outer loop
     vertex  6.640000e+01  0.000000e+00  1.220000e+01
     vertex  5.103117e+01  5.318018e+00  1.220000e+01
     vertex  5.100978e+01  5.322944e+00  1.220000e+01
   endloop
 endfacet
 facet normal  0.000000e+00  0.000000e+00  1.000000e+00
   outer loop
     vertex  6.640000e+01  0.000000e+00  1.220000e+01
     vertex  5.105268e+01  5.313681e+00  1.220000e+01
     vertex  5.103117e+01  5.318018e+00  1.220000e+01
   endloop
 endfacet
 facet normal  0.000000e+00  0.000000e+00  1.000000e+00
   outer loop
     vertex  6.640000e+01  0.000000e+00  1.220000e+01
     vertex  5.107431e+01  5.309935e+00  1.220000e+01
     vertex  5.105268e+01  5.313681e+00  1.220000e+01
   endloop
 endfacet
 facet normal  0.000000e+00  0.000000e+00  1.000000e+00
   outer loop
     vertex  6.640000e+01  0.000000e+00  1.220000e+01
     vertex  5.109603e+01  5.306785e+00  1.220000e+01
     vertex  5.107431e+01  5.309935e+00  1.220000e+01
   endloop
 endfacet
 facet normal  0.000000e+00  0.000000e+00  1.000000e+00
   outer loop
     vertex  6.640000e+01  0.000000e+00  1.220000e+01
     vertex  5.111783e+01  5.304231e+00  1.220000e+01
     vertex  5.109603e+01  5.306785e+00  1.220000e+01
   endloop
 endfacet
 facet normal  0.000000e+00  0.000000e+00  1.000000e+00
   outer loop
     vertex  6.640000e+01  0.000000e+00  1.220000e+01
     vertex  5.113969e+01  5.302276e+00  1.220000e+01
     vertex  5.111783e+01  5.304231e+00  1.220000e+01
   endloop
 endfacet
 facet normal  0.000000e+00  0.000000e+00  1.000000e+00
   outer loop
     vertex  6.640000e+01  0.000000e+00  1.220000e+01
     vertex  5.116160e+01  5.300922e+00  1.220000e+01
     vertex  5.113969e+01  5.302276e+00  1.220000e+01
   endloop
 endfacet
 facet normal  0.000000e+00  0.000000e+00  1.000000e+00
   outer loop
     vertex  6.640000e+01  0.000000e+00  1.220000e+01
     vertex  5.118354e+01  5.300169e+00  1.220000e+01
     vertex  5.116160e+01  5.300922e+00  1.220000e+01
   endloop
 endfacet
 facet normal  0.000000e+00  0.000000e+00  1.000000e+00
   outer loop
     vertex  6.640000e+01  0.000000e+00  1.220000e+01
     vertex  5.120549e+01  5.300019e+00  1.220000e+01
     vertex  5.118354e+01  5.300169e+00  1.220000e+01
   endloop
 endfacet
 facet normal  0.000000e+00  0.000000e+00  1.000000e+00
   outer loop
     vertex  6.640000e+01  0.000000e+00  1.220000e+01
     vertex  5.122743e+01  5.300470e+00  1.220000e+01
     vertex  5.120549e+01  5.300019e+00  1.220000e+01
   endloop
 endfacet
 facet normal  0.000000e+00  0.000000e+00  1.000000e+00
   outer loop
     vertex  6.640000e+01  0.000000e+00  1.220000e+01
     vertex  5.124936e+01  5.301524e+00  1.220000e+01
     vertex  5.122743e+01  5.300470e+00  1.220000e+01
   endloop
 endfacet
 facet normal  0.000000e+00  0.000000e+00  1.000000e+00
   outer loop
     vertex  6.640000e+01  0.000000e+00  1.220000e+01
     vertex  5.127124e+01  5.303179e+00  1.220000e+01
     vertex  5.124936e+01  5.301524e+00  1.220000e+01
   endloop
 endfacet
 facet normal  0.000000e+00  0.000000e+00  1.000000e+00
   outer loop
     vertex  6.640000e+01  0.000000e+00  1.220000e+01
     vertex  5.129308e+01  5.305433e+00  1.220000e+01
     vertex  5.127124e+01  5.303179e+00  1.220000e+01
   endloop
 endfacet
 facet normal  0.000000e+00  0.000000e+00  1.000000e+00
   outer loop
     vertex  6.640000e+01  0.000000e+00  1.220000e+01
     vertex  5.131484e+01  5.308285e+00  1.220000e+01
     vertex  5.129308e+01  5.305433e+00  1.220000e+01
   endloop
 endfacet
 facet normal  0.000000e+00  0.000000e+00  1.000000e+00
   outer loop
     vertex  6.640000e+01  0.000000e+00  1.220000e+01
     vertex  5.133652e+01  5.311734e+00  1.220000e+01
     vertex  5.131484e+01  5.308285e+00  1.220000e+01
   endloop
 endfacet
 facet normal  0.000000e+00  0.000000e+00  1.000000e+00
   outer loop
     vertex  6.640000e+01  0.000000e+00  1.220000e+01
     vertex  5.135809e+01  5.315776e+00  1.220000e+01
     vertex  5.133652e+01  5.311734e+00  1.220000e+01
   endloop
 endfacet
 facet normal  0.000000e+00  0.000000e+00  1.000000e+00
   outer loop
     vertex  6.640000e+01  0.000000e+00  1.220000e+01
     vertex  5.137954e+01  5.320408e+00  1.220000e+01
     vertex  5.135809e+01  5.315776e+00  1.220000e+01
   endloop
 endfacet
 facet normal  0.000000e+00  0.000000e+00  1.000000e+00
   outer loop
     vertex  6.640000e+01  0.000000e+00  1.220000e+01
     vertex  5.140086e+01  5.325627e+00  1.220000e+01
     vertex  5.137954e+01  5.320408e+00  1.220000e+01
   endloop
 endfacet
 facet normal  0.000000e+00  0.000000e+00  1.000000e+00
   outer loop
     vertex  6.640000e+01  0.000000e+00  1.220000e+01
     vertex  5.142203e+01  5.331429e+00  1.220000e+01
     vertex  5.140086e+01  5.325627e+00  1.220000e+01
   endloop
 endfacet
 facet normal  0.000000e+00  0.000000e+00  1.000000e+00
   outer loop
     vertex  6.640000e+01  0.000000e+00  1.220000e+01
     vertex  5.144303e+01  5.337810e+00  1.220000e+01
     vertex  5.142203e+01  5.331429e+00  1.220000e+01
   endloop
 endfacet
 facet normal  0.000000e+00  0.000000e+00  1.000000e+00
   outer loop
     vertex  6.640000e+01  0.000000e+00  1.220000e+01
     vertex  5.146385e+01  5.344764e+00  1.220000e+01
     vertex  5.144303e+01  5.337810e+00  1.220000e+01
   endloop
 endfacet
 facet normal  0.000000e+00  0.000000e+00  1.000000e+00
   outer loop
     vertex  6.640000e+01  0.000000e+00  1.220000e+01
     vertex  5.148447e+01  5.352287e+00  1.220000e+01
     vertex  5.146385e+01  5.344764e+00  1.220000e+01
   endloop
 endfacet
 facet normal  0.000000e+00  0.000000e+00  1.000000e+00
   outer loop
     vertex  6.640000e+01  0.000000e+00  1.220000e+01
     vertex  5.150488e+01  5.360372e+00  1.220000e+01
     vertex  5.148447e+01  5.352287e+00  1.220000e+01
   endloop
 endfacet
 facet normal  0.000000e+00  0.000000e+00  1.000000e+00
   outer loop
     vertex  6.640000e+01  0.000000e+00  1.220000e+01
     vertex  5.152506e+01  5.369015e+00  1.220000e+01
     vertex  5.150488e+01  5.360372e+00  1.220000e+01
   endloop
 endfacet
 facet normal  0.000000e+00  0.000000e+00  1.000000e+00
   outer loop
     vertex  6.640000e+01  0.000000e+00  1.220000e+01
     vertex  5.154499e+01  5.378208e+00  1.220000e+01
     vertex  5.152506e+01  5.369015e+00  1.220000e+01
   endloop
 endfacet
 facet normal  0.000000e+00  0.000000e+00  1.000000e+00
   outer loop
     vertex  6.640000e+01  0.000000e+00  1.220000e+01
     vertex  5.156466e+01  5.387944e+00  1.220000e+01
     vertex  5.154499e+01  5.378208e+00  1.220000e+01
   endloop
 endfacet
 facet normal  0.000000e+00  0.000000e+00  1.000000e+00
   outer loop
     vertex  6.640000e+01  0.000000e+00  1.220000e+01
     vertex  5.158406e+01  5.398216e+00  1.220000e+01
     vertex  5.156466e+01  5.387944e+00  1.220000e+01
   endloop
 endfacet
 facet normal  0.000000e+00  0.000000e+00  1.000000e+00
   outer loop
     vertex  6.640000e+01  0.000000e+00  1.220000e+01
     vertex  5.160316e+01  5.409016e+00  1.220000e+01
     vertex  5.158406e+01  5.398216e+00  1.220000e+01
   endloop
 endfacet
 facet normal  0.000000e+00  0.000000e+00  1.000000e+00
   outer loop
     vertex  6.640000e+01  0.000000e+00  1.220000e+01
     vertex  5.162197e+01  5.420337e+00  1.220000e+01
     vertex  5.160316e+01  5.409016e+00  1.220000e+01
   endloop
 endfacet
 facet normal  0.000000e+00  0.000000e+00  1.000000e+00
   outer loop
     vertex  6.640000e+01  0.000000e+00  1.220000e+01
     vertex  5.164046e+01  5.432169e+00  1.220000e+01
     vertex  5.162197e+01  5.420337e+00  1.220000e+01
   endloop
 endfacet
 facet normal  0.000000e+00  0.000000e+00  1.000000e+00
   outer loop
     vertex  6.640000e+01  0.000000e+00  1.220000e+01
     vertex  5.165861e+01  5.444504e+00  1.220000e+01
     vertex  5.164046e+01  5.432169e+00  1.220000e+01
   endloop
 endfacet
 facet normal  0.000000e+00  0.000000e+00  1.000000e+00
   outer loop
     vertex  6.640000e+01  0.000000e+00  1.220000e+01
     vertex  5.167642e+01  5.457332e+00  1.220000e+01
     vertex  5.165861e+01  5.444504e+00  1.220000e+01
   endloop
 endfacet
 facet normal  0.000000e+00  0.000000e+00  1.000000e+00
   outer loop
     vertex  6.640000e+01  0.000000e+00  1.220000e+01
     vertex  5.169387e+01  5.470644e+00  1.220000e+01
     vertex  5.167642e+01  5.457332e+00  1.220000e+01
   endloop
 endfacet
 facet normal  0.000000e+00  0.000000e+00  1.000000e+00
   outer loop
     vertex  6.640000e+01  0.000000e+00  1.220000e+01
     vertex  5.171095e+01  5.484430e+00  1.220000e+01
     vertex  5.169387e+01  5.470644e+00  1.220000e+01
   endloop
 endfacet
 facet normal  0.000000e+00  0.000000e+00  1.000000e+00
   outer loop
     vertex  6.640000e+01  0.000000e+00  1.220000e+01
     vertex  5.172765e+01  5.498679e+00  1.220000e+01
     vertex  5.171095e+01  5.484430e+00  1.220000e+01
   endloop
 endfacet
 facet normal  0.000000e+00  0.000000e+00  1.000000e+00
   outer loop
     vertex  6.640000e+01  0.000000e+00  1.220000e+01
     vertex  5.174395e+01  5.513381e+00  1.220000e+01
     vertex  5.172765e+01  5.498679e+00  1.220000e+01
   endloop
 endfacet
 facet normal  0.000000e+00  0.000000e+00  1.000000e+00
   outer loop
     vertex  6.640000e+01  0.000000e+00  1.220000e+01
     vertex  5.175984e+01  5.528524e+00  1.220000e+01
     vertex  5.174395e+01  5.513381e+00  1.220000e+01
   endloop
 endfacet
 facet normal  0.000000e+00  0.000000e+00  1.000000e+00
   outer loop
     vertex  6.640000e+01  0.000000e+00  1.220000e+01
     vertex  5.177530e+01  5.544098e+00  1.220000e+01
     vertex  5.175984e+01  5.528524e+00  1.220000e+01
   endloop
 endfacet
 facet normal  0.000000e+00  0.000000e+00  1.000000e+00
   outer loop
     vertex  6.640000e+01  0.000000e+00  1.220000e+01
     vertex  5.179034e+01  5.560090e+00  1.220000e+01
     vertex  5.177530e+01  5.544098e+00  1.220000e+01
   endloop
 endfacet
 facet normal  0.000000e+00  0.000000e+00  1.000000e+00
   outer loop
     vertex  6.640000e+01  0.000000e+00  1.220000e+01
     vertex  5.180493e+01  5.576489e+00  1.220000e+01
     vertex  5.179034e+01  5.560090e+00  1.220000e+01
   endloop
 endfacet
 facet normal  0.000000e+00  0.000000e+00  1.000000e+00
   outer loop
     vertex  6.640000e+01  0.000000e+00  1.220000e+01
     vertex  5.181906e+01  5.593281e+00  1.220000e+01
     vertex  5.180493e+01  5.576489e+00  1.220000e+01
   endloop
 endfacet
 facet normal  0.000000e+00  0.000000e+00  1.000000e+00
   outer loop
     vertex  6.640000e+01  0.000000e+00  1.220000e+01
     vertex  5.183273e+01  5.610455e+00  1.220000e+01
     vertex  5.181906e+01  5.593281e+00  1.220000e+01
   endloop
 endfacet
 facet normal  0.000000e+00  0.000000e+00  1.000000e+00
   outer loop
     vertex  6.640000e+01  0.000000e+00  1.220000e+01
     vertex  5.184592e+01  5.627998e+00  1.220000e+01
     vertex  5.183273e+01  5.610455e+00  1.220000e+01
   endloop
 endfacet
 facet normal  0.000000e+00  0.000000e+00  1.000000e+00
   outer loop
     vertex  6.640000e+01  0.000000e+00  1.220000e+01
     vertex  5.185863e+01  5.645896e+00  1.220000e+01
     vertex  5.184592e+01  5.627998e+00  1.220000e+01
   endloop
 endfacet
 facet normal  0.000000e+00  0.000000e+00  1.000000e+00
   outer loop
     vertex  6.640000e+01  0.000000e+00  1.220000e+01
     vertex  5.187084e+01  5.664135e+00  1.220000e+01
     vertex  5.185863e+01  5.645896e+00  1.220000e+01
   endloop
 endfacet
 facet normal  0.000000e+00  0.000000e+00  1.000000e+00
   outer loop
     vertex  6.640000e+01  0.000000e+00  1.220000e+01
     vertex  5.188254e+01  5.682703e+00  1.220000e+01
     vertex  5.187084e+01  5.664135e+00  1.220000e+01
   endloop
 endfacet
 facet normal  0.000000e+00  0.000000e+00  1.000000e+00
   outer loop
     vertex  6.640000e+01  0.000000e+00  1.220000e+01
     vertex  5.189373e+01  5.701585e+00  1.220000e+01
     vertex  5.188254e+01  5.682703e+00  1.220000e+01
   endloop
 endfacet
 facet normal  0.000000e+00  0.000000e+00  1.000000e+00
   outer loop
     vertex  6.640000e+01  0.000000e+00  1.220000e+01
     vertex  5.190440e+01  5.720767e+00  1.220000e+01
     vertex  5.189373e+01  5.701585e+00  1.220000e+01
   endloop
 endfacet
 facet normal  0.000000e+00  0.000000e+00  1.000000e+00
   outer loop
     vertex  6.640000e+01  0.000000e+00  1.220000e+01
     vertex  5.191454e+01  5.740234e+00  1.220000e+01
     vertex  5.190440e+01  5.720767e+00  1.220000e+01
   endloop
 endfacet
 facet normal  0.000000e+00  0.000000e+00  1.000000e+00
   outer loop
     vertex  6.640000e+01  0.000000e+00  1.220000e+01
     vertex  5.192414e+01  5.759973e+00  1.220000e+01
     vertex  5.191454e+01  5.740234e+00  1.220000e+01
   endloop
 endfacet
 facet normal  0.000000e+00  0.000000e+00  1.000000e+00
   outer loop
     vertex  6.640000e+01  0.000000e+00  1.220000e+01
     vertex  5.193320e+01  5.779967e+00  1.220000e+01
     vertex  5.192414e+01  5.759973e+00  1.220000e+01
   endloop
 endfacet
 facet normal  0.000000e+00  0.000000e+00  1.000000e+00
   outer loop
     vertex  6.640000e+01  0.000000e+00  1.220000e+01
     vertex  5.194170e+01  5.800202e+00  1.220000e+01
     vertex  5.193320e+01  5.779967e+00  1.220000e+01
   endloop
 endfacet
 facet normal  0.000000e+00  0.000000e+00  1.000000e+00
   outer loop
     vertex  6.640000e+01  0.000000e+00  1.220000e+01
     vertex  5.194965e+01  5.820662e+00  1.220000e+01
     vertex  5.194170e+01  5.800202e+00  1.220000e+01
   endloop
 endfacet
 facet normal  0.000000e+00  0.000000e+00  1.000000e+00
   outer loop
     vertex  6.640000e+01  0.000000e+00  1.220000e+01
     vertex  5.195703e+01  5.841333e+00  1.220000e+01
     vertex  5.194965e+01  5.820662e+00  1.220000e+01
   endloop
 endfacet
 facet normal  0.000000e+00  0.000000e+00  1.000000e+00
   outer loop
     vertex  6.640000e+01  0.000000e+00  1.220000e+01
     vertex  5.196384e+01  5.862199e+00  1.220000e+01
     vertex  5.195703e+01  5.841333e+00  1.220000e+01
   endloop
 endfacet
 facet normal  0.000000e+00  0.000000e+00  1.000000e+00
   outer loop
     vertex  6.640000e+01  0.000000e+00  1.220000e+01
     vertex  5.197008e+01  5.883244e+00  1.220000e+01
     vertex  5.196384e+01  5.862199e+00  1.220000e+01
   endloop
 endfacet
 facet normal  0.000000e+00  0.000000e+00  1.000000e+00
   outer loop
     vertex  6.640000e+01  0.000000e+00  1.220000e+01
     vertex  5.197573e+01  5.904452e+00  1.220000e+01
     vertex  5.197008e+01  5.883244e+00  1.220000e+01
   endloop
 endfacet
 facet normal  0.000000e+00  0.000000e+00  1.000000e+00
   outer loop
     vertex  6.640000e+01  0.000000e+00  1.220000e+01
     vertex  5.198081e+01  5.925807e+00  1.220000e+01
     vertex  5.197573e+01  5.904452e+00  1.220000e+01
   endloop
 endfacet
 facet normal  0.000000e+00  0.000000e+00  1.000000e+00
   outer loop
     vertex  6.640000e+01  0.000000e+00  1.220000e+01
     vertex  5.198529e+01  5.947293e+00  1.220000e+01
     vertex  5.198081e+01  5.925807e+00  1.220000e+01
   endloop
 endfacet
 facet normal  0.000000e+00  0.000000e+00  1.000000e+00
   outer loop
     vertex  6.640000e+01  0.000000e+00  1.220000e+01
     vertex  5.198918e+01  5.968894e+00  1.220000e+01
     vertex  5.198529e+01  5.947293e+00  1.220000e+01
   endloop
 endfacet
 facet normal  0.000000e+00  0.000000e+00  1.000000e+00
   outer loop
     vertex  6.640000e+01  0.000000e+00  1.220000e+01
     vertex  5.199248e+01  5.990594e+00  1.220000e+01
     vertex  5.198918e+01  5.968894e+00  1.220000e+01
   endloop
 endfacet
 facet normal  0.000000e+00  0.000000e+00  1.000000e+00
   outer loop
     vertex  6.640000e+01  0.000000e+00  1.220000e+01
     vertex  5.199519e+01  6.012376e+00  1.220000e+01
     vertex  5.199248e+01  5.990594e+00  1.220000e+01
   endloop
 endfacet
 facet normal  0.000000e+00  0.000000e+00  1.000000e+00
   outer loop
     vertex  6.640000e+01  0.000000e+00  1.220000e+01
     vertex  5.199729e+01  6.034224e+00  1.220000e+01
     vertex  5.199519e+01  6.012376e+00  1.220000e+01
   endloop
 endfacet
 facet normal  0.000000e+00  0.000000e+00  1.000000e+00
   outer loop
     vertex  6.640000e+01  0.000000e+00  1.220000e+01
     vertex  5.199880e+01  6.056122e+00  1.220000e+01
     vertex  5.199729e+01  6.034224e+00  1.220000e+01
   endloop
 endfacet
 facet normal  0.000000e+00  0.000000e+00  1.000000e+00
   outer loop
     vertex  6.640000e+01  0.000000e+00  1.220000e+01
     vertex  5.199970e+01  6.078053e+00  1.220000e+01
     vertex  5.199880e+01  6.056122e+00  1.220000e+01
   endloop
 endfacet
 facet normal  0.000000e+00  0.000000e+00  1.000000e+00
   outer loop
     vertex  6.640000e+01  0.000000e+00  1.220000e+01
     vertex  5.200000e+01  6.100000e+00  1.220000e+01
     vertex  5.199970e+01  6.078053e+00  1.220000e+01
   endloop
 endfacet
 facet normal  0.000000e+00  0.000000e+00  1.000000e+00
   outer loop
     vertex  6.640000e+01  0.000000e+00  1.220000e+01
     vertex  5.100978e+01  5.322944e+00  1.220000e+01
     vertex  0.000000e+00  0.000000e+00  1.220000e+01
   endloop
 endfacet
 facet normal  0.000000e+00  0.000000e+00  1.000000e+00
   outer loop
     vertex  5.006476e+01  1.697252e+01  1.220000e+01
     vertex  5.057405e+01  6.598179e+00  1.220000e+01
     vertex  5.058795e+01  6.615164e+00  1.220000e+01
   endloop
 endfacet
 facet normal  0.000000e+00  0.000000e+00  1.000000e+00
   outer loop
     vertex  5.009611e+01  1.694180e+01  1.220000e+01
     vertex  5.006476e+01  1.697252e+01  1.220000e+01
     vertex  5.058795e+01  6.615164e+00  1.220000e+01
   endloop
 endfacet
 facet normal  0.000000e+00  0.000000e+00  1.000000e+00
   outer loop
     vertex  5.009611e+01  1.694180e+01  1.220000e+01
     vertex  5.058795e+01  6.615164e+00  1.220000e+01
     vertex  5.060231e+01  6.631761e+00  1.220000e+01
   endloop
 endfacet
 facet normal  0.000000e+00  0.000000e+00  1.000000e+00
   outer loop
     vertex  5.003425e+01  1.700408e+01  1.220000e+01
     vertex  5.057405e+01  6.598179e+00  1.220000e+01
     vertex  5.006476e+01  1.697252e+01  1.220000e+01
   endloop
 endfacet
 facet normal  0.000000e+00  0.000000e+00  1.000000e+00
   outer loop
     vertex  5.003425e+01  1.700408e+01  1.220000e+01
     vertex  5.056061e+01  6.580819e+00  1.220000e+01
     vertex  5.057405e+01  6.598179e+00  1.220000e+01
   endloop
 endfacet
 facet normal  0.000000e+00  0.000000e+00  1.000000e+00
   outer loop
     vertex  5.012830e+01  1.691195e+01  1.220000e+01
     vertex  5.009611e+01  1.694180e+01  1.220000e+01
     vertex  5.060231e+01  6.631761e+00  1.220000e+01
   endloop
 endfacet
 facet normal  0.000000e+00  0.000000e+00  1.000000e+00
   outer loop
     vertex  5.012830e+01  1.691195e+01  1.220000e+01
     vertex  5.060231e+01  6.631761e+00  1.220000e+01
     vertex  5.061713e+01  6.647958e+00  1.220000e+01
   endloop
 endfacet
 facet normal  0.000000e+00  0.000000e+00  1.000000e+00
   outer loop
     vertex  5.000462e+01  1.703648e+01  1.220000e+01
     vertex  5.056061e+01  6.580819e+00  1.220000e+01
     vertex  5.003425e+01  1.700408e+01  1.220000e+01
   endloop
 endfacet
 facet normal  0.000000e+00  0.000000e+00  1.000000e+00
   outer loop
     vertex  5.000462e+01  1.703648e+01  1.220000e+01
     vertex  5.054766e+01  6.563097e+00  1.220000e+01
     vertex  5.056061e+01  6.580819e+00  1.220000e+01
   endloop
 endfacet
 facet normal  0.000000e+00  0.000000e+00  1.000000e+00
   outer loop
     vertex  5.016130e+01  1.688299e+01  1.220000e+01
     vertex  5.012830e+01  1.691195e+01  1.220000e+01
     vertex  5.061713e+01  6.647958e+00  1.220000e+01
   endloop
 endfacet
 facet normal  0.000000e+00  0.000000e+00  1.000000e+00
   outer loop
     vertex  5.016130e+01  1.688299e+01  1.220000e+01
     vertex  5.061713e+01  6.647958e+00  1.220000e+01
     vertex  5.063238e+01  6.663742e+00  1.220000e+01
   endloop
 endfacet
 facet normal  0.000000e+00  0.000000e+00  1.000000e+00
   outer loop
     vertex  4.997590e+01  1.706967e+01  1.220000e+01
     vertex  5.054766e+01  6.563097e+00  1.220000e+01
     vertex  5.000462e+01  1.703648e+01  1.220000e+01
   endloop
 endfacet
 facet normal  0.000000e+00  0.000000e+00  1.000000e+00
   outer loop
     vertex  4.997590e+01  1.706967e+01  1.220000e+01
     vertex  5.053521e+01  6.545026e+00  1.220000e+01
     vertex  5.054766e+01  6.563097e+00  1.220000e+01
   endloop
 endfacet
 facet normal  0.000000e+00  0.000000e+00  1.000000e+00
   outer loop
     vertex  5.019508e+01  1.685496e+01  1.220000e+01
     vertex  5.016130e+01  1.688299e+01  1.220000e+01
     vertex  5.063238e+01  6.663742e+00  1.220000e+01
   endloop
 endfacet
 facet normal  0.000000e+00  0.000000e+00  1.000000e+00
   outer loop
     vertex  5.019508e+01  1.685496e+01  1.220000e+01
     vertex  5.063238e+01  6.663742e+00  1.220000e+01
     vertex  5.064806e+01  6.679102e+00  1.220000e+01
   endloop
 endfacet
 facet normal  0.000000e+00  0.000000e+00  1.000000e+00
   outer loop
     vertex  4.994809e+01  1.710364e+01  1.220000e+01
     vertex  5.053521e+01  6.545026e+00  1.220000e+01
     vertex  4.997590e+01  1.706967e+01  1.220000e+01
   endloop
 endfacet
 facet normal  0.000000e+00  0.000000e+00  1.000000e+00
   outer loop
     vertex  4.994809e+01  1.710364e+01  1.220000e+01
     vertex  5.052325e+01  6.526621e+00  1.220000e+01
     vertex  5.053521e+01  6.545026e+00  1.220000e+01
   endloop
 endfacet
 facet normal  0.000000e+00  0.000000e+00  1.000000e+00
   outer loop
     vertex  4.994809e+01  1.710364e+01  1.220000e+01
     vertex  5.051180e+01  6.507894e+00  1.220000e+01
     vertex  5.052325e+01  6.526621e+00  1.220000e+01
   endloop
 endfacet
 facet normal  0.000000e+00  0.000000e+00  1.000000e+00
   outer loop
     vertex  5.022961e+01  1.682786e+01  1.220000e+01
     vertex  5.019508e+01  1.685496e+01  1.220000e+01
     vertex  5.064806e+01  6.679102e+00  1.220000e+01
   endloop
 endfacet
 facet normal  0.000000e+00  0.000000e+00  1.000000e+00
   outer loop
     vertex  5.022961e+01  1.682786e+01  1.220000e+01
     vertex  5.064806e+01  6.679102e+00  1.220000e+01
     vertex  5.066415e+01  6.694026e+00  1.220000e+01
   endloop
 endfacet
 facet normal  0.000000e+00  0.000000e+00  1.000000e+00
   outer loop
     vertex  4.992123e+01  1.713836e+01  1.220000e+01
     vertex  5.051180e+01  6.507894e+00  1.220000e+01
     vertex  4.994809e+01  1.710364e+01  1.220000e+01
   endloop
 endfacet
 facet normal  0.000000e+00  0.000000e+00  1.000000e+00
   outer loop
     vertex  4.992123e+01  1.713836e+01  1.220000e+01
     vertex  5.050087e+01  6.488861e+00  1.220000e+01
     vertex  5.051180e+01  6.507894e+00  1.220000e+01
   endloop
 endfacet
 facet normal  0.000000e+00  0.000000e+00  1.000000e+00
   outer loop
     vertex  5.026488e+01  1.680171e+01  1.220000e+01
     vertex  5.022961e+01  1.682786e+01  1.220000e+01
     vertex  5.066415e+01  6.694026e+00  1.220000e+01
   endloop
 endfacet
 facet normal  0.000000e+00  0.000000e+00  1.000000e+00
   outer loop
     vertex  5.026488e+01  1.680171e+01  1.220000e+01
     vertex  5.068065e+01  6.708503e+00  1.220000e+01
     vertex  5.069754e+01  6.722522e+00  1.220000e+01
   endloop
 endfacet
 facet normal  0.000000e+00  0.000000e+00  1.000000e+00
   outer loop
     vertex  5.026488e+01  1.680171e+01  1.220000e+01
     vertex  5.066415e+01  6.694026e+00  1.220000e+01
     vertex  5.068065e+01  6.708503e+00  1.220000e+01
   endloop
 endfacet
 facet normal  0.000000e+00  0.000000e+00  1.000000e+00
   outer loop
     vertex  4.989533e+01  1.717381e+01  1.220000e+01
     vertex  5.049046e+01  6.469534e+00  1.220000e+01
     vertex  5.050087e+01  6.488861e+00  1.220000e+01
   endloop
 endfacet
 facet normal  0.000000e+00  0.000000e+00  1.000000e+00
   outer loop
     vertex  4.989533e+01  1.717381e+01  1.220000e+01
     vertex  5.050087e+01  6.488861e+00  1.220000e+01
     vertex  4.992123e+01  1.713836e+01  1.220000e+01
   endloop
 endfacet
 facet normal  0.000000e+00  0.000000e+00  1.000000e+00
   outer loop
     vertex  5.030085e+01  1.677655e+01  1.220000e+01
     vertex  5.026488e+01  1.680171e+01  1.220000e+01
     vertex  5.069754e+01  6.722522e+00  1.220000e+01
   endloop
 endfacet
 facet normal  0.000000e+00  0.000000e+00  1.000000e+00
   outer loop
     vertex  5.030085e+01  1.677655e+01  1.220000e+01
     vertex  5.069754e+01  6.722522e+00  1.220000e+01
     vertex  5.071481e+01  6.736072e+00  1.220000e+01
   endloop
 endfacet
 facet normal  0.000000e+00  0.000000e+00  1.000000e+00
   outer loop
     vertex  4.987041e+01  1.720995e+01  1.220000e+01
     vertex  5.048059e+01  6.449929e+00  1.220000e+01
     vertex  5.049046e+01  6.469534e+00  1.220000e+01
   endloop
 endfacet
 facet normal  0.000000e+00  0.000000e+00  1.000000e+00
   outer loop
     vertex  4.987041e+01  1.720995e+01  1.220000e+01
     vertex  5.049046e+01  6.469534e+00  1.220000e+01
     vertex  4.989533e+01  1.717381e+01  1.220000e+01
   endloop
 endfacet
 facet normal  0.000000e+00  0.000000e+00  1.000000e+00
   outer loop
     vertex  5.033749e+01  1.675238e+01  1.220000e+01
     vertex  5.030085e+01  1.677655e+01  1.220000e+01
     vertex  5.071481e+01  6.736072e+00  1.220000e+01
   endloop
 endfacet
 facet normal  0.000000e+00  0.000000e+00  1.000000e+00
   outer loop
     vertex  5.033749e+01  1.675238e+01  1.220000e+01
     vertex  5.071481e+01  6.736072e+00  1.220000e+01
     vertex  5.073244e+01  6.749143e+00  1.220000e+01
   endloop
 endfacet
 facet normal  0.000000e+00  0.000000e+00  1.000000e+00
   outer loop
     vertex  4.984649e+01  1.724676e+01  1.220000e+01
     vertex  5.047126e+01  6.430061e+00  1.220000e+01
     vertex  5.048059e+01  6.449929e+00  1.220000e+01
   endloop
 endfacet
 facet normal  0.000000e+00  0.000000e+00  1.000000e+00
   outer loop
     vertex  4.984649e+01  1.724676e+01  1.220000e+01
     vertex  5.048059e+01  6.449929e+00  1.220000e+01
     vertex  4.987041e+01  1.720995e+01  1.220000e+01
   endloop
 endfacet
 facet normal  0.000000e+00  0.000000e+00  1.000000e+00
   outer loop
     vertex  5.037479e+01  1.672922e+01  1.220000e+01
     vertex  5.033749e+01  1.675238e+01  1.220000e+01
     vertex  5.073244e+01  6.749143e+00  1.220000e+01
   endloop
 endfacet
 facet normal  0.000000e+00  0.000000e+00  1.000000e+00
   outer loop
     vertex  5.037479e+01  1.672922e+01  1.220000e+01
     vertex  5.073244e+01  6.749143e+00  1.220000e+01
     vertex  5.075042e+01  6.761726e+00  1.220000e+01
   endloop
 endfacet
 facet normal  0.000000e+00  0.000000e+00  1.000000e+00
   outer loop
     vertex  4.982360e+01  1.728421e+01  1.220000e+01
     vertex  5.046248e+01  6.409945e+00  1.220000e+01
     vertex  5.047126e+01  6.430061e+00  1.220000e+01
   endloop
 endfacet
 facet normal  0.000000e+00  0.000000e+00  1.000000e+00
   outer loop
     vertex  4.982360e+01  1.728421e+01  1.220000e+01
     vertex  5.047126e+01  6.430061e+00  1.220000e+01
     vertex  4.984649e+01  1.724676e+01  1.220000e+01
   endloop
 endfacet
 facet normal  0.000000e+00  0.000000e+00  1.000000e+00
   outer loop
     vertex  5.041271e+01  1.670710e+01  1.220000e+01
     vertex  5.037479e+01  1.672922e+01  1.220000e+01
     vertex  5.075042e+01  6.761726e+00  1.220000e+01
   endloop
 endfacet
 facet normal  0.000000e+00  0.000000e+00  1.000000e+00
   outer loop
     vertex  5.041271e+01  1.670710e+01  1.220000e+01
     vertex  5.075042e+01  6.761726e+00  1.220000e+01
     vertex  5.076875e+01  6.773811e+00  1.220000e+01
   endloop
 endfacet
 facet normal  0.000000e+00  0.000000e+00  1.000000e+00
   outer loop
     vertex  4.980173e+01  1.732228e+01  1.220000e+01
     vertex  5.045426e+01  6.389595e+00  1.220000e+01
     vertex  5.046248e+01  6.409945e+00  1.220000e+01
   endloop
 endfacet
 facet normal  0.000000e+00  0.000000e+00  1.000000e+00
   outer loop
     vertex  4.980173e+01  1.732228e+01  1.220000e+01
     vertex  5.046248e+01  6.409945e+00  1.220000e+01
     vertex  4.982360e+01  1.728421e+01  1.220000e+01
   endloop
 endfacet
 facet normal  0.000000e+00  0.000000e+00  1.000000e+00
   outer loop
     vertex  5.045122e+01  1.668603e+01  1.220000e+01
     vertex  5.041271e+01  1.670710e+01  1.220000e+01
     vertex  5.076875e+01  6.773811e+00  1.220000e+01
   endloop
 endfacet
 facet normal  0.000000e+00  0.000000e+00  1.000000e+00
   outer loop
     vertex  5.045122e+01  1.668603e+01  1.220000e+01
     vertex  5.076875e+01  6.773811e+00  1.220000e+01
     vertex  5.078739e+01  6.785388e+00  1.220000e+01
   endloop
 endfacet
 facet normal  0.000000e+00  0.000000e+00  1.000000e+00
   outer loop
     vertex  4.978092e+01  1.736093e+01  1.220000e+01
     vertex  5.045426e+01  6.389595e+00  1.220000e+01
     vertex  4.980173e+01  1.732228e+01  1.220000e+01
   endloop
 endfacet
 facet normal  0.000000e+00  0.000000e+00  1.000000e+00
   outer loop
     vertex  4.978092e+01  1.736093e+01  1.220000e+01
     vertex  5.044659e+01  6.369027e+00  1.220000e+01
     vertex  5.045426e+01  6.389595e+00  1.220000e+01
   endloop
 endfacet
 facet normal  0.000000e+00  0.000000e+00  1.000000e+00
   outer loop
     vertex  5.049029e+01  1.666602e+01  1.220000e+01
     vertex  5.045122e+01  1.668603e+01  1.220000e+01
     vertex  5.078739e+01  6.785388e+00  1.220000e+01
   endloop
 endfacet
 facet normal  0.000000e+00  0.000000e+00  1.000000e+00
   outer loop
     vertex  5.049029e+01  1.666602e+01  1.220000e+01
     vertex  5.078739e+01  6.785388e+00  1.220000e+01
     vertex  5.080635e+01  6.796450e+00  1.220000e+01
   endloop
 endfacet
 facet normal  0.000000e+00  0.000000e+00  1.000000e+00
   outer loop
     vertex  4.976118e+01  1.740014e+01  1.220000e+01
     vertex  5.043949e+01  6.348257e+00  1.220000e+01
     vertex  5.044659e+01  6.369027e+00  1.220000e+01
   endloop
 endfacet
 facet normal  0.000000e+00  0.000000e+00  1.000000e+00
   outer loop
     vertex  4.976118e+01  1.740014e+01  1.220000e+01
     vertex  5.044659e+01  6.369027e+00  1.220000e+01
     vertex  4.978092e+01  1.736093e+01  1.220000e+01
   endloop
 endfacet
 facet normal  0.000000e+00  0.000000e+00  1.000000e+00
   outer loop
     vertex  5.052990e+01  1.664709e+01  1.220000e+01
     vertex  5.049029e+01  1.666602e+01  1.220000e+01
     vertex  5.080635e+01  6.796450e+00  1.220000e+01
   endloop
 endfacet
 facet normal  0.000000e+00  0.000000e+00  1.000000e+00
   outer loop
     vertex  5.052990e+01  1.664709e+01  1.220000e+01
     vertex  5.080635e+01  6.796450e+00  1.220000e+01
     vertex  5.082561e+01  6.806987e+00  1.220000e+01
   endloop
 endfacet
 facet normal  0.000000e+00  0.000000e+00  1.000000e+00
   outer loop
     vertex  4.974252e+01  1.743988e+01  1.220000e+01
     vertex  5.043297e+01  6.327300e+00  1.220000e+01
     vertex  5.043949e+01  6.348257e+00  1.220000e+01
   endloop
 endfacet
 facet normal  0.000000e+00  0.000000e+00  1.000000e+00
   outer loop
     vertex  4.974252e+01  1.743988e+01  1.220000e+01
     vertex  5.043949e+01  6.348257e+00  1.220000e+01
     vertex  4.976118e+01  1.740014e+01  1.220000e+01
   endloop
 endfacet
 facet normal  0.000000e+00  0.000000e+00  1.000000e+00
   outer loop
     vertex  5.057001e+01  1.662925e+01  1.220000e+01
     vertex  5.052990e+01  1.664709e+01  1.220000e+01
     vertex  5.082561e+01  6.806987e+00  1.220000e+01
   endloop
 endfacet
 facet normal  0.000000e+00  0.000000e+00  1.000000e+00
   outer loop
     vertex  5.057001e+01  1.662925e+01  1.220000e+01
     vertex  5.084514e+01  6.816992e+00  1.220000e+01
     vertex  5.086495e+01  6.826457e+00  1.220000e+01
   endloop
 endfacet
 facet normal  0.000000e+00  0.000000e+00  1.000000e+00
   outer loop
     vertex  5.057001e+01  1.662925e+01  1.220000e+01
     vertex  5.082561e+01  6.806987e+00  1.220000e+01
     vertex  5.084514e+01  6.816992e+00  1.220000e+01
   endloop
 endfacet
 facet normal  0.000000e+00  0.000000e+00  1.000000e+00
   outer loop
     vertex  4.972496e+01  1.748011e+01  1.220000e+01
     vertex  5.042702e+01  6.306172e+00  1.220000e+01
     vertex  5.043297e+01  6.327300e+00  1.220000e+01
   endloop
 endfacet
 facet normal  0.000000e+00  0.000000e+00  1.000000e+00
   outer loop
     vertex  4.972496e+01  1.748011e+01  1.220000e+01
     vertex  5.043297e+01  6.327300e+00  1.220000e+01
     vertex  4.974252e+01  1.743988e+01  1.220000e+01
   endloop
 endfacet
 facet normal  0.000000e+00  0.000000e+00  1.000000e+00
   outer loop
     vertex  5.061059e+01  1.661252e+01  1.220000e+01
     vertex  5.086495e+01  6.826457e+00  1.220000e+01
     vertex  5.088500e+01  6.835376e+00  1.220000e+01
   endloop
 endfacet
 facet normal  0.000000e+00  0.000000e+00  1.000000e+00
   outer loop
     vertex  5.061059e+01  1.661252e+01  1.220000e+01
     vertex  5.057001e+01  1.662925e+01  1.220000e+01
     vertex  5.086495e+01  6.826457e+00  1.220000e+01
   endloop
 endfacet
 facet normal  0.000000e+00  0.000000e+00  1.000000e+00
   outer loop
     vertex  4.970851e+01  1.752081e+01  1.220000e+01
     vertex  5.042166e+01  6.284888e+00  1.220000e+01
     vertex  5.042702e+01  6.306172e+00  1.220000e+01
   endloop
 endfacet
 facet normal  0.000000e+00  0.000000e+00  1.000000e+00
   outer loop
     vertex  4.970851e+01  1.752081e+01  1.220000e+01
     vertex  5.042702e+01  6.306172e+00  1.220000e+01
     vertex  4.972496e+01  1.748011e+01  1.220000e+01
   endloop
 endfacet
 facet normal  0.000000e+00  0.000000e+00  1.000000e+00
   outer loop
     vertex  5.065162e+01  1.659691e+01  1.220000e+01
     vertex  5.061059e+01  1.661252e+01  1.220000e+01
     vertex  5.088500e+01  6.835376e+00  1.220000e+01
   endloop
 endfacet
 facet normal  0.000000e+00  0.000000e+00  1.000000e+00
   outer loop
     vertex  5.065162e+01  1.659691e+01  1.220000e+01
     vertex  5.088500e+01  6.835376e+00  1.220000e+01
     vertex  5.090530e+01  6.843740e+00  1.220000e+01
   endloop
 endfacet
 facet normal  0.000000e+00  0.000000e+00  1.000000e+00
   outer loop
     vertex  4.969318e+01  1.756195e+01  1.220000e+01
     vertex  5.041688e+01  6.263466e+00  1.220000e+01
     vertex  5.042166e+01  6.284888e+00  1.220000e+01
   endloop
 endfacet
 facet normal  0.000000e+00  0.000000e+00  1.000000e+00
   outer loop
     vertex  4.969318e+01  1.756195e+01  1.220000e+01
     vertex  5.042166e+01  6.284888e+00  1.220000e+01
     vertex  4.970851e+01  1.752081e+01  1.220000e+01
   endloop
 endfacet
 facet normal  0.000000e+00  0.000000e+00  1.000000e+00
   outer loop
     vertex  5.069306e+01  1.658243e+01  1.220000e+01
     vertex  5.090530e+01  6.843740e+00  1.220000e+01
     vertex  5.092581e+01  6.851545e+00  1.220000e+01
   endloop
 endfacet
 facet normal  0.000000e+00  0.000000e+00  1.000000e+00
   outer loop
     vertex  5.069306e+01  1.658243e+01  1.220000e+01
     vertex  5.065162e+01  1.659691e+01  1.220000e+01
     vertex  5.090530e+01  6.843740e+00  1.220000e+01
   endloop
 endfacet
 facet normal  0.000000e+00  0.000000e+00  1.000000e+00
   outer loop
     vertex  4.967899e+01  1.760349e+01  1.220000e+01
     vertex  5.041688e+01  6.263466e+00  1.220000e+01
     vertex  4.969318e+01  1.756195e+01  1.220000e+01
   endloop
 endfacet
 facet normal  0.000000e+00  0.000000e+00  1.000000e+00
   outer loop
     vertex  4.967899e+01  1.760349e+01  1.220000e+01
     vertex  5.041269e+01  6.241920e+00  1.220000e+01
     vertex  5.041688e+01  6.263466e+00  1.220000e+01
   endloop
 endfacet
 facet normal  0.000000e+00  0.000000e+00  1.000000e+00
   outer loop
     vertex  5.073489e+01  1.656909e+01  1.220000e+01
     vertex  5.092581e+01  6.851545e+00  1.220000e+01
     vertex  5.094653e+01  6.858785e+00  1.220000e+01
   endloop
 endfacet
 facet normal  0.000000e+00  0.000000e+00  1.000000e+00
   outer loop
     vertex  5.073489e+01  1.656909e+01  1.220000e+01
     vertex  5.069306e+01  1.658243e+01  1.220000e+01
     vertex  5.092581e+01  6.851545e+00  1.220000e+01
   endloop
 endfacet
 facet normal  0.000000e+00  0.000000e+00  1.000000e+00
   outer loop
     vertex  4.966594e+01  1.764540e+01  1.220000e+01
     vertex  5.040909e+01  6.220267e+00  1.220000e+01
     vertex  5.041269e+01  6.241920e+00  1.220000e+01
   endloop
 endfacet
 facet normal  0.000000e+00  0.000000e+00  1.000000e+00
   outer loop
     vertex  4.966594e+01  1.764540e+01  1.220000e+01
     vertex  5.041269e+01  6.241920e+00  1.220000e+01
     vertex  4.967899e+01  1.760349e+01  1.220000e+01
   endloop
 endfacet
 facet normal  0.000000e+00  0.000000e+00  1.000000e+00
   outer loop
     vertex  4.966594e+01  1.764540e+01  1.220000e+01
     vertex  0.000000e+00  0.000000e+00  1.220000e+01
     vertex  5.040909e+01  6.220267e+00  1.220000e+01
   endloop
 endfacet
 facet normal  0.000000e+00  0.000000e+00  1.000000e+00
   outer loop
     vertex  5.077706e+01  1.655691e+01  1.220000e+01
     vertex  5.094653e+01  6.858785e+00  1.220000e+01
     vertex  5.096744e+01  6.865453e+00  1.220000e+01
   endloop
 endfacet
 facet normal  0.000000e+00  0.000000e+00  1.000000e+00
   outer loop
     vertex  5.077706e+01  1.655691e+01  1.220000e+01
     vertex  5.073489e+01  1.656909e+01  1.220000e+01
     vertex  5.094653e+01  6.858785e+00  1.220000e+01
   endloop
 endfacet
 facet normal  0.000000e+00  0.000000e+00  1.000000e+00
   outer loop
     vertex  4.965405e+01  1.768766e+01  1.220000e+01
     vertex  0.000000e+00  0.000000e+00  1.220000e+01
     vertex  4.966594e+01  1.764540e+01  1.220000e+01
   endloop
 endfacet
 facet normal  0.000000e+00  0.000000e+00  1.000000e+00
   outer loop
     vertex  5.081955e+01  1.654589e+01  1.220000e+01
     vertex  5.096744e+01  6.865453e+00  1.220000e+01
     vertex  5.098853e+01  6.871544e+00  1.220000e+01
   endloop
 endfacet
 facet normal  0.000000e+00  0.000000e+00  1.000000e+00
   outer loop
     vertex  5.081955e+01  1.654589e+01  1.220000e+01
     vertex  5.077706e+01  1.655691e+01  1.220000e+01
     vertex  5.096744e+01  6.865453e+00  1.220000e+01
   endloop
 endfacet
 facet normal  0.000000e+00  0.000000e+00  1.000000e+00
   outer loop
     vertex  4.964332e+01  1.773022e+01  1.220000e+01
     vertex  0.000000e+00  0.000000e+00  1.220000e+01
     vertex  4.965405e+01  1.768766e+01  1.220000e+01
   endloop
 endfacet
 facet normal  0.000000e+00  0.000000e+00  1.000000e+00
   outer loop
     vertex  5.086233e+01  1.653604e+01  1.220000e+01
     vertex  5.081955e+01  1.654589e+01  1.220000e+01
     vertex  5.098853e+01  6.871544e+00  1.220000e+01
   endloop
 endfacet
 facet normal  0.000000e+00  0.000000e+00  1.000000e+00
   outer loop
     vertex  5.086233e+01  1.653604e+01  1.220000e+01
     vertex  5.098853e+01  6.871544e+00  1.220000e+01
     vertex  5.100978e+01  6.877056e+00  1.220000e+01
   endloop
 endfacet
 facet normal  0.000000e+00  0.000000e+00  1.000000e+00
   outer loop
     vertex  4.963376e+01  1.777307e+01  1.220000e+01
     vertex  0.000000e+00  2.420000e+01  1.220000e+01
     vertex  0.000000e+00  0.000000e+00  1.220000e+01
   endloop
 endfacet
 facet normal  0.000000e+00  0.000000e+00  1.000000e+00
   outer loop
     vertex  4.963376e+01  1.777307e+01  1.220000e+01
     vertex  0.000000e+00  0.000000e+00  1.220000e+01
     vertex  4.964332e+01  1.773022e+01  1.220000e+01
   endloop
 endfacet
 facet normal  0.000000e+00  0.000000e+00  1.000000e+00
   outer loop
     vertex  5.090537e+01  1.652736e+01  1.220000e+01
     vertex  5.086233e+01  1.653604e+01  1.220000e+01
     vertex  5.100978e+01  6.877056e+00  1.220000e+01
   endloop
 endfacet
 facet normal  0.000000e+00  0.000000e+00  1.000000e+00
   outer loop
     vertex  5.090537e+01  1.652736e+01  1.220000e+01
     vertex  5.103117e+01  6.881982e+00  1.220000e+01
     vertex  5.105268e+01  6.886319e+00  1.220000e+01
   endloop
 endfacet
 facet normal  0.000000e+00  0.000000e+00  1.000000e+00
   outer loop
     vertex  5.090537e+01  1.652736e+01  1.220000e+01
     vertex  5.100978e+01  6.877056e+00  1.220000e+01
     vertex  5.103117e+01  6.881982e+00  1.220000e+01
   endloop
 endfacet
 facet normal  0.000000e+00  0.000000e+00  1.000000e+00
   outer loop
     vertex  4.962538e+01  1.781616e+01  1.220000e+01
     vertex  0.000000e+00  2.420000e+01  1.220000e+01
     vertex  4.963376e+01  1.777307e+01  1.220000e+01
   endloop
 endfacet
 facet normal  0.000000e+00  0.000000e+00  1.000000e+00
   outer loop
     vertex  5.094862e+01  1.651987e+01  1.220000e+01
     vertex  5.090537e+01  1.652736e+01  1.220000e+01
     vertex  5.105268e+01  6.886319e+00  1.220000e+01
   endloop
 endfacet
 facet normal  0.000000e+00  0.000000e+00  1.000000e+00
   outer loop
     vertex  5.094862e+01  1.651987e+01  1.220000e+01
     vertex  5.105268e+01  6.886319e+00  1.220000e+01
     vertex  5.107431e+01  6.890065e+00  1.220000e+01
   endloop
 endfacet
 facet normal  0.000000e+00  0.000000e+00  1.000000e+00
   outer loop
     vertex  4.961818e+01  1.785947e+01  1.220000e+01
     vertex  0.000000e+00  2.420000e+01  1.220000e+01
     vertex  4.962538e+01  1.781616e+01  1.220000e+01
   endloop
 endfacet
 facet normal  0.000000e+00  0.000000e+00  1.000000e+00
   outer loop
     vertex  5.099206e+01  1.651357e+01  1.220000e+01
     vertex  5.094862e+01  1.651987e+01  1.220000e+01
     vertex  5.107431e+01  6.890065e+00  1.220000e+01
   endloop
 endfacet
 facet normal  0.000000e+00  0.000000e+00  1.000000e+00
   outer loop
     vertex  5.099206e+01  1.651357e+01  1.220000e+01
     vertex  5.107431e+01  6.890065e+00  1.220000e+01
     vertex  5.109603e+01  6.893215e+00  1.220000e+01
   endloop
 endfacet
 facet normal  0.000000e+00  0.000000e+00  1.000000e+00
   outer loop
     vertex  4.961218e+01  1.790295e+01  1.220000e+01
     vertex  0.000000e+00  2.420000e+01  1.220000e+01
     vertex  4.961818e+01  1.785947e+01  1.220000e+01
   endloop
 endfacet
 facet normal  0.000000e+00  0.000000e+00  1.000000e+00
   outer loop
     vertex  5.103567e+01  1.650846e+01  1.220000e+01
     vertex  5.099206e+01  1.651357e+01  1.220000e+01
     vertex  5.109603e+01  6.893215e+00  1.220000e+01
   endloop
 endfacet
 facet normal  0.000000e+00  0.000000e+00  1.000000e+00
   outer loop
     vertex  5.103567e+01  1.650846e+01  1.220000e+01
     vertex  5.109603e+01  6.893215e+00  1.220000e+01
     vertex  5.111783e+01  6.895769e+00  1.220000e+01
   endloop
 endfacet
 facet normal  0.000000e+00  0.000000e+00  1.000000e+00
   outer loop
     vertex  4.960737e+01  1.794659e+01  1.220000e+01
     vertex  0.000000e+00  2.420000e+01  1.220000e+01
     vertex  4.961218e+01  1.790295e+01  1.220000e+01
   endloop
 endfacet
 facet normal  0.000000e+00  0.000000e+00  1.000000e+00
   outer loop
     vertex  5.107939e+01  1.650455e+01  1.220000e+01
     vertex  5.103567e+01  1.650846e+01  1.220000e+01
     vertex  5.111783e+01  6.895769e+00  1.220000e+01
   endloop
 endfacet
 facet normal  0.000000e+00  0.000000e+00  1.000000e+00
   outer loop
     vertex  5.107939e+01  1.650455e+01  1.220000e+01
     vertex  5.111783e+01  6.895769e+00  1.220000e+01
     vertex  5.113969e+01  6.897724e+00  1.220000e+01
   endloop
 endfacet
 facet normal  0.000000e+00  0.000000e+00  1.000000e+00
   outer loop
     vertex  4.960376e+01  1.799034e+01  1.220000e+01
     vertex  0.000000e+00  2.420000e+01  1.220000e+01
     vertex  4.960737e+01  1.794659e+01  1.220000e+01
   endloop
 endfacet
 facet normal  0.000000e+00  0.000000e+00  1.000000e+00
   outer loop
     vertex  5.112320e+01  1.650184e+01  1.220000e+01
     vertex  5.107939e+01  1.650455e+01  1.220000e+01
     vertex  5.113969e+01  6.897724e+00  1.220000e+01
   endloop
 endfacet
 facet normal  0.000000e+00  0.000000e+00  1.000000e+00
   outer loop
     vertex  5.112320e+01  1.650184e+01  1.220000e+01
     vertex  5.113969e+01  6.897724e+00  1.220000e+01
     vertex  5.116160e+01  6.899078e+00  1.220000e+01
   endloop
 endfacet
 facet normal  0.000000e+00  0.000000e+00  1.000000e+00
   outer loop
     vertex  4.960135e+01  1.803417e+01  1.220000e+01
     vertex  0.000000e+00  2.420000e+01  1.220000e+01
     vertex  4.960376e+01  1.799034e+01  1.220000e+01
   endloop
 endfacet
 facet normal  0.000000e+00  0.000000e+00  1.000000e+00
   outer loop
     vertex  5.116708e+01  1.650034e+01  1.220000e+01
     vertex  5.112320e+01  1.650184e+01  1.220000e+01
     vertex  5.116160e+01  6.899078e+00  1.220000e+01
   endloop
 endfacet
 facet normal  0.000000e+00  0.000000e+00  1.000000e+00
   outer loop
     vertex  5.116708e+01  1.650034e+01  1.220000e+01
     vertex  5.116160e+01  6.899078e+00  1.220000e+01
     vertex  5.118354e+01  6.899831e+00  1.220000e+01
   endloop
 endfacet
 facet normal  0.000000e+00  0.000000e+00  1.000000e+00
   outer loop
     vertex  4.960015e+01  1.807805e+01  1.220000e+01
     vertex  0.000000e+00  2.420000e+01  1.220000e+01
     vertex  4.960135e+01  1.803417e+01  1.220000e+01
   endloop
 endfacet
 facet normal  0.000000e+00  0.000000e+00  1.000000e+00
   outer loop
     vertex  5.121097e+01  1.650004e+01  1.220000e+01
     vertex  5.116708e+01  1.650034e+01  1.220000e+01
     vertex  5.118354e+01  6.899831e+00  1.220000e+01
   endloop
 endfacet
 facet normal  0.000000e+00  0.000000e+00  1.000000e+00
   outer loop
     vertex  5.121097e+01  1.650004e+01  1.220000e+01
     vertex  5.120549e+01  6.899981e+00  1.220000e+01
     vertex  5.122743e+01  6.899530e+00  1.220000e+01
   endloop
 endfacet
 facet normal  0.000000e+00  0.000000e+00  1.000000e+00
   outer loop
     vertex  5.121097e+01  1.650004e+01  1.220000e+01
     vertex  5.118354e+01  6.899831e+00  1.220000e+01
     vertex  5.120549e+01  6.899981e+00  1.220000e+01
   endloop
 endfacet
 facet normal  0.000000e+00  0.000000e+00  1.000000e+00
   outer loop
     vertex  4.960015e+01  1.812195e+01  1.220000e+01
     vertex  0.000000e+00  2.420000e+01  1.220000e+01
     vertex  4.960015e+01  1.807805e+01  1.220000e+01
   endloop
 endfacet
 facet normal  0.000000e+00  0.000000e+00  1.000000e+00
   outer loop
     vertex  5.125486e+01  1.650094e+01  1.220000e+01
     vertex  5.121097e+01  1.650004e+01  1.220000e+01
     vertex  5.122743e+01  6.899530e+00  1.220000e+01
   endloop
 endfacet
 facet normal  0.000000e+00  0.000000e+00  1.000000e+00
   outer loop
     vertex  5.125486e+01  1.650094e+01  1.220000e+01
     vertex  5.122743e+01  6.899530e+00  1.220000e+01
     vertex  5.124936e+01  6.898476e+00  1.220000e+01
   endloop
 endfacet
 facet normal  0.000000e+00  0.000000e+00  1.000000e+00
   outer loop
     vertex  4.960135e+01  1.816583e+01  1.220000e+01
     vertex  0.000000e+00  2.420000e+01  1.220000e+01
     vertex  4.960015e+01  1.812195e+01  1.220000e+01
   endloop
 endfacet
 facet normal  0.000000e+00  0.000000e+00  1.000000e+00
   outer loop
     vertex  5.129871e+01  1.650305e+01  1.220000e+01
     vertex  5.125486e+01  1.650094e+01  1.220000e+01
     vertex  5.124936e+01  6.898476e+00  1.220000e+01
   endloop
 endfacet
 facet normal  0.000000e+00  0.000000e+00  1.000000e+00
   outer loop
     vertex  5.129871e+01  1.650305e+01  1.220000e+01
     vertex  5.124936e+01  6.898476e+00  1.220000e+01
     vertex  5.127124e+01  6.896821e+00  1.220000e+01
   endloop
 endfacet
 facet normal  0.000000e+00  0.000000e+00  1.000000e+00
   outer loop
     vertex  4.960376e+01  1.820966e+01  1.220000e+01
     vertex  0.000000e+00  2.420000e+01  1.220000e+01
     vertex  4.960135e+01  1.816583e+01  1.220000e+01
   endloop
 endfacet
 facet normal  0.000000e+00  0.000000e+00  1.000000e+00
   outer loop
     vertex  5.134249e+01  1.650636e+01  1.220000e+01
     vertex  5.129871e+01  1.650305e+01  1.220000e+01
     vertex  5.127124e+01  6.896821e+00  1.220000e+01
   endloop
 endfacet
 facet normal  0.000000e+00  0.000000e+00  1.000000e+00
   outer loop
     vertex  5.134249e+01  1.650636e+01  1.220000e+01
     vertex  5.127124e+01  6.896821e+00  1.220000e+01
     vertex  5.129308e+01  6.894567e+00  1.220000e+01
   endloop
 endfacet
 facet normal  0.000000e+00  0.000000e+00  1.000000e+00
   outer loop
     vertex  4.960737e+01  1.825341e+01  1.220000e+01
     vertex  0.000000e+00  2.420000e+01  1.220000e+01
     vertex  4.960376e+01  1.820966e+01  1.220000e+01
   endloop
 endfacet
 facet normal  0.000000e+00  0.000000e+00  1.000000e+00
   outer loop
     vertex  5.138615e+01  1.651087e+01  1.220000e+01
     vertex  5.134249e+01  1.650636e+01  1.220000e+01
     vertex  5.129308e+01  6.894567e+00  1.220000e+01
   endloop
 endfacet
 facet normal  0.000000e+00  0.000000e+00  1.000000e+00
   outer loop
     vertex  5.138615e+01  1.651087e+01  1.220000e+01
     vertex  5.129308e+01  6.894567e+00  1.220000e+01
     vertex  5.131484e+01  6.891715e+00  1.220000e+01
   endloop
 endfacet
 facet normal  0.000000e+00  0.000000e+00  1.000000e+00
   outer loop
     vertex  4.961218e+01  1.829705e+01  1.220000e+01
     vertex  0.000000e+00  2.420000e+01  1.220000e+01
     vertex  4.960737e+01  1.825341e+01  1.220000e+01
   endloop
 endfacet
 facet normal  0.000000e+00  0.000000e+00  1.000000e+00
   outer loop
     vertex  5.142968e+01  1.651657e+01  1.220000e+01
     vertex  5.138615e+01  1.651087e+01  1.220000e+01
     vertex  5.131484e+01  6.891715e+00  1.220000e+01
   endloop
 endfacet
 facet normal  0.000000e+00  0.000000e+00  1.000000e+00
   outer loop
     vertex  5.142968e+01  1.651657e+01  1.220000e+01
     vertex  5.131484e+01  6.891715e+00  1.220000e+01
     vertex  5.133652e+01  6.888266e+00  1.220000e+01
   endloop
 endfacet
 facet normal  0.000000e+00  0.000000e+00  1.000000e+00
   outer loop
     vertex  4.961818e+01  1.834053e+01  1.220000e+01
     vertex  0.000000e+00  2.420000e+01  1.220000e+01
     vertex  4.961218e+01  1.829705e+01  1.220000e+01
   endloop
 endfacet
 facet normal  0.000000e+00  0.000000e+00  1.000000e+00
   outer loop
     vertex  5.147303e+01  1.652347e+01  1.220000e+01
     vertex  5.133652e+01  6.888266e+00  1.220000e+01
     vertex  5.135809e+01  6.884224e+00  1.220000e+01
   endloop
 endfacet
 facet normal  0.000000e+00  0.000000e+00  1.000000e+00
   outer loop
     vertex  5.147303e+01  1.652347e+01  1.220000e+01
     vertex  5.142968e+01  1.651657e+01  1.220000e+01
     vertex  5.133652e+01  6.888266e+00  1.220000e+01
   endloop
 endfacet
 facet normal  0.000000e+00  0.000000e+00  1.000000e+00
   outer loop
     vertex  4.962538e+01  1.838384e+01  1.220000e+01
     vertex  0.000000e+00  2.420000e+01  1.220000e+01
     vertex  4.961818e+01  1.834053e+01  1.220000e+01
   endloop
 endfacet
 facet normal  0.000000e+00  0.000000e+00  1.000000e+00
   outer loop
     vertex  5.151618e+01  1.653155e+01  1.220000e+01
     vertex  5.137954e+01  6.879592e+00  1.220000e+01
     vertex  5.140086e+01  6.874373e+00  1.220000e+01
   endloop
 endfacet
 facet normal  0.000000e+00  0.000000e+00  1.000000e+00
   outer loop
     vertex  5.151618e+01  1.653155e+01  1.220000e+01
     vertex  5.135809e+01  6.884224e+00  1.220000e+01
     vertex  5.137954e+01  6.879592e+00  1.220000e+01
   endloop
 endfacet
 facet normal  0.000000e+00  0.000000e+00  1.000000e+00
   outer loop
     vertex  5.151618e+01  1.653155e+01  1.220000e+01
     vertex  5.147303e+01  1.652347e+01  1.220000e+01
     vertex  5.135809e+01  6.884224e+00  1.220000e+01
   endloop
 endfacet
 facet normal  0.000000e+00  0.000000e+00  1.000000e+00
   outer loop
     vertex  4.963376e+01  1.842693e+01  1.220000e+01
     vertex  0.000000e+00  2.420000e+01  1.220000e+01
     vertex  4.962538e+01  1.838384e+01  1.220000e+01
   endloop
 endfacet
 facet normal  0.000000e+00  0.000000e+00  1.000000e+00
   outer loop
     vertex  5.155909e+01  1.654082e+01  1.220000e+01
     vertex  5.140086e+01  6.874373e+00  1.220000e+01
     vertex  5.142203e+01  6.868571e+00  1.220000e+01
   endloop
 endfacet
 facet normal  0.000000e+00  0.000000e+00  1.000000e+00
   outer loop
     vertex  5.155909e+01  1.654082e+01  1.220000e+01
     vertex  5.151618e+01  1.653155e+01  1.220000e+01
     vertex  5.140086e+01  6.874373e+00  1.220000e+01
   endloop
 endfacet
 facet normal  0.000000e+00  0.000000e+00  1.000000e+00
   outer loop
     vertex  4.964332e+01  1.846978e+01  1.220000e+01
     vertex  0.000000e+00  2.420000e+01  1.220000e+01
     vertex  4.963376e+01  1.842693e+01  1.220000e+01
   endloop
 endfacet
 facet normal  0.000000e+00  0.000000e+00  1.000000e+00
   outer loop
     vertex  5.160173e+01  1.655125e+01  1.220000e+01
     vertex  5.142203e+01  6.868571e+00  1.220000e+01
     vertex  5.144303e+01  6.862190e+00  1.220000e+01
   endloop
 endfacet
 facet normal  0.000000e+00  0.000000e+00  1.000000e+00
   outer loop
     vertex  5.160173e+01  1.655125e+01  1.220000e+01
     vertex  5.155909e+01  1.654082e+01  1.220000e+01
     vertex  5.142203e+01  6.868571e+00  1.220000e+01
   endloop
 endfacet
 facet normal  0.000000e+00  0.000000e+00  1.000000e+00
   outer loop
     vertex  4.965405e+01  1.851234e+01  1.220000e+01
     vertex  0.000000e+00  2.420000e+01  1.220000e+01
     vertex  4.964332e+01  1.846978e+01  1.220000e+01
   endloop
 endfacet
 facet normal  0.000000e+00  0.000000e+00  1.000000e+00
   outer loop
     vertex  5.164407e+01  1.656286e+01  1.220000e+01
     vertex  5.160173e+01  1.655125e+01  1.220000e+01
     vertex  5.144303e+01  6.862190e+00  1.220000e+01
   endloop
 endfacet
 facet normal  0.000000e+00  0.000000e+00  1.000000e+00
   outer loop
     vertex  5.164407e+01  1.656286e+01  1.220000e+01
     vertex  5.144303e+01  6.862190e+00  1.220000e+01
     vertex  5.146385e+01  6.855236e+00  1.220000e+01
   endloop
 endfacet
 facet normal  0.000000e+00  0.000000e+00  1.000000e+00
   outer loop
     vertex  4.966594e+01  1.855460e+01  1.220000e+01
     vertex  0.000000e+00  2.420000e+01  1.220000e+01
     vertex  4.965405e+01  1.851234e+01  1.220000e+01
   endloop
 endfacet
 facet normal  0.000000e+00  0.000000e+00  1.000000e+00
   outer loop
     vertex  5.168607e+01  1.657562e+01  1.220000e+01
     vertex  5.164407e+01  1.656286e+01  1.220000e+01
     vertex  5.146385e+01  6.855236e+00  1.220000e+01
   endloop
 endfacet
 facet normal  0.000000e+00  0.000000e+00  1.000000e+00
   outer loop
     vertex  5.168607e+01  1.657562e+01  1.220000e+01
     vertex  5.146385e+01  6.855236e+00  1.220000e+01
     vertex  5.148447e+01  6.847713e+00  1.220000e+01
   endloop
 endfacet
 facet normal  0.000000e+00  0.000000e+00  1.000000e+00
   outer loop
     vertex  4.967899e+01  1.859651e+01  1.220000e+01
     vertex  0.000000e+00  2.420000e+01  1.220000e+01
     vertex  4.966594e+01  1.855460e+01  1.220000e+01
   endloop
 endfacet
 facet normal  0.000000e+00  0.000000e+00  1.000000e+00
   outer loop
     vertex  5.172771e+01  1.658953e+01  1.220000e+01
     vertex  5.168607e+01  1.657562e+01  1.220000e+01
     vertex  5.148447e+01  6.847713e+00  1.220000e+01
   endloop
 endfacet
 facet normal  0.000000e+00  0.000000e+00  1.000000e+00
   outer loop
     vertex  5.172771e+01  1.658953e+01  1.220000e+01
     vertex  5.148447e+01  6.847713e+00  1.220000e+01
     vertex  5.150488e+01  6.839628e+00  1.220000e+01
   endloop
 endfacet
 facet normal  0.000000e+00  0.000000e+00  1.000000e+00
   outer loop
     vertex  4.969318e+01  1.863805e+01  1.220000e+01
     vertex  0.000000e+00  2.420000e+01  1.220000e+01
     vertex  4.967899e+01  1.859651e+01  1.220000e+01
   endloop
 endfacet
 facet normal  0.000000e+00  0.000000e+00  1.000000e+00
   outer loop
     vertex  5.176895e+01  1.660457e+01  1.220000e+01
     vertex  5.150488e+01  6.839628e+00  1.220000e+01
     vertex  5.152506e+01  6.830985e+00  1.220000e+01
   endloop
 endfacet
 facet normal  0.000000e+00  0.000000e+00  1.000000e+00
   outer loop
     vertex  5.176895e+01  1.660457e+01  1.220000e+01
     vertex  5.172771e+01  1.658953e+01  1.220000e+01
     vertex  5.150488e+01  6.839628e+00  1.220000e+01
   endloop
 endfacet
 facet normal  0.000000e+00  0.000000e+00  1.000000e+00
   outer loop
     vertex  4.970851e+01  1.867919e+01  1.220000e+01
     vertex  0.000000e+00  2.420000e+01  1.220000e+01
     vertex  4.969318e+01  1.863805e+01  1.220000e+01
   endloop
 endfacet
 facet normal  0.000000e+00  0.000000e+00  1.000000e+00
   outer loop
     vertex  5.180976e+01  1.662074e+01  1.220000e+01
     vertex  5.176895e+01  1.660457e+01  1.220000e+01
     vertex  5.152506e+01  6.830985e+00  1.220000e+01
   endloop
 endfacet
 facet normal  0.000000e+00  0.000000e+00  1.000000e+00
   outer loop
     vertex  5.180976e+01  1.662074e+01  1.220000e+01
     vertex  5.154499e+01  6.821792e+00  1.220000e+01
     vertex  5.156466e+01  6.812056e+00  1.220000e+01
   endloop
 endfacet
 facet normal  0.000000e+00  0.000000e+00  1.000000e+00
   outer loop
     vertex  5.180976e+01  1.662074e+01  1.220000e+01
     vertex  5.152506e+01  6.830985e+00  1.220000e+01
     vertex  5.154499e+01  6.821792e+00  1.220000e+01
   endloop
 endfacet
 facet normal  0.000000e+00  0.000000e+00  1.000000e+00
   outer loop
     vertex  4.972496e+01  1.871989e+01  1.220000e+01
     vertex  0.000000e+00  2.420000e+01  1.220000e+01
     vertex  4.970851e+01  1.867919e+01  1.220000e+01
   endloop
 endfacet
 facet normal  0.000000e+00  0.000000e+00  1.000000e+00
   outer loop
     vertex  5.185011e+01  1.663803e+01  1.220000e+01
     vertex  5.156466e+01  6.812056e+00  1.220000e+01
     vertex  5.158406e+01  6.801784e+00  1.220000e+01
   endloop
 endfacet
 facet normal  0.000000e+00  0.000000e+00  1.000000e+00
   outer loop
     vertex  5.185011e+01  1.663803e+01  1.220000e+01
     vertex  5.180976e+01  1.662074e+01  1.220000e+01
     vertex  5.156466e+01  6.812056e+00  1.220000e+01
   endloop
 endfacet
 facet normal  0.000000e+00  0.000000e+00  1.000000e+00
   outer loop
     vertex  4.974252e+01  1.876012e+01  1.220000e+01
     vertex  0.000000e+00  2.420000e+01  1.220000e+01
     vertex  4.972496e+01  1.871989e+01  1.220000e+01
   endloop
 endfacet
 facet normal  0.000000e+00  0.000000e+00  1.000000e+00
   outer loop
     vertex  5.188997e+01  1.665642e+01  1.220000e+01
     vertex  5.185011e+01  1.663803e+01  1.220000e+01
     vertex  5.158406e+01  6.801784e+00  1.220000e+01
   endloop
 endfacet
 facet normal  0.000000e+00  0.000000e+00  1.000000e+00
   outer loop
     vertex  5.188997e+01  1.665642e+01  1.220000e+01
     vertex  5.158406e+01  6.801784e+00  1.220000e+01
     vertex  5.160316e+01  6.790984e+00  1.220000e+01
   endloop
 endfacet
 facet normal  0.000000e+00  0.000000e+00  1.000000e+00
   outer loop
     vertex  4.976118e+01  1.879986e+01  1.220000e+01
     vertex  0.000000e+00  2.420000e+01  1.220000e+01
     vertex  4.974252e+01  1.876012e+01  1.220000e+01
   endloop
 endfacet
 facet normal  0.000000e+00  0.000000e+00  1.000000e+00
   outer loop
     vertex  5.192932e+01  1.667589e+01  1.220000e+01
     vertex  5.160316e+01  6.790984e+00  1.220000e+01
     vertex  5.162197e+01  6.779663e+00  1.220000e+01
   endloop
 endfacet
 facet normal  0.000000e+00  0.000000e+00  1.000000e+00
   outer loop
     vertex  5.192932e+01  1.667589e+01  1.220000e+01
     vertex  5.188997e+01  1.665642e+01  1.220000e+01
     vertex  5.160316e+01  6.790984e+00  1.220000e+01
   endloop
 endfacet
 facet normal  0.000000e+00  0.000000e+00  1.000000e+00
   outer loop
     vertex  4.978092e+01  1.883907e+01  1.220000e+01
     vertex  0.000000e+00  2.420000e+01  1.220000e+01
     vertex  4.976118e+01  1.879986e+01  1.220000e+01
   endloop
 endfacet
 facet normal  0.000000e+00  0.000000e+00  1.000000e+00
   outer loop
     vertex  5.196811e+01  1.669643e+01  1.220000e+01
     vertex  5.162197e+01  6.779663e+00  1.220000e+01
     vertex  5.164046e+01  6.767831e+00  1.220000e+01
   endloop
 endfacet
 facet normal  0.000000e+00  0.000000e+00  1.000000e+00
   outer loop
     vertex  5.196811e+01  1.669643e+01  1.220000e+01
     vertex  5.192932e+01  1.667589e+01  1.220000e+01
     vertex  5.162197e+01  6.779663e+00  1.220000e+01
   endloop
 endfacet
 facet normal  0.000000e+00  0.000000e+00  1.000000e+00
   outer loop
     vertex  4.980173e+01  1.887772e+01  1.220000e+01
     vertex  0.000000e+00  2.420000e+01  1.220000e+01
     vertex  4.978092e+01  1.883907e+01  1.220000e+01
   endloop
 endfacet
 facet normal  0.000000e+00  0.000000e+00  1.000000e+00
   outer loop
     vertex  5.200633e+01  1.671803e+01  1.220000e+01
     vertex  5.196811e+01  1.669643e+01  1.220000e+01
     vertex  5.164046e+01  6.767831e+00  1.220000e+01
   endloop
 endfacet
 facet normal  0.000000e+00  0.000000e+00  1.000000e+00
   outer loop
     vertex  5.200633e+01  1.671803e+01  1.220000e+01
     vertex  5.164046e+01  6.767831e+00  1.220000e+01
     vertex  5.165861e+01  6.755496e+00  1.220000e+01
   endloop
 endfacet
 facet normal  0.000000e+00  0.000000e+00  1.000000e+00
   outer loop
     vertex  4.982360e+01  1.891579e+01  1.220000e+01
     vertex  0.000000e+00  2.420000e+01  1.220000e+01
     vertex  4.980173e+01  1.887772e+01  1.220000e+01
   endloop
 endfacet
 facet normal  0.000000e+00  0.000000e+00  1.000000e+00
   outer loop
     vertex  5.204394e+01  1.674067e+01  1.220000e+01
     vertex  5.200633e+01  1.671803e+01  1.220000e+01
     vertex  5.165861e+01  6.755496e+00  1.220000e+01
   endloop
 endfacet
 facet normal  0.000000e+00  0.000000e+00  1.000000e+00
   outer loop
     vertex  5.204394e+01  1.674067e+01  1.220000e+01
     vertex  5.165861e+01  6.755496e+00  1.220000e+01
     vertex  5.167642e+01  6.742668e+00  1.220000e+01
   endloop
 endfacet
 facet normal  0.000000e+00  0.000000e+00  1.000000e+00
   outer loop
     vertex  4.984649e+01  1.895324e+01  1.220000e+01
     vertex  0.000000e+00  2.420000e+01  1.220000e+01
     vertex  4.982360e+01  1.891579e+01  1.220000e+01
   endloop
 endfacet
 facet normal  0.000000e+00  0.000000e+00  1.000000e+00
   outer loop
     vertex  5.208091e+01  1.676434e+01  1.220000e+01
     vertex  5.204394e+01  1.674067e+01  1.220000e+01
     vertex  5.167642e+01  6.742668e+00  1.220000e+01
   endloop
 endfacet
 facet normal  0.000000e+00  0.000000e+00  1.000000e+00
   outer loop
     vertex  5.208091e+01  1.676434e+01  1.220000e+01
     vertex  5.167642e+01  6.742668e+00  1.220000e+01
     vertex  5.169387e+01  6.729356e+00  1.220000e+01
   endloop
 endfacet
 facet normal  0.000000e+00  0.000000e+00  1.000000e+00
   outer loop
     vertex  4.987041e+01  1.899005e+01  1.220000e+01
     vertex  0.000000e+00  2.420000e+01  1.220000e+01
     vertex  4.984649e+01  1.895324e+01  1.220000e+01
   endloop
 endfacet
 facet normal  0.000000e+00  0.000000e+00  1.000000e+00
   outer loop
     vertex  5.211722e+01  1.678901e+01  1.220000e+01
     vertex  5.208091e+01  1.676434e+01  1.220000e+01
     vertex  5.169387e+01  6.729356e+00  1.220000e+01
   endloop
 endfacet
 facet normal  0.000000e+00  0.000000e+00  1.000000e+00
   outer loop
     vertex  5.211722e+01  1.678901e+01  1.220000e+01
     vertex  5.171095e+01  6.715570e+00  1.220000e+01
     vertex  5.172765e+01  6.701321e+00  1.220000e+01
   endloop
 endfacet
 facet normal  0.000000e+00  0.000000e+00  1.000000e+00
   outer loop
     vertex  5.211722e+01  1.678901e+01  1.220000e+01
     vertex  5.169387e+01  6.729356e+00  1.220000e+01
     vertex  5.171095e+01  6.715570e+00  1.220000e+01
   endloop
 endfacet
 facet normal  0.000000e+00  0.000000e+00  1.000000e+00
   outer loop
     vertex  4.989533e+01  1.902619e+01  1.220000e+01
     vertex  0.000000e+00  2.420000e+01  1.220000e+01
     vertex  4.987041e+01  1.899005e+01  1.220000e+01
   endloop
 endfacet
 facet normal  0.000000e+00  0.000000e+00  1.000000e+00
   outer loop
     vertex  5.215284e+01  1.681466e+01  1.220000e+01
     vertex  5.211722e+01  1.678901e+01  1.220000e+01
     vertex  5.172765e+01  6.701321e+00  1.220000e+01
   endloop
 endfacet
 facet normal  0.000000e+00  0.000000e+00  1.000000e+00
   outer loop
     vertex  5.215284e+01  1.681466e+01  1.220000e+01
     vertex  5.172765e+01  6.701321e+00  1.220000e+01
     vertex  5.174395e+01  6.686619e+00  1.220000e+01
   endloop
 endfacet
 facet normal  0.000000e+00  0.000000e+00  1.000000e+00
   outer loop
     vertex  4.992123e+01  1.906164e+01  1.220000e+01
     vertex  0.000000e+00  2.420000e+01  1.220000e+01
     vertex  4.989533e+01  1.902619e+01  1.220000e+01
   endloop
 endfacet
 facet normal  0.000000e+00  0.000000e+00  1.000000e+00
   outer loop
     vertex  5.218775e+01  1.684129e+01  1.220000e+01
     vertex  5.215284e+01  1.681466e+01  1.220000e+01
     vertex  5.174395e+01  6.686619e+00  1.220000e+01
   endloop
 endfacet
 facet normal  0.000000e+00  0.000000e+00  1.000000e+00
   outer loop
     vertex  5.218775e+01  1.684129e+01  1.220000e+01
     vertex  5.174395e+01  6.686619e+00  1.220000e+01
     vertex  5.175984e+01  6.671476e+00  1.220000e+01
   endloop
 endfacet
 facet normal  0.000000e+00  0.000000e+00  1.000000e+00
   outer loop
     vertex  4.994809e+01  1.909636e+01  1.220000e+01
     vertex  0.000000e+00  2.420000e+01  1.220000e+01
     vertex  4.992123e+01  1.906164e+01  1.220000e+01
   endloop
 endfacet
 facet normal  0.000000e+00  0.000000e+00  1.000000e+00
   outer loop
     vertex  5.222191e+01  1.686886e+01  1.220000e+01
     vertex  5.218775e+01  1.684129e+01  1.220000e+01
     vertex  5.175984e+01  6.671476e+00  1.220000e+01
   endloop
 endfacet
 facet normal  0.000000e+00  0.000000e+00  1.000000e+00
   outer loop
     vertex  5.222191e+01  1.686886e+01  1.220000e+01
     vertex  5.175984e+01  6.671476e+00  1.220000e+01
     vertex  5.177530e+01  6.655902e+00  1.220000e+01
   endloop
 endfacet
 facet normal  0.000000e+00  0.000000e+00  1.000000e+00
   outer loop
     vertex  4.997590e+01  1.913033e+01  1.220000e+01
     vertex  0.000000e+00  2.420000e+01  1.220000e+01
     vertex  4.994809e+01  1.909636e+01  1.220000e+01
   endloop
 endfacet
 facet normal  0.000000e+00  0.000000e+00  1.000000e+00
   outer loop
     vertex  5.225530e+01  1.689736e+01  1.220000e+01
     vertex  5.177530e+01  6.655902e+00  1.220000e+01
     vertex  5.179034e+01  6.639910e+00  1.220000e+01
   endloop
 endfacet
 facet normal  0.000000e+00  0.000000e+00  1.000000e+00
   outer loop
     vertex  5.225530e+01  1.689736e+01  1.220000e+01
     vertex  5.222191e+01  1.686886e+01  1.220000e+01
     vertex  5.177530e+01  6.655902e+00  1.220000e+01
   endloop
 endfacet
 facet normal  0.000000e+00  0.000000e+00  1.000000e+00
   outer loop
     vertex  5.000462e+01  1.916352e+01  1.220000e+01
     vertex  0.000000e+00  2.420000e+01  1.220000e+01
     vertex  4.997590e+01  1.913033e+01  1.220000e+01
   endloop
 endfacet
 facet normal  0.000000e+00  0.000000e+00  1.000000e+00
   outer loop
     vertex  5.228789e+01  1.692676e+01  1.220000e+01
     vertex  5.179034e+01  6.639910e+00  1.220000e+01
     vertex  5.180493e+01  6.623511e+00  1.220000e+01
   endloop
 endfacet
 facet normal  0.000000e+00  0.000000e+00  1.000000e+00
   outer loop
     vertex  5.228789e+01  1.692676e+01  1.220000e+01
     vertex  5.225530e+01  1.689736e+01  1.220000e+01
     vertex  5.179034e+01  6.639910e+00  1.220000e+01
   endloop
 endfacet
 facet normal  0.000000e+00  0.000000e+00  1.000000e+00
   outer loop
     vertex  5.003425e+01  1.919592e+01  1.220000e+01
     vertex  0.000000e+00  2.420000e+01  1.220000e+01
     vertex  5.000462e+01  1.916352e+01  1.220000e+01
   endloop
 endfacet
 facet normal  0.000000e+00  0.000000e+00  1.000000e+00
   outer loop
     vertex  5.231967e+01  1.695705e+01  1.220000e+01
     vertex  5.228789e+01  1.692676e+01  1.220000e+01
     vertex  5.180493e+01  6.623511e+00  1.220000e+01
   endloop
 endfacet
 facet normal  0.000000e+00  0.000000e+00  1.000000e+00
   outer loop
     vertex  5.231967e+01  1.695705e+01  1.220000e+01
     vertex  5.180493e+01  6.623511e+00  1.220000e+01
     vertex  5.181906e+01  6.606719e+00  1.220000e+01
   endloop
 endfacet
 facet normal  0.000000e+00  0.000000e+00  1.000000e+00
   outer loop
     vertex  5.006476e+01  1.922748e+01  1.220000e+01
     vertex  0.000000e+00  2.420000e+01  1.220000e+01
     vertex  5.003425e+01  1.919592e+01  1.220000e+01
   endloop
 endfacet
 facet normal  0.000000e+00  0.000000e+00  1.000000e+00
   outer loop
     vertex  5.235060e+01  1.698820e+01  1.220000e+01
     vertex  5.181906e+01  6.606719e+00  1.220000e+01
     vertex  5.183273e+01  6.589545e+00  1.220000e+01
   endloop
 endfacet
 facet normal  0.000000e+00  0.000000e+00  1.000000e+00
   outer loop
     vertex  5.235060e+01  1.698820e+01  1.220000e+01
     vertex  5.231967e+01  1.695705e+01  1.220000e+01
     vertex  5.181906e+01  6.606719e+00  1.220000e+01
   endloop
 endfacet
 facet normal  0.000000e+00  0.000000e+00  1.000000e+00
   outer loop
     vertex  5.009611e+01  1.925820e+01  1.220000e+01
     vertex  0.000000e+00  2.420000e+01  1.220000e+01
     vertex  5.006476e+01  1.922748e+01  1.220000e+01
   endloop
 endfacet
 facet normal  0.000000e+00  0.000000e+00  1.000000e+00
   outer loop
     vertex  5.238067e+01  1.702018e+01  1.220000e+01
     vertex  5.235060e+01  1.698820e+01  1.220000e+01
     vertex  5.183273e+01  6.589545e+00  1.220000e+01
   endloop
 endfacet
 facet normal  0.000000e+00  0.000000e+00  1.000000e+00
   outer loop
     vertex  5.238067e+01  1.702018e+01  1.220000e+01
     vertex  5.183273e+01  6.589545e+00  1.220000e+01
     vertex  5.184592e+01  6.572002e+00  1.220000e+01
   endloop
 endfacet
 facet normal  0.000000e+00  0.000000e+00  1.000000e+00
   outer loop
     vertex  5.012830e+01  1.928805e+01  1.220000e+01
     vertex  0.000000e+00  2.420000e+01  1.220000e+01
     vertex  5.009611e+01  1.925820e+01  1.220000e+01
   endloop
 endfacet
 facet normal  0.000000e+00  0.000000e+00  1.000000e+00
   outer loop
     vertex  5.240985e+01  1.705298e+01  1.220000e+01
     vertex  5.184592e+01  6.572002e+00  1.220000e+01
     vertex  5.185863e+01  6.554104e+00  1.220000e+01
   endloop
 endfacet
 facet normal  0.000000e+00  0.000000e+00  1.000000e+00
   outer loop
     vertex  5.240985e+01  1.705298e+01  1.220000e+01
     vertex  5.238067e+01  1.702018e+01  1.220000e+01
     vertex  5.184592e+01  6.572002e+00  1.220000e+01
   endloop
 endfacet
 facet normal  0.000000e+00  0.000000e+00  1.000000e+00
   outer loop
     vertex  5.016130e+01  1.931701e+01  1.220000e+01
     vertex  0.000000e+00  2.420000e+01  1.220000e+01
     vertex  5.012830e+01  1.928805e+01  1.220000e+01
   endloop
 endfacet
 facet normal  0.000000e+00  0.000000e+00  1.000000e+00
   outer loop
     vertex  5.243812e+01  1.708656e+01  1.220000e+01
     vertex  5.185863e+01  6.554104e+00  1.220000e+01
     vertex  5.187084e+01  6.535865e+00  1.220000e+01
   endloop
 endfacet
 facet normal  0.000000e+00  0.000000e+00  1.000000e+00
   outer loop
     vertex  5.243812e+01  1.708656e+01  1.220000e+01
     vertex  5.240985e+01  1.705298e+01  1.220000e+01
     vertex  5.185863e+01  6.554104e+00  1.220000e+01
   endloop
 endfacet
 facet normal  0.000000e+00  0.000000e+00  1.000000e+00
   outer loop
     vertex  5.019508e+01  1.934504e+01  1.220000e+01
     vertex  0.000000e+00  2.420000e+01  1.220000e+01
     vertex  5.016130e+01  1.931701e+01  1.220000e+01
   endloop
 endfacet
 facet normal  0.000000e+00  0.000000e+00  1.000000e+00
   outer loop
     vertex  5.246546e+01  1.712091e+01  1.220000e+01
     vertex  5.188254e+01  6.517297e+00  1.220000e+01
     vertex  5.189373e+01  6.498415e+00  1.220000e+01
   endloop
 endfacet
 facet normal  0.000000e+00  0.000000e+00  1.000000e+00
   outer loop
     vertex  5.246546e+01  1.712091e+01  1.220000e+01
     vertex  5.187084e+01  6.535865e+00  1.220000e+01
     vertex  5.188254e+01  6.517297e+00  1.220000e+01
   endloop
 endfacet
 facet normal  0.000000e+00  0.000000e+00  1.000000e+00
   outer loop
     vertex  5.246546e+01  1.712091e+01  1.220000e+01
     vertex  5.243812e+01  1.708656e+01  1.220000e+01
     vertex  5.187084e+01  6.535865e+00  1.220000e+01
   endloop
 endfacet
 facet normal  0.000000e+00  0.000000e+00  1.000000e+00
   outer loop
     vertex  5.022961e+01  1.937214e+01  1.220000e+01
     vertex  0.000000e+00  2.420000e+01  1.220000e+01
     vertex  5.019508e+01  1.934504e+01  1.220000e+01
   endloop
 endfacet
 facet normal  0.000000e+00  0.000000e+00  1.000000e+00
   outer loop
     vertex  5.249184e+01  1.715600e+01  1.220000e+01
     vertex  5.189373e+01  6.498415e+00  1.220000e+01
     vertex  5.190440e+01  6.479233e+00  1.220000e+01
   endloop
 endfacet
 facet normal  0.000000e+00  0.000000e+00  1.000000e+00
   outer loop
     vertex  5.249184e+01  1.715600e+01  1.220000e+01
     vertex  5.246546e+01  1.712091e+01  1.220000e+01
     vertex  5.189373e+01  6.498415e+00  1.220000e+01
   endloop
 endfacet
 facet normal  0.000000e+00  0.000000e+00  1.000000e+00
   outer loop
     vertex  5.026488e+01  1.939829e+01  1.220000e+01
     vertex  0.000000e+00  2.420000e+01  1.220000e+01
     vertex  5.022961e+01  1.937214e+01  1.220000e+01
   endloop
 endfacet
 facet normal  0.000000e+00  0.000000e+00  1.000000e+00
   outer loop
     vertex  5.251725e+01  1.719179e+01  1.220000e+01
     vertex  5.249184e+01  1.715600e+01  1.220000e+01
     vertex  5.190440e+01  6.479233e+00  1.220000e+01
   endloop
 endfacet
 facet normal  0.000000e+00  0.000000e+00  1.000000e+00
   outer loop
     vertex  5.251725e+01  1.719179e+01  1.220000e+01
     vertex  5.190440e+01  6.479233e+00  1.220000e+01
     vertex  5.191454e+01  6.459766e+00  1.220000e+01
   endloop
 endfacet
 facet normal  0.000000e+00  0.000000e+00  1.000000e+00
   outer loop
     vertex  5.030085e+01  1.942345e+01  1.220000e+01
     vertex  0.000000e+00  2.420000e+01  1.220000e+01
     vertex  5.026488e+01  1.939829e+01  1.220000e+01
   endloop
 endfacet
 facet normal  0.000000e+00  0.000000e+00  1.000000e+00
   outer loop
     vertex  5.254167e+01  1.722827e+01  1.220000e+01
     vertex  5.191454e+01  6.459766e+00  1.220000e+01
     vertex  5.192414e+01  6.440027e+00  1.220000e+01
   endloop
 endfacet
 facet normal  0.000000e+00  0.000000e+00  1.000000e+00
   outer loop
     vertex  5.254167e+01  1.722827e+01  1.220000e+01
     vertex  5.251725e+01  1.719179e+01  1.220000e+01
     vertex  5.191454e+01  6.459766e+00  1.220000e+01
   endloop
 endfacet
 facet normal  0.000000e+00  0.000000e+00  1.000000e+00
   outer loop
     vertex  5.256508e+01  1.726541e+01  1.220000e+01
     vertex  5.192414e+01  6.440027e+00  1.220000e+01
     vertex  5.193320e+01  6.420033e+00  1.220000e+01
   endloop
 endfacet
 facet normal  0.000000e+00  0.000000e+00  1.000000e+00
   outer loop
     vertex  5.256508e+01  1.726541e+01  1.220000e+01
     vertex  5.193320e+01  6.420033e+00  1.220000e+01
     vertex  6.640000e+01  0.000000e+00  1.220000e+01
   endloop
 endfacet
 facet normal  0.000000e+00  0.000000e+00  1.000000e+00
   outer loop
     vertex  5.256508e+01  1.726541e+01  1.220000e+01
     vertex  5.254167e+01  1.722827e+01  1.220000e+01
     vertex  5.192414e+01  6.440027e+00  1.220000e+01
   endloop
 endfacet
 facet normal  0.000000e+00  0.000000e+00  1.000000e+00
   outer loop
     vertex  5.258747e+01  1.730317e+01  1.220000e+01
     vertex  5.256508e+01  1.726541e+01  1.220000e+01
     vertex  6.640000e+01  0.000000e+00  1.220000e+01
   endloop
 endfacet
 facet normal  0.000000e+00  0.000000e+00  1.000000e+00
   outer loop
     vertex  5.260880e+01  1.734153e+01  1.220000e+01
     vertex  5.258747e+01  1.730317e+01  1.220000e+01
     vertex  6.640000e+01  0.000000e+00  1.220000e+01
   endloop
 endfacet
 facet normal  0.000000e+00  0.000000e+00  1.000000e+00
   outer loop
     vertex  5.262908e+01  1.738047e+01  1.220000e+01
     vertex  5.260880e+01  1.734153e+01  1.220000e+01
     vertex  6.640000e+01  0.000000e+00  1.220000e+01
   endloop
 endfacet
 facet normal  0.000000e+00  0.000000e+00  1.000000e+00
   outer loop
     vertex  5.264828e+01  1.741995e+01  1.220000e+01
     vertex  5.262908e+01  1.738047e+01  1.220000e+01
     vertex  6.640000e+01  0.000000e+00  1.220000e+01
   endloop
 endfacet
 facet normal  0.000000e+00  0.000000e+00  1.000000e+00
   outer loop
     vertex  6.640000e+01  2.420000e+01  1.220000e+01
     vertex  5.279940e+01  1.814389e+01  1.220000e+01
     vertex  5.280000e+01  1.810000e+01  1.220000e+01
   endloop
 endfacet
 facet normal  0.000000e+00  0.000000e+00  1.000000e+00
   outer loop
     vertex  6.640000e+01  2.420000e+01  1.220000e+01
     vertex  5.279759e+01  1.818776e+01  1.220000e+01
     vertex  5.279940e+01  1.814389e+01  1.220000e+01
   endloop
 endfacet
 facet normal  0.000000e+00  0.000000e+00  1.000000e+00
   outer loop
     vertex  6.640000e+01  2.420000e+01  1.220000e+01
     vertex  5.279458e+01  1.823155e+01  1.220000e+01
     vertex  5.279759e+01  1.818776e+01  1.220000e+01
   endloop
 endfacet
 facet normal  0.000000e+00  0.000000e+00  1.000000e+00
   outer loop
     vertex  6.640000e+01  2.420000e+01  1.220000e+01
     vertex  5.279037e+01  1.827525e+01  1.220000e+01
     vertex  5.279458e+01  1.823155e+01  1.220000e+01
   endloop
 endfacet
 facet normal  0.000000e+00  0.000000e+00  1.000000e+00
   outer loop
     vertex  6.640000e+01  2.420000e+01  1.220000e+01
     vertex  5.278497e+01  1.831881e+01  1.220000e+01
     vertex  5.279037e+01  1.827525e+01  1.220000e+01
   endloop
 endfacet
 facet normal  0.000000e+00  0.000000e+00  1.000000e+00
   outer loop
     vertex  6.640000e+01  2.420000e+01  1.220000e+01
     vertex  5.277837e+01  1.836221e+01  1.220000e+01
     vertex  5.278497e+01  1.831881e+01  1.220000e+01
   endloop
 endfacet
 facet normal  0.000000e+00  0.000000e+00  1.000000e+00
   outer loop
     vertex  6.640000e+01  2.420000e+01  1.220000e+01
     vertex  5.277058e+01  1.840541e+01  1.220000e+01
     vertex  5.277837e+01  1.836221e+01  1.220000e+01
   endloop
 endfacet
 facet normal  0.000000e+00  0.000000e+00  1.000000e+00
   outer loop
     vertex  6.640000e+01  2.420000e+01  1.220000e+01
     vertex  5.276161e+01  1.844839e+01  1.220000e+01
     vertex  5.277058e+01  1.840541e+01  1.220000e+01
   endloop
 endfacet
 facet normal  0.000000e+00  0.000000e+00  1.000000e+00
   outer loop
     vertex  6.640000e+01  2.420000e+01  1.220000e+01
     vertex  5.275146e+01  1.849110e+01  1.220000e+01
     vertex  5.276161e+01  1.844839e+01  1.220000e+01
   endloop
 endfacet
 facet normal  0.000000e+00  0.000000e+00  1.000000e+00
   outer loop
     vertex  6.640000e+01  2.420000e+01  1.220000e+01
     vertex  5.274015e+01  1.853351e+01  1.220000e+01
     vertex  5.275146e+01  1.849110e+01  1.220000e+01
   endloop
 endfacet
 facet normal  0.000000e+00  0.000000e+00  1.000000e+00
   outer loop
     vertex  6.640000e+01  2.420000e+01  1.220000e+01
     vertex  5.272768e+01  1.857560e+01  1.220000e+01
     vertex  5.274015e+01  1.853351e+01  1.220000e+01
   endloop
 endfacet
 facet normal  0.000000e+00  0.000000e+00  1.000000e+00
   outer loop
     vertex  6.640000e+01  2.420000e+01  1.220000e+01
     vertex  5.266640e+01  1.745993e+01  1.220000e+01
     vertex  5.264828e+01  1.741995e+01  1.220000e+01
   endloop
 endfacet
 facet normal  0.000000e+00  0.000000e+00  1.000000e+00
   outer loop
     vertex  6.640000e+01  2.420000e+01  1.220000e+01
     vertex  5.271406e+01  1.861733e+01  1.220000e+01
     vertex  5.272768e+01  1.857560e+01  1.220000e+01
   endloop
 endfacet
 facet normal  0.000000e+00  0.000000e+00  1.000000e+00
   outer loop
     vertex  6.640000e+01  2.420000e+01  1.220000e+01
     vertex  5.268340e+01  1.750040e+01  1.220000e+01
     vertex  5.266640e+01  1.745993e+01  1.220000e+01
   endloop
 endfacet
 facet normal  0.000000e+00  0.000000e+00  1.000000e+00
   outer loop
     vertex  6.640000e+01  2.420000e+01  1.220000e+01
     vertex  5.269929e+01  1.865868e+01  1.220000e+01
     vertex  5.271406e+01  1.861733e+01  1.220000e+01
   endloop
 endfacet
 facet normal  0.000000e+00  0.000000e+00  1.000000e+00
   outer loop
     vertex  6.640000e+01  2.420000e+01  1.220000e+01
     vertex  5.269929e+01  1.754132e+01  1.220000e+01
     vertex  5.268340e+01  1.750040e+01  1.220000e+01
   endloop
 endfacet
 facet normal  0.000000e+00  0.000000e+00  1.000000e+00
   outer loop
     vertex  6.640000e+01  2.420000e+01  1.220000e+01
     vertex  5.268340e+01  1.869960e+01  1.220000e+01
     vertex  5.269929e+01  1.865868e+01  1.220000e+01
   endloop
 endfacet
 facet normal  0.000000e+00  0.000000e+00  1.000000e+00
   outer loop
     vertex  6.640000e+01  2.420000e+01  1.220000e+01
     vertex  5.271406e+01  1.758267e+01  1.220000e+01
     vertex  5.269929e+01  1.754132e+01  1.220000e+01
   endloop
 endfacet
 facet normal  0.000000e+00  0.000000e+00  1.000000e+00
   outer loop
     vertex  6.640000e+01  2.420000e+01  1.220000e+01
     vertex  5.266640e+01  1.874007e+01  1.220000e+01
     vertex  5.268340e+01  1.869960e+01  1.220000e+01
   endloop
 endfacet
 facet normal  0.000000e+00  0.000000e+00  1.000000e+00
   outer loop
     vertex  6.640000e+01  2.420000e+01  1.220000e+01
     vertex  5.272768e+01  1.762440e+01  1.220000e+01
     vertex  5.271406e+01  1.758267e+01  1.220000e+01
   endloop
 endfacet
 facet normal  0.000000e+00  0.000000e+00  1.000000e+00
   outer loop
     vertex  6.640000e+01  2.420000e+01  1.220000e+01
     vertex  5.264828e+01  1.878005e+01  1.220000e+01
     vertex  5.266640e+01  1.874007e+01  1.220000e+01
   endloop
 endfacet
 facet normal  0.000000e+00  0.000000e+00  1.000000e+00
   outer loop
     vertex  6.640000e+01  2.420000e+01  1.220000e+01
     vertex  5.274015e+01  1.766649e+01  1.220000e+01
     vertex  5.272768e+01  1.762440e+01  1.220000e+01
   endloop
 endfacet
 facet normal  0.000000e+00  0.000000e+00  1.000000e+00
   outer loop
     vertex  6.640000e+01  2.420000e+01  1.220000e+01
     vertex  5.262908e+01  1.881953e+01  1.220000e+01
     vertex  5.264828e+01  1.878005e+01  1.220000e+01
   endloop
 endfacet
 facet normal  0.000000e+00  0.000000e+00  1.000000e+00
   outer loop
     vertex  6.640000e+01  2.420000e+01  1.220000e+01
     vertex  5.275146e+01  1.770890e+01  1.220000e+01
     vertex  5.274015e+01  1.766649e+01  1.220000e+01
   endloop
 endfacet
 facet normal  0.000000e+00  0.000000e+00  1.000000e+00
   outer loop
     vertex  6.640000e+01  2.420000e+01  1.220000e+01
     vertex  5.260880e+01  1.885847e+01  1.220000e+01
     vertex  5.262908e+01  1.881953e+01  1.220000e+01
   endloop
 endfacet
 facet normal  0.000000e+00  0.000000e+00  1.000000e+00
   outer loop
     vertex  6.640000e+01  2.420000e+01  1.220000e+01
     vertex  5.276161e+01  1.775161e+01  1.220000e+01
     vertex  5.275146e+01  1.770890e+01  1.220000e+01
   endloop
 endfacet
 facet normal  0.000000e+00  0.000000e+00  1.000000e+00
   outer loop
     vertex  6.640000e+01  2.420000e+01  1.220000e+01
     vertex  5.258747e+01  1.889683e+01  1.220000e+01
     vertex  5.260880e+01  1.885847e+01  1.220000e+01
   endloop
 endfacet
 facet normal  0.000000e+00  0.000000e+00  1.000000e+00
   outer loop
     vertex  6.640000e+01  2.420000e+01  1.220000e+01
     vertex  5.277058e+01  1.779459e+01  1.220000e+01
     vertex  5.276161e+01  1.775161e+01  1.220000e+01
   endloop
 endfacet
 facet normal  0.000000e+00  0.000000e+00  1.000000e+00
   outer loop
     vertex  6.640000e+01  2.420000e+01  1.220000e+01
     vertex  5.256508e+01  1.893459e+01  1.220000e+01
     vertex  5.258747e+01  1.889683e+01  1.220000e+01
   endloop
 endfacet
 facet normal  0.000000e+00  0.000000e+00  1.000000e+00
   outer loop
     vertex  6.640000e+01  2.420000e+01  1.220000e+01
     vertex  5.277837e+01  1.783779e+01  1.220000e+01
     vertex  5.277058e+01  1.779459e+01  1.220000e+01
   endloop
 endfacet
 facet normal  0.000000e+00  0.000000e+00  1.000000e+00
   outer loop
     vertex  6.640000e+01  2.420000e+01  1.220000e+01
     vertex  5.254167e+01  1.897173e+01  1.220000e+01
     vertex  5.256508e+01  1.893459e+01  1.220000e+01
   endloop
 endfacet
 facet normal  0.000000e+00  0.000000e+00  1.000000e+00
   outer loop
     vertex  6.640000e+01  2.420000e+01  1.220000e+01
     vertex  5.278497e+01  1.788119e+01  1.220000e+01
     vertex  5.277837e+01  1.783779e+01  1.220000e+01
   endloop
 endfacet
 facet normal  0.000000e+00  0.000000e+00  1.000000e+00
   outer loop
     vertex  6.640000e+01  2.420000e+01  1.220000e+01
     vertex  5.251725e+01  1.900821e+01  1.220000e+01
     vertex  5.254167e+01  1.897173e+01  1.220000e+01
   endloop
 endfacet
 facet normal  0.000000e+00  0.000000e+00  1.000000e+00
   outer loop
     vertex  6.640000e+01  2.420000e+01  1.220000e+01
     vertex  5.279037e+01  1.792475e+01  1.220000e+01
     vertex  5.278497e+01  1.788119e+01  1.220000e+01
   endloop
 endfacet
 facet normal  0.000000e+00  0.000000e+00  1.000000e+00
   outer loop
     vertex  6.640000e+01  2.420000e+01  1.220000e+01
     vertex  5.249184e+01  1.904400e+01  1.220000e+01
     vertex  5.251725e+01  1.900821e+01  1.220000e+01
   endloop
 endfacet
 facet normal  0.000000e+00  0.000000e+00  1.000000e+00
   outer loop
     vertex  6.640000e+01  2.420000e+01  1.220000e+01
     vertex  5.279458e+01  1.796845e+01  1.220000e+01
     vertex  5.279037e+01  1.792475e+01  1.220000e+01
   endloop
 endfacet
 facet normal  0.000000e+00  0.000000e+00  1.000000e+00
   outer loop
     vertex  6.640000e+01  2.420000e+01  1.220000e+01
     vertex  5.246546e+01  1.907909e+01  1.220000e+01
     vertex  5.249184e+01  1.904400e+01  1.220000e+01
   endloop
 endfacet
 facet normal  0.000000e+00  0.000000e+00  1.000000e+00
   outer loop
     vertex  6.640000e+01  2.420000e+01  1.220000e+01
     vertex  5.279759e+01  1.801224e+01  1.220000e+01
     vertex  5.279458e+01  1.796845e+01  1.220000e+01
   endloop
 endfacet
 facet normal  0.000000e+00  0.000000e+00  1.000000e+00
   outer loop
     vertex  6.640000e+01  2.420000e+01  1.220000e+01
     vertex  5.243812e+01  1.911344e+01  1.220000e+01
     vertex  5.246546e+01  1.907909e+01  1.220000e+01
   endloop
 endfacet
 facet normal  0.000000e+00  0.000000e+00  1.000000e+00
   outer loop
     vertex  6.640000e+01  2.420000e+01  1.220000e+01
     vertex  5.279940e+01  1.805611e+01  1.220000e+01
     vertex  5.279759e+01  1.801224e+01  1.220000e+01
   endloop
 endfacet
 facet normal  0.000000e+00  0.000000e+00  1.000000e+00
   outer loop
     vertex  6.640000e+01  2.420000e+01  1.220000e+01
     vertex  5.240985e+01  1.914702e+01  1.220000e+01
     vertex  5.243812e+01  1.911344e+01  1.220000e+01
   endloop
 endfacet
 facet normal  0.000000e+00  0.000000e+00  1.000000e+00
   outer loop
     vertex  6.640000e+01  2.420000e+01  1.220000e+01
     vertex  5.280000e+01  1.810000e+01  1.220000e+01
     vertex  5.279940e+01  1.805611e+01  1.220000e+01
   endloop
 endfacet
 facet normal  0.000000e+00  0.000000e+00  1.000000e+00
   outer loop
     vertex  6.640000e+01  2.420000e+01  1.220000e+01
     vertex  5.238067e+01  1.917982e+01  1.220000e+01
     vertex  5.240985e+01  1.914702e+01  1.220000e+01
   endloop
 endfacet
 facet normal  0.000000e+00  0.000000e+00  1.000000e+00
   outer loop
     vertex  6.640000e+01  2.420000e+01  1.220000e+01
     vertex  5.235060e+01  1.921180e+01  1.220000e+01
     vertex  5.238067e+01  1.917982e+01  1.220000e+01
   endloop
 endfacet
 facet normal  0.000000e+00  0.000000e+00  1.000000e+00
   outer loop
     vertex  6.640000e+01  2.420000e+01  1.220000e+01
     vertex  5.231967e+01  1.924295e+01  1.220000e+01
     vertex  5.235060e+01  1.921180e+01  1.220000e+01
   endloop
 endfacet
 facet normal  0.000000e+00  0.000000e+00  1.000000e+00
   outer loop
     vertex  6.640000e+01  2.420000e+01  1.220000e+01
     vertex  5.228789e+01  1.927324e+01  1.220000e+01
     vertex  5.231967e+01  1.924295e+01  1.220000e+01
   endloop
 endfacet
 facet normal  0.000000e+00  0.000000e+00  1.000000e+00
   outer loop
     vertex  6.640000e+01  2.420000e+01  1.220000e+01
     vertex  5.225530e+01  1.930264e+01  1.220000e+01
     vertex  5.228789e+01  1.927324e+01  1.220000e+01
   endloop
 endfacet
 facet normal  0.000000e+00  0.000000e+00  1.000000e+00
   outer loop
     vertex  6.640000e+01  2.420000e+01  1.220000e+01
     vertex  5.222191e+01  1.933114e+01  1.220000e+01
     vertex  5.225530e+01  1.930264e+01  1.220000e+01
   endloop
 endfacet
 facet normal  0.000000e+00  0.000000e+00  1.000000e+00
   outer loop
     vertex  6.640000e+01  2.420000e+01  1.220000e+01
     vertex  5.218775e+01  1.935871e+01  1.220000e+01
     vertex  5.222191e+01  1.933114e+01  1.220000e+01
   endloop
 endfacet
 facet normal  0.000000e+00  0.000000e+00  1.000000e+00
   outer loop
     vertex  6.640000e+01  2.420000e+01  1.220000e+01
     vertex  5.215284e+01  1.938534e+01  1.220000e+01
     vertex  5.218775e+01  1.935871e+01  1.220000e+01
   endloop
 endfacet
 facet normal  0.000000e+00  0.000000e+00  1.000000e+00
   outer loop
     vertex  6.640000e+01  2.420000e+01  1.220000e+01
     vertex  5.211722e+01  1.941099e+01  1.220000e+01
     vertex  5.215284e+01  1.938534e+01  1.220000e+01
   endloop
 endfacet
 facet normal  0.000000e+00  0.000000e+00  1.000000e+00
   outer loop
     vertex  6.640000e+01  2.420000e+01  1.220000e+01
     vertex  5.208091e+01  1.943566e+01  1.220000e+01
     vertex  5.211722e+01  1.941099e+01  1.220000e+01
   endloop
 endfacet
 facet normal  0.000000e+00  0.000000e+00  1.000000e+00
   outer loop
     vertex  6.640000e+01  2.420000e+01  1.220000e+01
     vertex  5.204394e+01  1.945933e+01  1.220000e+01
     vertex  5.208091e+01  1.943566e+01  1.220000e+01
   endloop
 endfacet
 facet normal  0.000000e+00  0.000000e+00  1.000000e+00
   outer loop
     vertex  6.640000e+01  2.420000e+01  1.220000e+01
     vertex  5.264828e+01  1.741995e+01  1.220000e+01
     vertex  6.640000e+01  0.000000e+00  1.220000e+01
   endloop
 endfacet
 facet normal  0.000000e+00  0.000000e+00  1.000000e+00
   outer loop
     vertex  6.640000e+01  2.420000e+01  1.220000e+01
     vertex  5.200633e+01  1.948197e+01  1.220000e+01
     vertex  5.204394e+01  1.945933e+01  1.220000e+01
   endloop
 endfacet
 facet normal  0.000000e+00  0.000000e+00  1.000000e+00
   outer loop
     vertex  6.640000e+01  2.420000e+01  1.220000e+01
     vertex  5.196811e+01  1.950357e+01  1.220000e+01
     vertex  5.200633e+01  1.948197e+01  1.220000e+01
   endloop
 endfacet
 facet normal  0.000000e+00  0.000000e+00  1.000000e+00
   outer loop
     vertex  6.640000e+01  2.420000e+01  1.220000e+01
     vertex  5.192932e+01  1.952411e+01  1.220000e+01
     vertex  5.196811e+01  1.950357e+01  1.220000e+01
   endloop
 endfacet
 facet normal  0.000000e+00  0.000000e+00  1.000000e+00
   outer loop
     vertex  6.640000e+01  2.420000e+01  1.220000e+01
     vertex  5.188997e+01  1.954358e+01  1.220000e+01
     vertex  5.192932e+01  1.952411e+01  1.220000e+01
   endloop
 endfacet
 facet normal  0.000000e+00  0.000000e+00  1.000000e+00
   outer loop
     vertex  6.640000e+01  2.420000e+01  1.220000e+01
     vertex  5.185011e+01  1.956197e+01  1.220000e+01
     vertex  5.188997e+01  1.954358e+01  1.220000e+01
   endloop
 endfacet
 facet normal  0.000000e+00  0.000000e+00  1.000000e+00
   outer loop
     vertex  6.640000e+01  2.420000e+01  1.220000e+01
     vertex  5.180976e+01  1.957926e+01  1.220000e+01
     vertex  5.185011e+01  1.956197e+01  1.220000e+01
   endloop
 endfacet
 facet normal  0.000000e+00  0.000000e+00  1.000000e+00
   outer loop
     vertex  6.640000e+01  2.420000e+01  1.220000e+01
     vertex  5.176895e+01  1.959543e+01  1.220000e+01
     vertex  5.180976e+01  1.957926e+01  1.220000e+01
   endloop
 endfacet
 facet normal  0.000000e+00  0.000000e+00  1.000000e+00
   outer loop
     vertex  6.640000e+01  2.420000e+01  1.220000e+01
     vertex  5.172771e+01  1.961047e+01  1.220000e+01
     vertex  5.176895e+01  1.959543e+01  1.220000e+01
   endloop
 endfacet
 facet normal  0.000000e+00  0.000000e+00  1.000000e+00
   outer loop
     vertex  6.640000e+01  2.420000e+01  1.220000e+01
     vertex  5.168607e+01  1.962438e+01  1.220000e+01
     vertex  5.172771e+01  1.961047e+01  1.220000e+01
   endloop
 endfacet
 facet normal  0.000000e+00  0.000000e+00  1.000000e+00
   outer loop
     vertex  6.640000e+01  2.420000e+01  1.220000e+01
     vertex  5.164407e+01  1.963714e+01  1.220000e+01
     vertex  5.168607e+01  1.962438e+01  1.220000e+01
   endloop
 endfacet
 facet normal  0.000000e+00  0.000000e+00  1.000000e+00
   outer loop
     vertex  6.640000e+01  2.420000e+01  1.220000e+01
     vertex  5.160173e+01  1.964875e+01  1.220000e+01
     vertex  5.164407e+01  1.963714e+01  1.220000e+01
   endloop
 endfacet
 facet normal  0.000000e+00  0.000000e+00  1.000000e+00
   outer loop
     vertex  6.640000e+01  2.420000e+01  1.220000e+01
     vertex  5.155909e+01  1.965918e+01  1.220000e+01
     vertex  5.160173e+01  1.964875e+01  1.220000e+01
   endloop
 endfacet
 facet normal  0.000000e+00  0.000000e+00  1.000000e+00
   outer loop
     vertex  6.640000e+01  2.420000e+01  1.220000e+01
     vertex  5.151618e+01  1.966845e+01  1.220000e+01
     vertex  5.155909e+01  1.965918e+01  1.220000e+01
   endloop
 endfacet
 facet normal  0.000000e+00  0.000000e+00  1.000000e+00
   outer loop
     vertex  6.640000e+01  2.420000e+01  1.220000e+01
     vertex  5.147303e+01  1.967653e+01  1.220000e+01
     vertex  5.151618e+01  1.966845e+01  1.220000e+01
   endloop
 endfacet
 facet normal  0.000000e+00  0.000000e+00  1.000000e+00
   outer loop
     vertex  6.640000e+01  2.420000e+01  1.220000e+01
     vertex  5.142968e+01  1.968343e+01  1.220000e+01
     vertex  5.147303e+01  1.967653e+01  1.220000e+01
   endloop
 endfacet
 facet normal  0.000000e+00  0.000000e+00  1.000000e+00
   outer loop
     vertex  6.640000e+01  2.420000e+01  1.220000e+01
     vertex  5.138615e+01  1.968913e+01  1.220000e+01
     vertex  5.142968e+01  1.968343e+01  1.220000e+01
   endloop
 endfacet
 facet normal  0.000000e+00  0.000000e+00  1.000000e+00
   outer loop
     vertex  6.640000e+01  2.420000e+01  1.220000e+01
     vertex  5.134249e+01  1.969364e+01  1.220000e+01
     vertex  5.138615e+01  1.968913e+01  1.220000e+01
   endloop
 endfacet
 facet normal  0.000000e+00  0.000000e+00  1.000000e+00
   outer loop
     vertex  6.640000e+01  2.420000e+01  1.220000e+01
     vertex  5.129871e+01  1.969695e+01  1.220000e+01
     vertex  5.134249e+01  1.969364e+01  1.220000e+01
   endloop
 endfacet
 facet normal  0.000000e+00  0.000000e+00  1.000000e+00
   outer loop
     vertex  6.640000e+01  2.420000e+01  1.220000e+01
     vertex  5.125486e+01  1.969906e+01  1.220000e+01
     vertex  5.129871e+01  1.969695e+01  1.220000e+01
   endloop
 endfacet
 facet normal  0.000000e+00  0.000000e+00  1.000000e+00
   outer loop
     vertex  6.640000e+01  2.420000e+01  1.220000e+01
     vertex  5.121097e+01  1.969996e+01  1.220000e+01
     vertex  5.125486e+01  1.969906e+01  1.220000e+01
   endloop
 endfacet
 facet normal  0.000000e+00  0.000000e+00  1.000000e+00
   outer loop
     vertex  6.640000e+01  2.420000e+01  1.220000e+01
     vertex  5.116708e+01  1.969966e+01  1.220000e+01
     vertex  5.121097e+01  1.969996e+01  1.220000e+01
   endloop
 endfacet
 facet normal  0.000000e+00  0.000000e+00  1.000000e+00
   outer loop
     vertex  6.640000e+01  2.420000e+01  1.220000e+01
     vertex  5.112320e+01  1.969816e+01  1.220000e+01
     vertex  5.116708e+01  1.969966e+01  1.220000e+01
   endloop
 endfacet
 facet normal  0.000000e+00  0.000000e+00  1.000000e+00
   outer loop
     vertex  6.640000e+01  2.420000e+01  1.220000e+01
     vertex  5.107939e+01  1.969545e+01  1.220000e+01
     vertex  5.112320e+01  1.969816e+01  1.220000e+01
   endloop
 endfacet
 facet normal  0.000000e+00  0.000000e+00  1.000000e+00
   outer loop
     vertex  6.640000e+01  2.420000e+01  1.220000e+01
     vertex  0.000000e+00  2.420000e+01  1.220000e+01
     vertex  5.107939e+01  1.969545e+01  1.220000e+01
   endloop
 endfacet
 facet normal  0.000000e+00  0.000000e+00  1.000000e+00
   outer loop
     vertex  5.107939e+01  1.969545e+01  1.220000e+01
     vertex  0.000000e+00  2.420000e+01  1.220000e+01
     vertex  5.103567e+01  1.969154e+01  1.220000e+01
   endloop
 endfacet
 facet normal  0.000000e+00  0.000000e+00  1.000000e+00
   outer loop
     vertex  5.103567e+01  1.969154e+01  1.220000e+01
     vertex  0.000000e+00  2.420000e+01  1.220000e+01
     vertex  5.099206e+01  1.968643e+01  1.220000e+01
   endloop
 endfacet
 facet normal  0.000000e+00  0.000000e+00  1.000000e+00
   outer loop
     vertex  5.099206e+01  1.968643e+01  1.220000e+01
     vertex  0.000000e+00  2.420000e+01  1.220000e+01
     vertex  5.094862e+01  1.968013e+01  1.220000e+01
   endloop
 endfacet
 facet normal  0.000000e+00  0.000000e+00  1.000000e+00
   outer loop
     vertex  5.094862e+01  1.968013e+01  1.220000e+01
     vertex  0.000000e+00  2.420000e+01  1.220000e+01
     vertex  5.090537e+01  1.967264e+01  1.220000e+01
   endloop
 endfacet
 facet normal  0.000000e+00  0.000000e+00  1.000000e+00
   outer loop
     vertex  5.090537e+01  1.967264e+01  1.220000e+01
     vertex  0.000000e+00  2.420000e+01  1.220000e+01
     vertex  5.086233e+01  1.966396e+01  1.220000e+01
   endloop
 endfacet
 facet normal  0.000000e+00  0.000000e+00  1.000000e+00
   outer loop
     vertex  5.086233e+01  1.966396e+01  1.220000e+01
     vertex  0.000000e+00  2.420000e+01  1.220000e+01
     vertex  5.081955e+01  1.965411e+01  1.220000e+01
   endloop
 endfacet
 facet normal  0.000000e+00  0.000000e+00  1.000000e+00
   outer loop
     vertex  5.081955e+01  1.965411e+01  1.220000e+01
     vertex  0.000000e+00  2.420000e+01  1.220000e+01
     vertex  5.077706e+01  1.964309e+01  1.220000e+01
   endloop
 endfacet
 facet normal  0.000000e+00  0.000000e+00  1.000000e+00
   outer loop
     vertex  5.077706e+01  1.964309e+01  1.220000e+01
     vertex  0.000000e+00  2.420000e+01  1.220000e+01
     vertex  5.073489e+01  1.963091e+01  1.220000e+01
   endloop
 endfacet
 facet normal  0.000000e+00  0.000000e+00  1.000000e+00
   outer loop
     vertex  5.073489e+01  1.963091e+01  1.220000e+01
     vertex  0.000000e+00  2.420000e+01  1.220000e+01
     vertex  5.069306e+01  1.961757e+01  1.220000e+01
   endloop
 endfacet
 facet normal  0.000000e+00  0.000000e+00  1.000000e+00
   outer loop
     vertex  5.069306e+01  1.961757e+01  1.220000e+01
     vertex  0.000000e+00  2.420000e+01  1.220000e+01
     vertex  5.065162e+01  1.960309e+01  1.220000e+01
   endloop
 endfacet
 facet normal  0.000000e+00  0.000000e+00  1.000000e+00
   outer loop
     vertex  5.065162e+01  1.960309e+01  1.220000e+01
     vertex  0.000000e+00  2.420000e+01  1.220000e+01
     vertex  5.061059e+01  1.958748e+01  1.220000e+01
   endloop
 endfacet
 facet normal  0.000000e+00  0.000000e+00  1.000000e+00
   outer loop
     vertex  5.061059e+01  1.958748e+01  1.220000e+01
     vertex  0.000000e+00  2.420000e+01  1.220000e+01
     vertex  5.057001e+01  1.957075e+01  1.220000e+01
   endloop
 endfacet
 facet normal  0.000000e+00  0.000000e+00  1.000000e+00
   outer loop
     vertex  5.057001e+01  1.957075e+01  1.220000e+01
     vertex  0.000000e+00  2.420000e+01  1.220000e+01
     vertex  5.052990e+01  1.955291e+01  1.220000e+01
   endloop
 endfacet
 facet normal  0.000000e+00  0.000000e+00  1.000000e+00
   outer loop
     vertex  5.052990e+01  1.955291e+01  1.220000e+01
     vertex  0.000000e+00  2.420000e+01  1.220000e+01
     vertex  5.049029e+01  1.953398e+01  1.220000e+01
   endloop
 endfacet
 facet normal  0.000000e+00  0.000000e+00  1.000000e+00
   outer loop
     vertex  5.049029e+01  1.953398e+01  1.220000e+01
     vertex  0.000000e+00  2.420000e+01  1.220000e+01
     vertex  5.045122e+01  1.951397e+01  1.220000e+01
   endloop
 endfacet
 facet normal  0.000000e+00  0.000000e+00  1.000000e+00
   outer loop
     vertex  5.045122e+01  1.951397e+01  1.220000e+01
     vertex  0.000000e+00  2.420000e+01  1.220000e+01
     vertex  5.041271e+01  1.949290e+01  1.220000e+01
   endloop
 endfacet
 facet normal  0.000000e+00  0.000000e+00  1.000000e+00
   outer loop
     vertex  5.041271e+01  1.949290e+01  1.220000e+01
     vertex  0.000000e+00  2.420000e+01  1.220000e+01
     vertex  5.037479e+01  1.947078e+01  1.220000e+01
   endloop
 endfacet
 facet normal  0.000000e+00  0.000000e+00  1.000000e+00
   outer loop
     vertex  5.037479e+01  1.947078e+01  1.220000e+01
     vertex  0.000000e+00  2.420000e+01  1.220000e+01
     vertex  5.033749e+01  1.944762e+01  1.220000e+01
   endloop
 endfacet
 facet normal  0.000000e+00  0.000000e+00  1.000000e+00
   outer loop
     vertex  5.033749e+01  1.944762e+01  1.220000e+01
     vertex  0.000000e+00  2.420000e+01  1.220000e+01
     vertex  5.030085e+01  1.942345e+01  1.220000e+01
   endloop
 endfacet
 facet normal  0.000000e+00  0.000000e+00 -1.000000e+00
   outer loop
     vertex  6.640000e+01  0.000000e+00  0.000000e+00
     vertex  0.000000e+00  0.000000e+00  0.000000e+00
     vertex  0.000000e+00  2.420000e+01  0.000000e+00
   endloop
 endfacet
 facet normal -0.000000e+00 -0.000000e+00 -1.000000e+00
   outer loop
     vertex  6.640000e+01  2.420000e+01  0.000000e+00
     vertex  6.640000e+01  0.000000e+00  0.000000e+00
     vertex  0.000000e+00  2.420000e+01  0.000000e+00
   endloop
 endfacet
 facet normal  0.000000e+00  1.000000e+00  0.000000e+00
   outer loop
     vertex  4.861684e+00  2.420000e+01  3.100000e+00
     vertex  0.000000e+00  2.420000e+01  0.000000e+00
     vertex  3.138316e+00  2.420000e+01  3.100000e+00
   endloop
 endfacet
 facet normal  0.000000e+00  1.000000e+00  0.000000e+00
   outer loop
     vertex  0.000000e+00  2.420000e+01  1.220000e+01
     vertex  3.138316e+00  2.420000e+01  3.100000e+00
     vertex  0.000000e+00  2.420000e+01  0.000000e+00
   endloop
 endfacet
 facet normal  0.000000e+00  1.000000e+00  0.000000e+00
   outer loop
     vertex  3.138316e+00  2.420000e+01  9.100000e+00
     vertex  3.138316e+00  2.420000e+01  3.100000e+00
     vertex  0.000000e+00  2.420000e+01  1.220000e+01
   endloop
 endfacet
 facet normal  0.000000e+00  1.000000e+00  0.000000e+00
   outer loop
     vertex  4.861684e+00  2.420000e+01  9.100000e+00
     vertex  3.138316e+00  2.420000e+01  9.100000e+00
     vertex  0.000000e+00  2.420000e+01  1.220000e+01
   endloop
 endfacet
 facet normal  0.000000e+00  1.000000e+00  0.000000e+00
   outer loop
     vertex  6.153832e+01  2.420000e+01  3.100000e+00
     vertex  4.861684e+00  2.420000e+01  3.100000e+00
     vertex  4.861684e+00  2.420000e+01  9.100000e+00
   endloop
 endfacet
 facet normal  0.000000e+00  1.000000e+00  0.000000e+00
   outer loop
     vertex  6.640000e+01  2.420000e+01  0.000000e+00
     vertex  6.153832e+01  2.420000e+01  3.100000e+00
     vertex  6.326168e+01  2.420000e+01  3.100000e+00
   endloop
 endfacet
 facet normal  0.000000e+00  1.000000e+00  0.000000e+00
   outer loop
     vertex  6.153832e+01  2.420000e+01  9.100000e+00
     vertex  6.153832e+01  2.420000e+01  3.100000e+00
     vertex  4.861684e+00  2.420000e+01  9.100000e+00
   endloop
 endfacet
 facet normal  0.000000e+00  1.000000e+00  0.000000e+00
   outer loop
     vertex  6.640000e+01  2.420000e+01  1.220000e+01
     vertex  6.326168e+01  2.420000e+01  3.100000e+00
     vertex  6.326168e+01  2.420000e+01  9.100000e+00
   endloop
 endfacet
 facet normal  0.000000e+00  1.000000e+00  0.000000e+00
   outer loop
     vertex  6.640000e+01  2.420000e+01  1.220000e+01
     vertex  6.326168e+01  2.420000e+01  9.100000e+00
     vertex  6.153832e+01  2.420000e+01  9.100000e+00
   endloop
 endfacet
 facet normal  0.000000e+00  1.000000e+00  0.000000e+00
   outer loop
     vertex  6.640000e+01  2.420000e+01  1.220000e+01
     vertex  6.640000e+01  2.420000e+01  0.000000e+00
     vertex  6.326168e+01  2.420000e+01  3.100000e+00
   endloop
 endfacet
 facet normal  0.000000e+00  1.000000e+00  0.000000e+00
   outer loop
     vertex  6.640000e+01  2.420000e+01  0.000000e+00
     vertex  0.000000e+00  2.420000e+01  0.000000e+00
     vertex  4.861684e+00  2.420000e+01  3.100000e+00
   endloop
 endfacet
 facet normal  0.000000e+00  1.000000e+00  0.000000e+00
   outer loop
     vertex  6.640000e+01  2.420000e+01  0.000000e+00
     vertex  4.861684e+00  2.420000e+01  3.100000e+00
     vertex  6.153832e+01  2.420000e+01  3.100000e+00
   endloop
 endfacet
 facet normal -0.000000e+00  1.000000e+00  0.000000e+00
   outer loop
     vertex  0.000000e+00  2.420000e+01  1.220000e+01
     vertex  6.640000e+01  2.420000e+01  1.220000e+01
     vertex  6.153832e+01  2.420000e+01  9.100000e+00
   endloop
 endfacet
 facet normal  0.000000e+00  1.000000e+00  0.000000e+00
   outer loop
     vertex  0.000000e+00  2.420000e+01  1.220000e+01
     vertex  6.153832e+01  2.420000e+01  9.100000e+00
     vertex  4.861684e+00  2.420000e+01  9.100000e+00
   endloop
 endfacet
 facet normal  0.000000e+00  0.000000e+00  1.000000e+00
   outer loop
     vertex  4.156004e+00  4.383461e-01  3.100000e+00
     vertex  4.127797e+00  4.421939e-01  3.100000e+00
     vertex  4.099495e+00  4.452755e-01  3.100000e+00
   endloop
 endfacet
 facet normal  0.000000e+00  0.000000e+00  1.000000e+00
   outer loop
     vertex  4.267482e+00  4.153587e-01  3.100000e+00
     vertex  4.239857e+00  4.222371e-01  3.100000e+00
     vertex  4.212055e+00  4.283641e-01  3.100000e+00
   endloop
 endfacet
 facet normal  0.000000e+00  0.000000e+00  1.000000e+00
   outer loop
     vertex  4.322123e+00  3.993681e-01  3.100000e+00
     vertex  4.294911e+00  4.077338e-01  3.100000e+00
     vertex  4.267482e+00  4.153587e-01  3.100000e+00
   endloop
 endfacet
 facet normal  0.000000e+00  0.000000e+00  1.000000e+00
   outer loop
     vertex  4.322123e+00  3.993681e-01  3.100000e+00
     vertex  4.212055e+00  4.283641e-01  3.100000e+00
     vertex  4.184097e+00  4.337351e-01  3.100000e+00
   endloop
 endfacet
 facet normal  0.000000e+00  0.000000e+00  1.000000e+00
   outer loop
     vertex  4.322123e+00  3.993681e-01  3.100000e+00
     vertex  4.184097e+00  4.337351e-01  3.100000e+00
     vertex  4.156004e+00  4.383461e-01  3.100000e+00
   endloop
 endfacet
 facet normal  0.000000e+00  0.000000e+00  1.000000e+00
   outer loop
     vertex  4.322123e+00  3.993681e-01  3.100000e+00
     vertex  4.267482e+00  4.153587e-01  3.100000e+00
     vertex  4.212055e+00  4.283641e-01  3.100000e+00
   endloop
 endfacet
 facet normal  0.000000e+00  0.000000e+00  1.000000e+00
   outer loop
     vertex  4.454238e+00  3.466616e-01  3.100000e+00
     vertex  4.428406e+00  3.586283e-01  3.100000e+00
     vertex  4.402259e+00  3.698904e-01  3.100000e+00
   endloop
 endfacet
 facet normal  0.000000e+00  0.000000e+00  1.000000e+00
   outer loop
     vertex  4.454238e+00  3.466616e-01  3.100000e+00
     vertex  4.402259e+00  3.698904e-01  3.100000e+00
     vertex  4.375817e+00  3.804395e-01  3.100000e+00
   endloop
 endfacet
 facet normal  0.000000e+00  0.000000e+00  1.000000e+00
   outer loop
     vertex  4.529655e+00  3.066234e-01  3.100000e+00
     vertex  4.504881e+00  3.206495e-01  3.100000e+00
     vertex  4.479735e+00  3.339989e-01  3.100000e+00
   endloop
 endfacet
 facet normal  0.000000e+00  0.000000e+00  1.000000e+00
   outer loop
     vertex  4.578016e+00  2.765826e-01  3.100000e+00
     vertex  4.554039e+00  2.919308e-01  3.100000e+00
     vertex  4.529655e+00  3.066234e-01  3.100000e+00
   endloop
 endfacet
 facet normal  0.000000e+00  0.000000e+00  1.000000e+00
   outer loop
     vertex  4.578016e+00  2.765826e-01  3.100000e+00
     vertex  4.479735e+00  3.339989e-01  3.100000e+00
     vertex  4.454238e+00  3.466616e-01  3.100000e+00
   endloop
 endfacet
 facet normal  0.000000e+00  0.000000e+00  1.000000e+00
   outer loop
     vertex  4.578016e+00  2.765826e-01  3.100000e+00
     vertex  4.529655e+00  3.066234e-01  3.100000e+00
     vertex  4.479735e+00  3.339989e-01  3.100000e+00
   endloop
 endfacet
 facet normal  0.000000e+00  0.000000e+00  1.000000e+00
   outer loop
     vertex  4.624679e+00  2.439646e-01  3.100000e+00
     vertex  4.601569e+00  2.605899e-01  3.100000e+00
     vertex  4.578016e+00  2.765826e-01  3.100000e+00
   endloop
 endfacet
 facet normal  0.000000e+00  0.000000e+00  1.000000e+00
   outer loop
     vertex  4.624679e+00  2.439646e-01  3.100000e+00
     vertex  4.375817e+00  3.804395e-01  3.100000e+00
     vertex  4.349098e+00  3.902678e-01  3.100000e+00
   endloop
 endfacet
 facet normal  0.000000e+00  0.000000e+00  1.000000e+00
   outer loop
     vertex  4.624679e+00  2.439646e-01  3.100000e+00
     vertex  4.349098e+00  3.902678e-01  3.100000e+00
     vertex  4.322123e+00  3.993681e-01  3.100000e+00
   endloop
 endfacet
 facet normal  0.000000e+00  0.000000e+00  1.000000e+00
   outer loop
     vertex  4.624679e+00  2.439646e-01  3.100000e+00
     vertex  4.099495e+00  4.452755e-01  3.100000e+00
     vertex  4.071120e+00  4.475886e-01  3.100000e+00
   endloop
 endfacet
 facet normal  0.000000e+00  0.000000e+00  1.000000e+00
   outer loop
     vertex  4.624679e+00  2.439646e-01  3.100000e+00
     vertex  4.322123e+00  3.993681e-01  3.100000e+00
     vertex  4.156004e+00  4.383461e-01  3.100000e+00
   endloop
 endfacet
 facet normal  0.000000e+00  0.000000e+00  1.000000e+00
   outer loop
     vertex  4.624679e+00  2.439646e-01  3.100000e+00
     vertex  4.156004e+00  4.383461e-01  3.100000e+00
     vertex  4.099495e+00  4.452755e-01  3.100000e+00
   endloop
 endfacet
 facet normal  0.000000e+00  0.000000e+00  1.000000e+00
   outer loop
     vertex  4.624679e+00  2.439646e-01  3.100000e+00
     vertex  4.454238e+00  3.466616e-01  3.100000e+00
     vertex  4.375817e+00  3.804395e-01  3.100000e+00
   endloop
 endfacet
 facet normal  0.000000e+00  0.000000e+00  1.000000e+00
   outer loop
     vertex  4.624679e+00  2.439646e-01  3.100000e+00
     vertex  4.578016e+00  2.765826e-01  3.100000e+00
     vertex  4.454238e+00  3.466616e-01  3.100000e+00
   endloop
 endfacet
 facet normal  0.000000e+00  0.000000e+00  1.000000e+00
   outer loop
     vertex  4.827897e+00  4.582271e-02  3.100000e+00
     vertex  4.861684e+00  0.000000e+00  3.100000e+00
     vertex  4.845101e+00  2.314040e-02  3.100000e+00
   endloop
 endfacet
 facet normal  0.000000e+00  0.000000e+00  1.000000e+00
   outer loop
     vertex  4.669505e+00  2.088653e-01  3.100000e+00
     vertex  4.647330e+00  2.267188e-01  3.100000e+00
     vertex  4.624679e+00  2.439646e-01  3.100000e+00
   endloop
 endfacet
 facet normal  0.000000e+00  0.000000e+00  1.000000e+00
   outer loop
     vertex  4.791675e+00  8.974672e-02  3.100000e+00
     vertex  4.827897e+00  4.582271e-02  3.100000e+00
     vertex  4.810084e+00  6.803026e-02  3.100000e+00
   endloop
 endfacet
 facet normal  0.000000e+00  0.000000e+00  1.000000e+00
   outer loop
     vertex  4.772685e+00  1.109561e-01  3.100000e+00
     vertex  4.827897e+00  4.582271e-02  3.100000e+00
     vertex  4.791675e+00  8.974672e-02  3.100000e+00
   endloop
 endfacet
 facet normal  0.000000e+00  0.000000e+00  1.000000e+00
   outer loop
     vertex  4.712363e+00  1.713880e-01  3.100000e+00
     vertex  4.691188e+00  1.904172e-01  3.100000e+00
     vertex  4.669505e+00  2.088653e-01  3.100000e+00
   endloop
 endfacet
 facet normal  0.000000e+00  0.000000e+00  1.000000e+00
   outer loop
     vertex  4.753126e+00  1.316429e-01  3.100000e+00
     vertex  4.827897e+00  4.582271e-02  3.100000e+00
     vertex  4.772685e+00  1.109561e-01  3.100000e+00
   endloop
 endfacet
 facet normal  0.000000e+00  0.000000e+00  1.000000e+00
   outer loop
     vertex  4.753126e+00  1.316429e-01  3.100000e+00
     vertex  4.861684e+00  0.000000e+00  3.100000e+00
     vertex  4.827897e+00  4.582271e-02  3.100000e+00
   endloop
 endfacet
 facet normal  0.000000e+00  0.000000e+00  1.000000e+00
   outer loop
     vertex  4.733014e+00  1.517918e-01  3.100000e+00
     vertex  3.138316e+00  2.220446e-16  3.100000e+00
     vertex  4.861684e+00  0.000000e+00  3.100000e+00
   endloop
 endfacet
 facet normal  0.000000e+00  0.000000e+00  1.000000e+00
   outer loop
     vertex  4.733014e+00  1.517918e-01  3.100000e+00
     vertex  4.071120e+00  4.475886e-01  3.100000e+00
     vertex  4.042693e+00  4.491317e-01  3.100000e+00
   endloop
 endfacet
 facet normal  0.000000e+00  0.000000e+00  1.000000e+00
   outer loop
     vertex  4.733014e+00  1.517918e-01  3.100000e+00
     vertex  4.042693e+00  4.491317e-01  3.100000e+00
     vertex  4.014234e+00  4.499035e-01  3.100000e+00
   endloop
 endfacet
 facet normal  0.000000e+00  0.000000e+00  1.000000e+00
   outer loop
     vertex  4.733014e+00  1.517918e-01  3.100000e+00
     vertex  4.014234e+00  4.499035e-01  3.100000e+00
     vertex  3.985766e+00  4.499035e-01  3.100000e+00
   endloop
 endfacet
 facet normal  0.000000e+00  0.000000e+00  1.000000e+00
   outer loop
     vertex  4.733014e+00  1.517918e-01  3.100000e+00
     vertex  3.985766e+00  4.499035e-01  3.100000e+00
     vertex  3.957307e+00  4.491317e-01  3.100000e+00
   endloop
 endfacet
 facet normal  0.000000e+00  0.000000e+00  1.000000e+00
   outer loop
     vertex  4.733014e+00  1.517918e-01  3.100000e+00
     vertex  3.957307e+00  4.491317e-01  3.100000e+00
     vertex  3.928880e+00  4.475886e-01  3.100000e+00
   endloop
 endfacet
 facet normal  0.000000e+00  0.000000e+00  1.000000e+00
   outer loop
     vertex  4.733014e+00  1.517918e-01  3.100000e+00
     vertex  3.928880e+00  4.475886e-01  3.100000e+00
     vertex  3.900505e+00  4.452755e-01  3.100000e+00
   endloop
 endfacet
 facet normal  0.000000e+00  0.000000e+00  1.000000e+00
   outer loop
     vertex  4.733014e+00  1.517918e-01  3.100000e+00
     vertex  3.900505e+00  4.452755e-01  3.100000e+00
     vertex  3.872203e+00  4.421939e-01  3.100000e+00
   endloop
 endfacet
 facet normal  0.000000e+00  0.000000e+00  1.000000e+00
   outer loop
     vertex  4.733014e+00  1.517918e-01  3.100000e+00
     vertex  3.872203e+00  4.421939e-01  3.100000e+00
     vertex  3.843996e+00  4.383461e-01  3.100000e+00
   endloop
 endfacet
 facet normal  0.000000e+00  0.000000e+00  1.000000e+00
   outer loop
     vertex  4.733014e+00  1.517918e-01  3.100000e+00
     vertex  3.843996e+00  4.383461e-01  3.100000e+00
     vertex  3.815903e+00  4.337351e-01  3.100000e+00
   endloop
 endfacet
 facet normal  0.000000e+00  0.000000e+00  1.000000e+00
   outer loop
     vertex  4.733014e+00  1.517918e-01  3.100000e+00
     vertex  3.815903e+00  4.337351e-01  3.100000e+00
     vertex  3.787945e+00  4.283641e-01  3.100000e+00
   endloop
 endfacet
 facet normal  0.000000e+00  0.000000e+00  1.000000e+00
   outer loop
     vertex  4.733014e+00  1.517918e-01  3.100000e+00
     vertex  4.712363e+00  1.713880e-01  3.100000e+00
     vertex  4.669505e+00  2.088653e-01  3.100000e+00
   endloop
 endfacet
 facet normal  0.000000e+00  0.000000e+00  1.000000e+00
   outer loop
     vertex  4.733014e+00  1.517918e-01  3.100000e+00
     vertex  3.787945e+00  4.283641e-01  3.100000e+00
     vertex  3.760143e+00  4.222371e-01  3.100000e+00
   endloop
 endfacet
 facet normal  0.000000e+00  0.000000e+00  1.000000e+00
   outer loop
     vertex  4.733014e+00  1.517918e-01  3.100000e+00
     vertex  3.760143e+00  4.222371e-01  3.100000e+00
     vertex  3.732518e+00  4.153587e-01  3.100000e+00
   endloop
 endfacet
 facet normal  0.000000e+00  0.000000e+00  1.000000e+00
   outer loop
     vertex  4.733014e+00  1.517918e-01  3.100000e+00
     vertex  4.624679e+00  2.439646e-01  3.100000e+00
     vertex  4.071120e+00  4.475886e-01  3.100000e+00
   endloop
 endfacet
 facet normal  0.000000e+00  0.000000e+00  1.000000e+00
   outer loop
     vertex  4.733014e+00  1.517918e-01  3.100000e+00
     vertex  3.732518e+00  4.153587e-01  3.100000e+00
     vertex  3.705089e+00  4.077338e-01  3.100000e+00
   endloop
 endfacet
 facet normal  0.000000e+00  0.000000e+00  1.000000e+00
   outer loop
     vertex  4.733014e+00  1.517918e-01  3.100000e+00
     vertex  3.705089e+00  4.077338e-01  3.100000e+00
     vertex  3.677877e+00  3.993681e-01  3.100000e+00
   endloop
 endfacet
 facet normal  0.000000e+00  0.000000e+00  1.000000e+00
   outer loop
     vertex  4.733014e+00  1.517918e-01  3.100000e+00
     vertex  3.677877e+00  3.993681e-01  3.100000e+00
     vertex  3.650902e+00  3.902678e-01  3.100000e+00
   endloop
 endfacet
 facet normal  0.000000e+00  0.000000e+00  1.000000e+00
   outer loop
     vertex  4.733014e+00  1.517918e-01  3.100000e+00
     vertex  3.650902e+00  3.902678e-01  3.100000e+00
     vertex  3.624183e+00  3.804395e-01  3.100000e+00
   endloop
 endfacet
 facet normal  0.000000e+00  0.000000e+00  1.000000e+00
   outer loop
     vertex  4.733014e+00  1.517918e-01  3.100000e+00
     vertex  3.624183e+00  3.804395e-01  3.100000e+00
     vertex  3.597741e+00  3.698904e-01  3.100000e+00
   endloop
 endfacet
 facet normal  0.000000e+00  0.000000e+00  1.000000e+00
   outer loop
     vertex  4.733014e+00  1.517918e-01  3.100000e+00
     vertex  4.861684e+00  0.000000e+00  3.100000e+00
     vertex  4.753126e+00  1.316429e-01  3.100000e+00
   endloop
 endfacet
 facet normal  0.000000e+00  0.000000e+00  1.000000e+00
   outer loop
     vertex  4.733014e+00  1.517918e-01  3.100000e+00
     vertex  3.597741e+00  3.698904e-01  3.100000e+00
     vertex  3.571594e+00  3.586283e-01  3.100000e+00
   endloop
 endfacet
 facet normal  0.000000e+00  0.000000e+00  1.000000e+00
   outer loop
     vertex  4.733014e+00  1.517918e-01  3.100000e+00
     vertex  3.571594e+00  3.586283e-01  3.100000e+00
     vertex  3.545762e+00  3.466616e-01  3.100000e+00
   endloop
 endfacet
 facet normal  0.000000e+00  0.000000e+00  1.000000e+00
   outer loop
     vertex  4.733014e+00  1.517918e-01  3.100000e+00
     vertex  4.669505e+00  2.088653e-01  3.100000e+00
     vertex  4.624679e+00  2.439646e-01  3.100000e+00
   endloop
 endfacet
 facet normal  0.000000e+00  0.000000e+00  1.000000e+00
   outer loop
     vertex  4.733014e+00  1.517918e-01  3.100000e+00
     vertex  3.545762e+00  3.466616e-01  3.100000e+00
     vertex  3.520265e+00  3.339989e-01  3.100000e+00
   endloop
 endfacet
 facet normal  0.000000e+00  0.000000e+00  1.000000e+00
   outer loop
     vertex  4.733014e+00  1.517918e-01  3.100000e+00
     vertex  3.520265e+00  3.339989e-01  3.100000e+00
     vertex  3.495119e+00  3.206495e-01  3.100000e+00
   endloop
 endfacet
 facet normal  0.000000e+00  0.000000e+00  1.000000e+00
   outer loop
     vertex  4.733014e+00  1.517918e-01  3.100000e+00
     vertex  3.495119e+00  3.206495e-01  3.100000e+00
     vertex  3.470345e+00  3.066234e-01  3.100000e+00
   endloop
 endfacet
 facet normal  0.000000e+00  0.000000e+00  1.000000e+00
   outer loop
     vertex  4.733014e+00  1.517918e-01  3.100000e+00
     vertex  3.470345e+00  3.066234e-01  3.100000e+00
     vertex  3.445961e+00  2.919308e-01  3.100000e+00
   endloop
 endfacet
 facet normal  0.000000e+00  0.000000e+00  1.000000e+00
   outer loop
     vertex  4.733014e+00  1.517918e-01  3.100000e+00
     vertex  3.445961e+00  2.919308e-01  3.100000e+00
     vertex  3.421984e+00  2.765826e-01  3.100000e+00
   endloop
 endfacet
 facet normal  0.000000e+00  0.000000e+00  1.000000e+00
   outer loop
     vertex  4.733014e+00  1.517918e-01  3.100000e+00
     vertex  3.421984e+00  2.765826e-01  3.100000e+00
     vertex  3.398431e+00  2.605899e-01  3.100000e+00
   endloop
 endfacet
 facet normal  0.000000e+00  0.000000e+00  1.000000e+00
   outer loop
     vertex  4.733014e+00  1.517918e-01  3.100000e+00
     vertex  3.398431e+00  2.605899e-01  3.100000e+00
     vertex  3.375321e+00  2.439646e-01  3.100000e+00
   endloop
 endfacet
 facet normal  0.000000e+00  0.000000e+00  1.000000e+00
   outer loop
     vertex  4.733014e+00  1.517918e-01  3.100000e+00
     vertex  3.375321e+00  2.439646e-01  3.100000e+00
     vertex  3.352670e+00  2.267188e-01  3.100000e+00
   endloop
 endfacet
 facet normal  0.000000e+00  0.000000e+00  1.000000e+00
   outer loop
     vertex  4.733014e+00  1.517918e-01  3.100000e+00
     vertex  3.352670e+00  2.267188e-01  3.100000e+00
     vertex  3.330495e+00  2.088653e-01  3.100000e+00
   endloop
 endfacet
 facet normal  0.000000e+00  0.000000e+00  1.000000e+00
   outer loop
     vertex  4.733014e+00  1.517918e-01  3.100000e+00
     vertex  3.330495e+00  2.088653e-01  3.100000e+00
     vertex  3.308812e+00  1.904172e-01  3.100000e+00
   endloop
 endfacet
 facet normal  0.000000e+00  0.000000e+00  1.000000e+00
   outer loop
     vertex  4.733014e+00  1.517918e-01  3.100000e+00
     vertex  3.308812e+00  1.904172e-01  3.100000e+00
     vertex  3.287637e+00  1.713880e-01  3.100000e+00
   endloop
 endfacet
 facet normal  0.000000e+00  0.000000e+00  1.000000e+00
   outer loop
     vertex  4.733014e+00  1.517918e-01  3.100000e+00
     vertex  3.287637e+00  1.713880e-01  3.100000e+00
     vertex  3.266986e+00  1.517918e-01  3.100000e+00
   endloop
 endfacet
 facet normal  0.000000e+00  0.000000e+00  1.000000e+00
   outer loop
     vertex  4.733014e+00  1.517918e-01  3.100000e+00
     vertex  3.266986e+00  1.517918e-01  3.100000e+00
     vertex  3.246874e+00  1.316429e-01  3.100000e+00
   endloop
 endfacet
 facet normal  0.000000e+00  0.000000e+00  1.000000e+00
   outer loop
     vertex  4.733014e+00  1.517918e-01  3.100000e+00
     vertex  3.246874e+00  1.316429e-01  3.100000e+00
     vertex  3.227315e+00  1.109561e-01  3.100000e+00
   endloop
 endfacet
 facet normal  0.000000e+00  0.000000e+00  1.000000e+00
   outer loop
     vertex  4.733014e+00  1.517918e-01  3.100000e+00
     vertex  3.227315e+00  1.109561e-01  3.100000e+00
     vertex  3.208325e+00  8.974672e-02  3.100000e+00
   endloop
 endfacet
 facet normal  0.000000e+00  0.000000e+00  1.000000e+00
   outer loop
     vertex  4.733014e+00  1.517918e-01  3.100000e+00
     vertex  3.208325e+00  8.974672e-02  3.100000e+00
     vertex  3.189916e+00  6.803026e-02  3.100000e+00
   endloop
 endfacet
 facet normal  0.000000e+00  0.000000e+00  1.000000e+00
   outer loop
     vertex  4.733014e+00  1.517918e-01  3.100000e+00
     vertex  3.189916e+00  6.803026e-02  3.100000e+00
     vertex  3.172103e+00  4.582271e-02  3.100000e+00
   endloop
 endfacet
 facet normal  0.000000e+00  0.000000e+00  1.000000e+00
   outer loop
     vertex  4.733014e+00  1.517918e-01  3.100000e+00
     vertex  3.172103e+00  4.582271e-02  3.100000e+00
     vertex  3.154899e+00  2.314040e-02  3.100000e+00
   endloop
 endfacet
 facet normal  0.000000e+00  0.000000e+00  1.000000e+00
   outer loop
     vertex  4.733014e+00  1.517918e-01  3.100000e+00
     vertex  3.154899e+00  2.314040e-02  3.100000e+00
     vertex  3.138316e+00  2.220446e-16  3.100000e+00
   endloop
 endfacet
 facet normal -8.128297e-01 -5.825013e-01 -7.162715e-20
   outer loop
     vertex  4.845101e+00  2.314040e-02  9.100000e+00
     vertex  4.861684e+00  0.000000e+00  3.100000e+00
     vertex  4.861684e+00  0.000000e+00  9.100000e+00
   endloop
 endfacet
 facet normal -8.128297e-01 -5.825013e-01 -0.000000e+00
   outer loop
     vertex  4.845101e+00  2.314040e-02  9.100000e+00
     vertex  4.845101e+00  2.314040e-02  3.100000e+00
     vertex  4.861684e+00  0.000000e+00  3.100000e+00
   endloop
 endfacet
 facet normal -7.967389e-01 -6.043237e-01 -1.443640e-19
   outer loop
     vertex  4.827897e+00  4.582271e-02  9.100000e+00
     vertex  4.845101e+00  2.314040e-02  3.100000e+00
     vertex  4.845101e+00  2.314040e-02  9.100000e+00
   endloop
 endfacet
 facet normal -7.967389e-01 -6.043237e-01 -0.000000e+00
   outer loop
     vertex  4.827897e+00  4.582271e-02  9.100000e+00
     vertex  4.827897e+00  4.582271e-02  3.100000e+00
     vertex  4.845101e+00  2.314040e-02  3.100000e+00
   endloop
 endfacet
 facet normal -7.800624e-01 -6.257018e-01 -0.000000e+00
   outer loop
     vertex  4.827897e+00  4.582271e-02  9.100000e+00
     vertex  4.810084e+00  6.803026e-02  3.100000e+00
     vertex  4.827897e+00  4.582271e-02  3.100000e+00
   endloop
 endfacet
 facet normal -7.800624e-01 -6.257018e-01 -0.000000e+00
   outer loop
     vertex  4.810084e+00  6.803026e-02  9.100000e+00
     vertex  4.810084e+00  6.803026e-02  3.100000e+00
     vertex  4.827897e+00  4.582271e-02  9.100000e+00
   endloop
 endfacet
 facet normal -7.628124e-01 -6.466199e-01 -1.166648e-19
   outer loop
     vertex  4.791675e+00  8.974672e-02  9.100000e+00
     vertex  4.810084e+00  6.803026e-02  3.100000e+00
     vertex  4.810084e+00  6.803026e-02  9.100000e+00
   endloop
 endfacet
 facet normal -7.628124e-01 -6.466199e-01 -0.000000e+00
   outer loop
     vertex  4.791675e+00  8.974672e-02  9.100000e+00
     vertex  4.791675e+00  8.974672e-02  3.100000e+00
     vertex  4.810084e+00  6.803026e-02  3.100000e+00
   endloop
 endfacet
 facet normal -7.450016e-01 -6.670627e-01 -0.000000e+00
   outer loop
     vertex  4.791675e+00  8.974672e-02  9.100000e+00
     vertex  4.772685e+00  1.109561e-01  3.100000e+00
     vertex  4.791675e+00  8.974672e-02  3.100000e+00
   endloop
 endfacet
 facet normal -7.450016e-01 -6.670627e-01 -0.000000e+00
   outer loop
     vertex  4.772685e+00  1.109561e-01  9.100000e+00
     vertex  4.772685e+00  1.109561e-01  3.100000e+00
     vertex  4.791675e+00  8.974672e-02  9.100000e+00
   endloop
 endfacet
 facet normal -7.266432e-01 -6.870150e-01  4.468493e-20
   outer loop
     vertex  4.753126e+00  1.316429e-01  9.100000e+00
     vertex  4.772685e+00  1.109561e-01  3.100000e+00
     vertex  4.772685e+00  1.109561e-01  9.100000e+00
   endloop
 endfacet
 facet normal -7.266432e-01 -6.870150e-01 -0.000000e+00
   outer loop
     vertex  4.753126e+00  1.316429e-01  9.100000e+00
     vertex  4.753126e+00  1.316429e-01  3.100000e+00
     vertex  4.772685e+00  1.109561e-01  3.100000e+00
   endloop
 endfacet
 facet normal -7.077506e-01 -7.064624e-01  1.056746e-19
   outer loop
     vertex  4.733014e+00  1.517918e-01  9.100000e+00
     vertex  4.753126e+00  1.316429e-01  3.100000e+00
     vertex  4.753126e+00  1.316429e-01  9.100000e+00
   endloop
 endfacet
 facet normal -7.077506e-01 -7.064624e-01 -0.000000e+00
   outer loop
     vertex  4.733014e+00  1.517918e-01  9.100000e+00
     vertex  4.733014e+00  1.517918e-01  3.100000e+00
     vertex  4.753126e+00  1.316429e-01  3.100000e+00
   endloop
 endfacet
 facet normal -6.883377e-01 -7.253904e-01  1.006940e-19
   outer loop
     vertex  4.712363e+00  1.713880e-01  9.100000e+00
     vertex  4.733014e+00  1.517918e-01  3.100000e+00
     vertex  4.733014e+00  1.517918e-01  9.100000e+00
   endloop
 endfacet
 facet normal -6.883377e-01 -7.253904e-01 -0.000000e+00
   outer loop
     vertex  4.712363e+00  1.713880e-01  9.100000e+00
     vertex  4.712363e+00  1.713880e-01  3.100000e+00
     vertex  4.733014e+00  1.517918e-01  3.100000e+00
   endloop
 endfacet
 facet normal -6.684188e-01 -7.437851e-01 -0.000000e+00
   outer loop
     vertex  4.712363e+00  1.713880e-01  9.100000e+00
     vertex  4.691188e+00  1.904172e-01  3.100000e+00
     vertex  4.712363e+00  1.713880e-01  3.100000e+00
   endloop
 endfacet
 facet normal -6.684188e-01 -7.437851e-01 -0.000000e+00
   outer loop
     vertex  4.691188e+00  1.904172e-01  9.100000e+00
     vertex  4.691188e+00  1.904172e-01  3.100000e+00
     vertex  4.712363e+00  1.713880e-01  9.100000e+00
   endloop
 endfacet
 facet normal -6.480085e-01 -7.616331e-01 -0.000000e+00
   outer loop
     vertex  4.669505e+00  2.088653e-01  9.100000e+00
     vertex  4.669505e+00  2.088653e-01  3.100000e+00
     vertex  4.691188e+00  1.904172e-01  3.100000e+00
   endloop
 endfacet
 facet normal -6.480085e-01 -7.616331e-01 -3.511596e-20
   outer loop
     vertex  4.669505e+00  2.088653e-01  9.100000e+00
     vertex  4.691188e+00  1.904172e-01  3.100000e+00
     vertex  4.691188e+00  1.904172e-01  9.100000e+00
   endloop
 endfacet
 facet normal -6.271218e-01 -7.789212e-01 -0.000000e+00
   outer loop
     vertex  4.647330e+00  2.267188e-01  9.100000e+00
     vertex  4.647330e+00  2.267188e-01  3.100000e+00
     vertex  4.669505e+00  2.088653e-01  3.100000e+00
   endloop
 endfacet
 facet normal -6.271218e-01 -7.789212e-01  4.512188e-20
   outer loop
     vertex  4.647330e+00  2.267188e-01  9.100000e+00
     vertex  4.669505e+00  2.088653e-01  3.100000e+00
     vertex  4.669505e+00  2.088653e-01  9.100000e+00
   endloop
 endfacet
 facet normal -6.057742e-01 -7.956366e-01 -0.000000e+00
   outer loop
     vertex  4.624679e+00  2.439646e-01  9.100000e+00
     vertex  4.624679e+00  2.439646e-01  3.100000e+00
     vertex  4.647330e+00  2.267188e-01  3.100000e+00
   endloop
 endfacet
 facet normal -5.839812e-01 -8.117672e-01 -0.000000e+00
   outer loop
     vertex  4.624679e+00  2.439646e-01  9.100000e+00
     vertex  4.601569e+00  2.605899e-01  3.100000e+00
     vertex  4.624679e+00  2.439646e-01  3.100000e+00
   endloop
 endfacet
 facet normal -6.057742e-01 -7.956366e-01  6.819127e-21
   outer loop
     vertex  4.624679e+00  2.439646e-01  9.100000e+00
     vertex  4.647330e+00  2.267188e-01  3.100000e+00
     vertex  4.647330e+00  2.267188e-01  9.100000e+00
   endloop
 endfacet
 facet normal -5.617589e-01 -8.273010e-01 -0.000000e+00
   outer loop
     vertex  4.601569e+00  2.605899e-01  9.100000e+00
     vertex  4.578016e+00  2.765826e-01  3.100000e+00
     vertex  4.601569e+00  2.605899e-01  3.100000e+00
   endloop
 endfacet
 facet normal -5.839812e-01 -8.117672e-01 -0.000000e+00
   outer loop
     vertex  4.601569e+00  2.605899e-01  9.100000e+00
     vertex  4.601569e+00  2.605899e-01  3.100000e+00
     vertex  4.624679e+00  2.439646e-01  9.100000e+00
   endloop
 endfacet
 facet normal -5.617589e-01 -8.273010e-01 -0.000000e+00
   outer loop
     vertex  4.578016e+00  2.765826e-01  9.100000e+00
     vertex  4.578016e+00  2.765826e-01  3.100000e+00
     vertex  4.601569e+00  2.605899e-01  9.100000e+00
   endloop
 endfacet
 facet normal -5.391236e-01 -8.422266e-01  1.463592e-20
   outer loop
     vertex  4.554039e+00  2.919308e-01  9.100000e+00
     vertex  4.578016e+00  2.765826e-01  3.100000e+00
     vertex  4.578016e+00  2.765826e-01  9.100000e+00
   endloop
 endfacet
 facet normal -5.391236e-01 -8.422266e-01 -0.000000e+00
   outer loop
     vertex  4.554039e+00  2.919308e-01  9.100000e+00
     vertex  4.554039e+00  2.919308e-01  3.100000e+00
     vertex  4.578016e+00  2.765826e-01  3.100000e+00
   endloop
 endfacet
 facet normal -5.160920e-01 -8.565331e-01 -0.000000e+00
   outer loop
     vertex  4.554039e+00  2.919308e-01  9.100000e+00
     vertex  4.529655e+00  3.066234e-01  3.100000e+00
     vertex  4.554039e+00  2.919308e-01  3.100000e+00
   endloop
 endfacet
 facet normal -5.160920e-01 -8.565331e-01 -0.000000e+00
   outer loop
     vertex  4.529655e+00  3.066234e-01  9.100000e+00
     vertex  4.529655e+00  3.066234e-01  3.100000e+00
     vertex  4.554039e+00  2.919308e-01  9.100000e+00
   endloop
 endfacet
 facet normal -4.926811e-01 -8.702100e-01 -1.050275e-19
   outer loop
     vertex  4.504881e+00  3.206495e-01  9.100000e+00
     vertex  4.529655e+00  3.066234e-01  3.100000e+00
     vertex  4.529655e+00  3.066234e-01  9.100000e+00
   endloop
 endfacet
 facet normal -4.926811e-01 -8.702100e-01 -0.000000e+00
   outer loop
     vertex  4.504881e+00  3.206495e-01  9.100000e+00
     vertex  4.504881e+00  3.206495e-01  3.100000e+00
     vertex  4.529655e+00  3.066234e-01  3.100000e+00
   endloop
 endfacet
 facet normal -4.689079e-01 -8.832471e-01 -1.712186e-20
   outer loop
     vertex  4.479735e+00  3.339989e-01  9.100000e+00
     vertex  4.504881e+00  3.206495e-01  3.100000e+00
     vertex  4.504881e+00  3.206495e-01  9.100000e+00
   endloop
 endfacet
 facet normal -4.689079e-01 -8.832471e-01 -0.000000e+00
   outer loop
     vertex  4.479735e+00  3.339989e-01  9.100000e+00
     vertex  4.479735e+00  3.339989e-01  3.100000e+00
     vertex  4.504881e+00  3.206495e-01  3.100000e+00
   endloop
 endfacet
 facet normal -4.447900e-01 -8.956349e-01 -4.496402e-20
   outer loop
     vertex  4.454238e+00  3.466616e-01  9.100000e+00
     vertex  4.479735e+00  3.339989e-01  3.100000e+00
     vertex  4.479735e+00  3.339989e-01  9.100000e+00
   endloop
 endfacet
 facet normal -4.447900e-01 -8.956349e-01 -0.000000e+00
   outer loop
     vertex  4.454238e+00  3.466616e-01  9.100000e+00
     vertex  4.454238e+00  3.466616e-01  3.100000e+00
     vertex  4.479735e+00  3.339989e-01  3.100000e+00
   endloop
 endfacet
 facet normal -4.203452e-01 -9.073643e-01 -2.800991e-20
   outer loop
     vertex  4.428406e+00  3.586283e-01  9.100000e+00
     vertex  4.454238e+00  3.466616e-01  3.100000e+00
     vertex  4.454238e+00  3.466616e-01  9.100000e+00
   endloop
 endfacet
 facet normal -4.203452e-01 -9.073643e-01 -0.000000e+00
   outer loop
     vertex  4.428406e+00  3.586283e-01  9.100000e+00
     vertex  4.428406e+00  3.586283e-01  3.100000e+00
     vertex  4.454238e+00  3.466616e-01  3.100000e+00
   endloop
 endfacet
 facet normal -3.955913e-01 -9.184267e-01 -0.000000e+00
   outer loop
     vertex  4.428406e+00  3.586283e-01  9.100000e+00
     vertex  4.402259e+00  3.698904e-01  3.100000e+00
     vertex  4.428406e+00  3.586283e-01  3.100000e+00
   endloop
 endfacet
 facet normal -3.955913e-01 -9.184267e-01 -0.000000e+00
   outer loop
     vertex  4.402259e+00  3.698904e-01  9.100000e+00
     vertex  4.402259e+00  3.698904e-01  3.100000e+00
     vertex  4.428406e+00  3.586283e-01  9.100000e+00
   endloop
 endfacet
 facet normal -3.705466e-01 -9.288139e-01 -0.000000e+00
   outer loop
     vertex  4.402259e+00  3.698904e-01  9.100000e+00
     vertex  4.375817e+00  3.804395e-01  3.100000e+00
     vertex  4.402259e+00  3.698904e-01  3.100000e+00
   endloop
 endfacet
 facet normal -3.705466e-01 -9.288139e-01 -0.000000e+00
   outer loop
     vertex  4.375817e+00  3.804395e-01  9.100000e+00
     vertex  4.375817e+00  3.804395e-01  3.100000e+00
     vertex  4.402259e+00  3.698904e-01  9.100000e+00
   endloop
 endfacet
 facet normal -3.452296e-01 -9.385183e-01  4.258645e-21
   outer loop
     vertex  4.349098e+00  3.902678e-01  9.100000e+00
     vertex  4.375817e+00  3.804395e-01  3.100000e+00
     vertex  4.375817e+00  3.804395e-01  9.100000e+00
   endloop
 endfacet
 facet normal -3.452296e-01 -9.385183e-01 -0.000000e+00
   outer loop
     vertex  4.349098e+00  3.902678e-01  9.100000e+00
     vertex  4.349098e+00  3.902678e-01  3.100000e+00
     vertex  4.375817e+00  3.804395e-01  3.100000e+00
   endloop
 endfacet
 facet normal -3.196587e-01 -9.475328e-01 -0.000000e+00
   outer loop
     vertex  4.349098e+00  3.902678e-01  9.100000e+00
     vertex  4.322123e+00  3.993681e-01  3.100000e+00
     vertex  4.349098e+00  3.902678e-01  3.100000e+00
   endloop
 endfacet
 facet normal -3.196587e-01 -9.475328e-01 -0.000000e+00
   outer loop
     vertex  4.322123e+00  3.993681e-01  9.100000e+00
     vertex  4.322123e+00  3.993681e-01  3.100000e+00
     vertex  4.349098e+00  3.902678e-01  9.100000e+00
   endloop
 endfacet
 facet normal -2.938528e-01 -9.558507e-01  3.174918e-20
   outer loop
     vertex  4.294911e+00  4.077338e-01  9.100000e+00
     vertex  4.322123e+00  3.993681e-01  3.100000e+00
     vertex  4.322123e+00  3.993681e-01  9.100000e+00
   endloop
 endfacet
 facet normal -2.938528e-01 -9.558507e-01 -0.000000e+00
   outer loop
     vertex  4.294911e+00  4.077338e-01  9.100000e+00
     vertex  4.294911e+00  4.077338e-01  3.100000e+00
     vertex  4.322123e+00  3.993681e-01  3.100000e+00
   endloop
 endfacet
 facet normal -2.678310e-01 -9.634659e-01 -5.465148e-21
   outer loop
     vertex  4.267482e+00  4.153587e-01  9.100000e+00
     vertex  4.294911e+00  4.077338e-01  3.100000e+00
     vertex  4.294911e+00  4.077338e-01  9.100000e+00
   endloop
 endfacet
 facet normal -2.678310e-01 -9.634659e-01 -0.000000e+00
   outer loop
     vertex  4.267482e+00  4.153587e-01  9.100000e+00
     vertex  4.267482e+00  4.153587e-01  3.100000e+00
     vertex  4.294911e+00  4.077338e-01  3.100000e+00
   endloop
 endfacet
 facet normal -2.416122e-01 -9.703729e-01  2.562521e-20
   outer loop
     vertex  4.239857e+00  4.222371e-01  9.100000e+00
     vertex  4.267482e+00  4.153587e-01  3.100000e+00
     vertex  4.267482e+00  4.153587e-01  9.100000e+00
   endloop
 endfacet
 facet normal -2.416122e-01 -9.703729e-01 -0.000000e+00
   outer loop
     vertex  4.239857e+00  4.222371e-01  9.100000e+00
     vertex  4.239857e+00  4.222371e-01  3.100000e+00
     vertex  4.267482e+00  4.153587e-01  3.100000e+00
   endloop
 endfacet
 facet normal -1.886613e-01 -9.820422e-01 -0.000000e+00
   outer loop
     vertex  4.212055e+00  4.283641e-01  9.100000e+00
     vertex  4.184097e+00  4.337351e-01  3.100000e+00
     vertex  4.212055e+00  4.283641e-01  3.100000e+00
   endloop
 endfacet
 facet normal -2.152158e-01 -9.765665e-01  7.620129e-20
   outer loop
     vertex  4.212055e+00  4.283641e-01  9.100000e+00
     vertex  4.239857e+00  4.222371e-01  3.100000e+00
     vertex  4.239857e+00  4.222371e-01  9.100000e+00
   endloop
 endfacet
 facet normal -2.152158e-01 -9.765665e-01 -0.000000e+00
   outer loop
     vertex  4.212055e+00  4.283641e-01  9.100000e+00
     vertex  4.212055e+00  4.283641e-01  3.100000e+00
     vertex  4.239857e+00  4.222371e-01  3.100000e+00
   endloop
 endfacet
 facet normal -1.886613e-01 -9.820422e-01 -0.000000e+00
   outer loop
     vertex  4.184097e+00  4.337351e-01  9.100000e+00
     vertex  4.184097e+00  4.337351e-01  3.100000e+00
     vertex  4.212055e+00  4.283641e-01  9.100000e+00
   endloop
 endfacet
 facet normal -1.619680e-01 -9.867960e-01 -0.000000e+00
   outer loop
     vertex  4.156004e+00  4.383461e-01  9.100000e+00
     vertex  4.156004e+00  4.383461e-01  3.100000e+00
     vertex  4.184097e+00  4.337351e-01  3.100000e+00
   endloop
 endfacet
 facet normal -1.351556e-01 -9.908244e-01 -0.000000e+00
   outer loop
     vertex  4.156004e+00  4.383461e-01  9.100000e+00
     vertex  4.127797e+00  4.421939e-01  3.100000e+00
     vertex  4.156004e+00  4.383461e-01  3.100000e+00
   endloop
 endfacet
 facet normal -1.619680e-01 -9.867960e-01  3.730504e-20
   outer loop
     vertex  4.156004e+00  4.383461e-01  9.100000e+00
     vertex  4.184097e+00  4.337351e-01  3.100000e+00
     vertex  4.184097e+00  4.337351e-01  9.100000e+00
   endloop
 endfacet
 facet normal -1.082439e-01 -9.941244e-01 -0.000000e+00
   outer loop
     vertex  4.127797e+00  4.421939e-01  9.100000e+00
     vertex  4.099495e+00  4.452755e-01  3.100000e+00
     vertex  4.127797e+00  4.421939e-01  3.100000e+00
   endloop
 endfacet
 facet normal -1.351556e-01 -9.908244e-01 -0.000000e+00
   outer loop
     vertex  4.127797e+00  4.421939e-01  9.100000e+00
     vertex  4.127797e+00  4.421939e-01  3.100000e+00
     vertex  4.156004e+00  4.383461e-01  9.100000e+00
   endloop
 endfacet
 facet normal -1.082439e-01 -9.941244e-01 -0.000000e+00
   outer loop
     vertex  4.099495e+00  4.452755e-01  9.100000e+00
     vertex  4.099495e+00  4.452755e-01  3.100000e+00
     vertex  4.127797e+00  4.421939e-01  9.100000e+00
   endloop
 endfacet
 facet normal -8.125265e-02 -9.966935e-01 -0.000000e+00
   outer loop
     vertex  4.071120e+00  4.475886e-01  9.100000e+00
     vertex  4.071120e+00  4.475886e-01  3.100000e+00
     vertex  4.099495e+00  4.452755e-01  3.100000e+00
   endloop
 endfacet
 facet normal -5.420164e-02 -9.985300e-01 -0.000000e+00
   outer loop
     vertex  4.071120e+00  4.475886e-01  9.100000e+00
     vertex  4.042693e+00  4.491317e-01  3.100000e+00
     vertex  4.071120e+00  4.475886e-01  3.100000e+00
   endloop
 endfacet
 facet normal -8.125265e-02 -9.966935e-01  2.400611e-20
   outer loop
     vertex  4.071120e+00  4.475886e-01  9.100000e+00
     vertex  4.099495e+00  4.452755e-01  3.100000e+00
     vertex  4.099495e+00  4.452755e-01  9.100000e+00
   endloop
 endfacet
 facet normal -5.420164e-02 -9.985300e-01 -0.000000e+00
   outer loop
     vertex  4.042693e+00  4.491317e-01  9.100000e+00
     vertex  4.042693e+00  4.491317e-01  3.100000e+00
     vertex  4.071120e+00  4.475886e-01  9.100000e+00
   endloop
 endfacet
 facet normal -2.711078e-02 -9.996324e-01 -0.000000e+00
   outer loop
     vertex  4.014234e+00  4.499035e-01  9.100000e+00
     vertex  4.014234e+00  4.499035e-01  3.100000e+00
     vertex  4.042693e+00  4.491317e-01  3.100000e+00
   endloop
 endfacet
 facet normal -2.711078e-02 -9.996324e-01  8.442773e-21
   outer loop
     vertex  4.014234e+00  4.499035e-01  9.100000e+00
     vertex  4.042693e+00  4.491317e-01  3.100000e+00
     vertex  4.042693e+00  4.491317e-01  9.100000e+00
   endloop
 endfacet
 facet normal  0.000000e+00 -1.000000e+00  0.000000e+00
   outer loop
     vertex  3.985766e+00  4.499035e-01  9.100000e+00
     vertex  3.985766e+00  4.499035e-01  3.100000e+00
     vertex  4.014234e+00  4.499035e-01  3.100000e+00
   endloop
 endfacet
 facet normal  2.711078e-02 -9.996324e-01  0.000000e+00
   outer loop
     vertex  3.985766e+00  4.499035e-01  9.100000e+00
     vertex  3.957307e+00  4.491317e-01  3.100000e+00
     vertex  3.985766e+00  4.499035e-01  3.100000e+00
   endloop
 endfacet
 facet normal  0.000000e+00 -1.000000e+00  0.000000e+00
   outer loop
     vertex  3.985766e+00  4.499035e-01  9.100000e+00
     vertex  4.014234e+00  4.499035e-01  3.100000e+00
     vertex  4.014234e+00  4.499035e-01  9.100000e+00
   endloop
 endfacet
 facet normal  5.420164e-02 -9.985300e-01  0.000000e+00
   outer loop
     vertex  3.957307e+00  4.491317e-01  9.100000e+00
     vertex  3.928880e+00  4.475886e-01  3.100000e+00
     vertex  3.957307e+00  4.491317e-01  3.100000e+00
   endloop
 endfacet
 facet normal  2.711078e-02 -9.996324e-01  0.000000e+00
   outer loop
     vertex  3.957307e+00  4.491317e-01  9.100000e+00
     vertex  3.957307e+00  4.491317e-01  3.100000e+00
     vertex  3.985766e+00  4.499035e-01  9.100000e+00
   endloop
 endfacet
 facet normal  5.420164e-02 -9.985300e-01  0.000000e+00
   outer loop
     vertex  3.928880e+00  4.475886e-01  9.100000e+00
     vertex  3.928880e+00  4.475886e-01  3.100000e+00
     vertex  3.957307e+00  4.491317e-01  9.100000e+00
   endloop
 endfacet
 facet normal  8.125265e-02 -9.966935e-01  3.081955e-20
   outer loop
     vertex  3.900505e+00  4.452755e-01  9.100000e+00
     vertex  3.928880e+00  4.475886e-01  3.100000e+00
     vertex  3.928880e+00  4.475886e-01  9.100000e+00
   endloop
 endfacet
 facet normal  8.125265e-02 -9.966935e-01  0.000000e+00
   outer loop
     vertex  3.900505e+00  4.452755e-01  9.100000e+00
     vertex  3.900505e+00  4.452755e-01  3.100000e+00
     vertex  3.928880e+00  4.475886e-01  3.100000e+00
   endloop
 endfacet
 facet normal  1.082439e-01 -9.941244e-01  8.796120e-21
   outer loop
     vertex  3.872203e+00  4.421939e-01  9.100000e+00
     vertex  3.900505e+00  4.452755e-01  3.100000e+00
     vertex  3.900505e+00  4.452755e-01  9.100000e+00
   endloop
 endfacet
 facet normal  1.082439e-01 -9.941244e-01  0.000000e+00
   outer loop
     vertex  3.872203e+00  4.421939e-01  9.100000e+00
     vertex  3.872203e+00  4.421939e-01  3.100000e+00
     vertex  3.900505e+00  4.452755e-01  3.100000e+00
   endloop
 endfacet
 facet normal  1.351556e-01 -9.908244e-01  0.000000e+00
   outer loop
     vertex  3.872203e+00  4.421939e-01  9.100000e+00
     vertex  3.843996e+00  4.383461e-01  3.100000e+00
     vertex  3.872203e+00  4.421939e-01  3.100000e+00
   endloop
 endfacet
 facet normal  1.351556e-01 -9.908244e-01  0.000000e+00
   outer loop
     vertex  3.843996e+00  4.383461e-01  9.100000e+00
     vertex  3.843996e+00  4.383461e-01  3.100000e+00
     vertex  3.872203e+00  4.421939e-01  9.100000e+00
   endloop
 endfacet
 facet normal  1.619680e-01 -9.867960e-01  0.000000e+00
   outer loop
     vertex  3.815903e+00  4.337351e-01  9.100000e+00
     vertex  3.815903e+00  4.337351e-01  3.100000e+00
     vertex  3.843996e+00  4.383461e-01  3.100000e+00
   endloop
 endfacet
 facet normal  1.619680e-01 -9.867960e-01 -5.239455e-20
   outer loop
     vertex  3.815903e+00  4.337351e-01  9.100000e+00
     vertex  3.843996e+00  4.383461e-01  3.100000e+00
     vertex  3.843996e+00  4.383461e-01  9.100000e+00
   endloop
 endfacet
 facet normal  1.886613e-01 -9.820422e-01 -7.584022e-20
   outer loop
     vertex  3.787945e+00  4.283641e-01  9.100000e+00
     vertex  3.815903e+00  4.337351e-01  3.100000e+00
     vertex  3.815903e+00  4.337351e-01  9.100000e+00
   endloop
 endfacet
 facet normal  1.886613e-01 -9.820422e-01  0.000000e+00
   outer loop
     vertex  3.787945e+00  4.283641e-01  9.100000e+00
     vertex  3.787945e+00  4.283641e-01  3.100000e+00
     vertex  3.815903e+00  4.337351e-01  3.100000e+00
   endloop
 endfacet
 facet normal  2.152158e-01 -9.765665e-01  0.000000e+00
   outer loop
     vertex  3.760143e+00  4.222371e-01  9.100000e+00
     vertex  3.760143e+00  4.222371e-01  3.100000e+00
     vertex  3.787945e+00  4.283641e-01  3.100000e+00
   endloop
 endfacet
 facet normal  2.152158e-01 -9.765665e-01 -5.451497e-20
   outer loop
     vertex  3.760143e+00  4.222371e-01  9.100000e+00
     vertex  3.787945e+00  4.283641e-01  3.100000e+00
     vertex  3.787945e+00  4.283641e-01  9.100000e+00
   endloop
 endfacet
 facet normal  2.416122e-01 -9.703729e-01  0.000000e+00
   outer loop
     vertex  3.732518e+00  4.153587e-01  9.100000e+00
     vertex  3.732518e+00  4.153587e-01  3.100000e+00
     vertex  3.760143e+00  4.222371e-01  3.100000e+00
   endloop
 endfacet
 facet normal  2.678310e-01 -9.634659e-01  0.000000e+00
   outer loop
     vertex  3.732518e+00  4.153587e-01  9.100000e+00
     vertex  3.705089e+00  4.077338e-01  3.100000e+00
     vertex  3.732518e+00  4.153587e-01  3.100000e+00
   endloop
 endfacet
 facet normal  2.416122e-01 -9.703729e-01  2.254789e-20
   outer loop
     vertex  3.732518e+00  4.153587e-01  9.100000e+00
     vertex  3.760143e+00  4.222371e-01  3.100000e+00
     vertex  3.760143e+00  4.222371e-01  9.100000e+00
   endloop
 endfacet
 facet normal  2.678310e-01 -9.634659e-01  0.000000e+00
   outer loop
     vertex  3.705089e+00  4.077338e-01  9.100000e+00
     vertex  3.705089e+00  4.077338e-01  3.100000e+00
     vertex  3.732518e+00  4.153587e-01  9.100000e+00
   endloop
 endfacet
 facet normal  2.938528e-01 -9.558507e-01  0.000000e+00
   outer loop
     vertex  3.677877e+00  3.993681e-01  9.100000e+00
     vertex  3.677877e+00  3.993681e-01  3.100000e+00
     vertex  3.705089e+00  4.077338e-01  3.100000e+00
   endloop
 endfacet
 facet normal  2.938528e-01 -9.558507e-01  4.133563e-20
   outer loop
     vertex  3.677877e+00  3.993681e-01  9.100000e+00
     vertex  3.705089e+00  4.077338e-01  3.100000e+00
     vertex  3.705089e+00  4.077338e-01  9.100000e+00
   endloop
 endfacet
 facet normal  3.196587e-01 -9.475328e-01  0.000000e+00
   outer loop
     vertex  3.650902e+00  3.902678e-01  9.100000e+00
     vertex  3.650902e+00  3.902678e-01  3.100000e+00
     vertex  3.677877e+00  3.993681e-01  3.100000e+00
   endloop
 endfacet
 facet normal  3.196587e-01 -9.475328e-01  9.206745e-20
   outer loop
     vertex  3.650902e+00  3.902678e-01  9.100000e+00
     vertex  3.677877e+00  3.993681e-01  3.100000e+00
     vertex  3.677877e+00  3.993681e-01  9.100000e+00
   endloop
 endfacet
 facet normal  3.452296e-01 -9.385183e-01  0.000000e+00
   outer loop
     vertex  3.624183e+00  3.804395e-01  9.100000e+00
     vertex  3.624183e+00  3.804395e-01  3.100000e+00
     vertex  3.650902e+00  3.902678e-01  3.100000e+00
   endloop
 endfacet
 facet normal  3.452296e-01 -9.385183e-01 -4.258645e-21
   outer loop
     vertex  3.624183e+00  3.804395e-01  9.100000e+00
     vertex  3.650902e+00  3.902678e-01  3.100000e+00
     vertex  3.650902e+00  3.902678e-01  9.100000e+00
   endloop
 endfacet
 facet normal  3.705466e-01 -9.288139e-01  0.000000e+00
   outer loop
     vertex  3.597741e+00  3.698904e-01  9.100000e+00
     vertex  3.597741e+00  3.698904e-01  3.100000e+00
     vertex  3.624183e+00  3.804395e-01  3.100000e+00
   endloop
 endfacet
 facet normal  3.705466e-01 -9.288139e-01 -6.039341e-20
   outer loop
     vertex  3.597741e+00  3.698904e-01  9.100000e+00
     vertex  3.624183e+00  3.804395e-01  3.100000e+00
     vertex  3.624183e+00  3.804395e-01  9.100000e+00
   endloop
 endfacet
 facet normal  3.955913e-01 -9.184267e-01  0.000000e+00
   outer loop
     vertex  3.571594e+00  3.586283e-01  9.100000e+00
     vertex  3.571594e+00  3.586283e-01  3.100000e+00
     vertex  3.597741e+00  3.698904e-01  3.100000e+00
   endloop
 endfacet
 facet normal  3.955913e-01 -9.184267e-01 -1.147938e-19
   outer loop
     vertex  3.571594e+00  3.586283e-01  9.100000e+00
     vertex  3.597741e+00  3.698904e-01  3.100000e+00
     vertex  3.597741e+00  3.698904e-01  9.100000e+00
   endloop
 endfacet
 facet normal  4.203452e-01 -9.073643e-01  0.000000e+00
   outer loop
     vertex  3.545762e+00  3.466616e-01  9.100000e+00
     vertex  3.545762e+00  3.466616e-01  3.100000e+00
     vertex  3.571594e+00  3.586283e-01  3.100000e+00
   endloop
 endfacet
 facet normal  4.203452e-01 -9.073643e-01  3.812358e-20
   outer loop
     vertex  3.545762e+00  3.466616e-01  9.100000e+00
     vertex  3.571594e+00  3.586283e-01  3.100000e+00
     vertex  3.571594e+00  3.586283e-01  9.100000e+00
   endloop
 endfacet
 facet normal  4.447900e-01 -8.956349e-01  0.000000e+00
   outer loop
     vertex  3.520265e+00  3.339989e-01  9.100000e+00
     vertex  3.520265e+00  3.339989e-01  3.100000e+00
     vertex  3.545762e+00  3.466616e-01  3.100000e+00
   endloop
 endfacet
 facet normal  4.447900e-01 -8.956349e-01  1.297522e-19
   outer loop
     vertex  3.520265e+00  3.339989e-01  9.100000e+00
     vertex  3.545762e+00  3.466616e-01  3.100000e+00
     vertex  3.545762e+00  3.466616e-01  9.100000e+00
   endloop
 endfacet
 facet normal  4.689079e-01 -8.832471e-01  0.000000e+00
   outer loop
     vertex  3.495119e+00  3.206495e-01  9.100000e+00
     vertex  3.495119e+00  3.206495e-01  3.100000e+00
     vertex  3.520265e+00  3.339989e-01  3.100000e+00
   endloop
 endfacet
 facet normal  4.926811e-01 -8.702100e-01  0.000000e+00
   outer loop
     vertex  3.495119e+00  3.206495e-01  9.100000e+00
     vertex  3.470345e+00  3.066234e-01  3.100000e+00
     vertex  3.495119e+00  3.206495e-01  3.100000e+00
   endloop
 endfacet
 facet normal  4.689079e-01 -8.832471e-01 -2.898275e-20
   outer loop
     vertex  3.495119e+00  3.206495e-01  9.100000e+00
     vertex  3.520265e+00  3.339989e-01  3.100000e+00
     vertex  3.520265e+00  3.339989e-01  9.100000e+00
   endloop
 endfacet
 facet normal  4.926811e-01 -8.702100e-01  0.000000e+00
   outer loop
     vertex  3.470345e+00  3.066234e-01  9.100000e+00
     vertex  3.470345e+00  3.066234e-01  3.100000e+00
     vertex  3.495119e+00  3.206495e-01  9.100000e+00
   endloop
 endfacet
 facet normal  5.160920e-01 -8.565331e-01  0.000000e+00
   outer loop
     vertex  3.445961e+00  2.919308e-01  9.100000e+00
     vertex  3.445961e+00  2.919308e-01  3.100000e+00
     vertex  3.470345e+00  3.066234e-01  3.100000e+00
   endloop
 endfacet
 facet normal  5.160920e-01 -8.565331e-01  5.526678e-21
   outer loop
     vertex  3.445961e+00  2.919308e-01  9.100000e+00
     vertex  3.470345e+00  3.066234e-01  3.100000e+00
     vertex  3.470345e+00  3.066234e-01  9.100000e+00
   endloop
 endfacet
 facet normal  5.391236e-01 -8.422266e-01  0.000000e+00
   outer loop
     vertex  3.421984e+00  2.765826e-01  9.100000e+00
     vertex  3.421984e+00  2.765826e-01  3.100000e+00
     vertex  3.445961e+00  2.919308e-01  3.100000e+00
   endloop
 endfacet
 facet normal  5.617589e-01 -8.273010e-01  0.000000e+00
   outer loop
     vertex  3.421984e+00  2.765826e-01  9.100000e+00
     vertex  3.398431e+00  2.605899e-01  3.100000e+00
     vertex  3.421984e+00  2.765826e-01  3.100000e+00
   endloop
 endfacet
 facet normal  5.391236e-01 -8.422266e-01 -1.463592e-20
   outer loop
     vertex  3.421984e+00  2.765826e-01  9.100000e+00
     vertex  3.445961e+00  2.919308e-01  3.100000e+00
     vertex  3.445961e+00  2.919308e-01  9.100000e+00
   endloop
 endfacet
 facet normal  5.839812e-01 -8.117672e-01  0.000000e+00
   outer loop
     vertex  3.398431e+00  2.605899e-01  9.100000e+00
     vertex  3.375321e+00  2.439646e-01  3.100000e+00
     vertex  3.398431e+00  2.605899e-01  3.100000e+00
   endloop
 endfacet
 facet normal  5.617589e-01 -8.273010e-01  0.000000e+00
   outer loop
     vertex  3.398431e+00  2.605899e-01  9.100000e+00
     vertex  3.398431e+00  2.605899e-01  3.100000e+00
     vertex  3.421984e+00  2.765826e-01  9.100000e+00
   endloop
 endfacet
 facet normal  5.839812e-01 -8.117672e-01  0.000000e+00
   outer loop
     vertex  3.375321e+00  2.439646e-01  9.100000e+00
     vertex  3.375321e+00  2.439646e-01  3.100000e+00
     vertex  3.398431e+00  2.605899e-01  9.100000e+00
   endloop
 endfacet
 facet normal  6.057742e-01 -7.956366e-01  0.000000e+00
   outer loop
     vertex  3.352670e+00  2.267188e-01  9.100000e+00
     vertex  3.352670e+00  2.267188e-01  3.100000e+00
     vertex  3.375321e+00  2.439646e-01  3.100000e+00
   endloop
 endfacet
 facet normal  6.057742e-01 -7.956366e-01 -2.476943e-20
   outer loop
     vertex  3.352670e+00  2.267188e-01  9.100000e+00
     vertex  3.375321e+00  2.439646e-01  3.100000e+00
     vertex  3.375321e+00  2.439646e-01  9.100000e+00
   endloop
 endfacet
 facet normal  6.271218e-01 -7.789212e-01  0.000000e+00
   outer loop
     vertex  3.330495e+00  2.088653e-01  9.100000e+00
     vertex  3.330495e+00  2.088653e-01  3.100000e+00
     vertex  3.352670e+00  2.267188e-01  3.100000e+00
   endloop
 endfacet
 facet normal  6.271218e-01 -7.789212e-01 -4.512188e-20
   outer loop
     vertex  3.330495e+00  2.088653e-01  9.100000e+00
     vertex  3.352670e+00  2.267188e-01  3.100000e+00
     vertex  3.352670e+00  2.267188e-01  9.100000e+00
   endloop
 endfacet
 facet normal  6.480085e-01 -7.616331e-01  0.000000e+00
   outer loop
     vertex  3.308812e+00  1.904172e-01  9.100000e+00
     vertex  3.308812e+00  1.904172e-01  3.100000e+00
     vertex  3.330495e+00  2.088653e-01  3.100000e+00
   endloop
 endfacet
 facet normal  6.684188e-01 -7.437851e-01  0.000000e+00
   outer loop
     vertex  3.308812e+00  1.904172e-01  9.100000e+00
     vertex  3.287637e+00  1.713880e-01  3.100000e+00
     vertex  3.308812e+00  1.904172e-01  3.100000e+00
   endloop
 endfacet
 facet normal  6.480085e-01 -7.616331e-01 -4.546456e-20
   outer loop
     vertex  3.308812e+00  1.904172e-01  9.100000e+00
     vertex  3.330495e+00  2.088653e-01  3.100000e+00
     vertex  3.330495e+00  2.088653e-01  9.100000e+00
   endloop
 endfacet
 facet normal  6.684188e-01 -7.437851e-01  0.000000e+00
   outer loop
     vertex  3.287637e+00  1.713880e-01  9.100000e+00
     vertex  3.287637e+00  1.713880e-01  3.100000e+00
     vertex  3.308812e+00  1.904172e-01  9.100000e+00
   endloop
 endfacet
 facet normal  6.883377e-01 -7.253904e-01  1.235422e-19
   outer loop
     vertex  3.266986e+00  1.517918e-01  9.100000e+00
     vertex  3.287637e+00  1.713880e-01  3.100000e+00
     vertex  3.287637e+00  1.713880e-01  9.100000e+00
   endloop
 endfacet
 facet normal  6.883377e-01 -7.253904e-01  0.000000e+00
   outer loop
     vertex  3.266986e+00  1.517918e-01  9.100000e+00
     vertex  3.266986e+00  1.517918e-01  3.100000e+00
     vertex  3.287637e+00  1.713880e-01  3.100000e+00
   endloop
 endfacet
 facet normal  7.077506e-01 -7.064624e-01  0.000000e+00
   outer loop
     vertex  3.266986e+00  1.517918e-01  9.100000e+00
     vertex  3.246874e+00  1.316429e-01  3.100000e+00
     vertex  3.266986e+00  1.517918e-01  3.100000e+00
   endloop
 endfacet
 facet normal  7.077506e-01 -7.064624e-01  0.000000e+00
   outer loop
     vertex  3.246874e+00  1.316429e-01  9.100000e+00
     vertex  3.246874e+00  1.316429e-01  3.100000e+00
     vertex  3.266986e+00  1.517918e-01  9.100000e+00
   endloop
 endfacet
 facet normal  7.266432e-01 -6.870150e-01 -6.630191e-20
   outer loop
     vertex  3.227315e+00  1.109561e-01  9.100000e+00
     vertex  3.246874e+00  1.316429e-01  3.100000e+00
     vertex  3.246874e+00  1.316429e-01  9.100000e+00
   endloop
 endfacet
 facet normal  7.266432e-01 -6.870150e-01  0.000000e+00
   outer loop
     vertex  3.227315e+00  1.109561e-01  9.100000e+00
     vertex  3.227315e+00  1.109561e-01  3.100000e+00
     vertex  3.246874e+00  1.316429e-01  3.100000e+00
   endloop
 endfacet
 facet normal  7.450016e-01 -6.670627e-01  0.000000e+00
   outer loop
     vertex  3.227315e+00  1.109561e-01  9.100000e+00
     vertex  3.208325e+00  8.974672e-02  3.100000e+00
     vertex  3.227315e+00  1.109561e-01  3.100000e+00
   endloop
 endfacet
 facet normal  7.450016e-01 -6.670627e-01  0.000000e+00
   outer loop
     vertex  3.208325e+00  8.974672e-02  9.100000e+00
     vertex  3.208325e+00  8.974672e-02  3.100000e+00
     vertex  3.227315e+00  1.109561e-01  9.100000e+00
   endloop
 endfacet
 facet normal  7.628124e-01 -6.466199e-01 -9.643932e-21
   outer loop
     vertex  3.189916e+00  6.803026e-02  9.100000e+00
     vertex  3.208325e+00  8.974672e-02  3.100000e+00
     vertex  3.208325e+00  8.974672e-02  9.100000e+00
   endloop
 endfacet
 facet normal  7.628124e-01 -6.466199e-01  0.000000e+00
   outer loop
     vertex  3.189916e+00  6.803026e-02  9.100000e+00
     vertex  3.189916e+00  6.803026e-02  3.100000e+00
     vertex  3.208325e+00  8.974672e-02  3.100000e+00
   endloop
 endfacet
 facet normal  7.800624e-01 -6.257018e-01  3.613858e-20
   outer loop
     vertex  3.172103e+00  4.582271e-02  9.100000e+00
     vertex  3.189916e+00  6.803026e-02  3.100000e+00
     vertex  3.189916e+00  6.803026e-02  9.100000e+00
   endloop
 endfacet
 facet normal  7.800624e-01 -6.257018e-01  0.000000e+00
   outer loop
     vertex  3.172103e+00  4.582271e-02  9.100000e+00
     vertex  3.172103e+00  4.582271e-02  3.100000e+00
     vertex  3.189916e+00  6.803026e-02  3.100000e+00
   endloop
 endfacet
 facet normal  7.967389e-01 -6.043237e-01  1.443640e-19
   outer loop
     vertex  3.154899e+00  2.314040e-02  9.100000e+00
     vertex  3.172103e+00  4.582271e-02  3.100000e+00
     vertex  3.172103e+00  4.582271e-02  9.100000e+00
   endloop
 endfacet
 facet normal  7.967389e-01 -6.043237e-01  0.000000e+00
   outer loop
     vertex  3.154899e+00  2.314040e-02  9.100000e+00
     vertex  3.154899e+00  2.314040e-02  3.100000e+00
     vertex  3.172103e+00  4.582271e-02  3.100000e+00
   endloop
 endfacet
 facet normal  8.128297e-01 -5.825013e-01  0.000000e+00
   outer loop
     vertex  3.154899e+00  2.314040e-02  9.100000e+00
     vertex  3.138316e+00  2.220446e-16  3.100000e+00
     vertex  3.154899e+00  2.314040e-02  3.100000e+00
   endloop
 endfacet
 facet normal  8.128297e-01 -5.825013e-01  0.000000e+00
   outer loop
     vertex  3.138316e+00  2.220446e-16  9.100000e+00
     vertex  3.138316e+00  2.220446e-16  3.100000e+00
     vertex  3.154899e+00  2.314040e-02  9.100000e+00
   endloop
 endfacet
 facet normal  0.000000e+00  0.000000e+00 -1.000000e+00
   outer loop
     vertex  4.156004e+00  4.383461e-01  9.100000e+00
     vertex  4.099495e+00  4.452755e-01  9.100000e+00
     vertex  4.127797e+00  4.421939e-01  9.100000e+00
   endloop
 endfacet
 facet normal  0.000000e+00  0.000000e+00 -1.000000e+00
   outer loop
     vertex  4.267482e+00  4.153587e-01  9.100000e+00
     vertex  4.212055e+00  4.283641e-01  9.100000e+00
     vertex  4.239857e+00  4.222371e-01  9.100000e+00
   endloop
 endfacet
 facet normal  0.000000e+00  0.000000e+00 -1.000000e+00
   outer loop
     vertex  4.322123e+00  3.993681e-01  9.100000e+00
     vertex  4.267482e+00  4.153587e-01  9.100000e+00
     vertex  4.294911e+00  4.077338e-01  9.100000e+00
   endloop
 endfacet
 facet normal  0.000000e+00  0.000000e+00 -1.000000e+00
   outer loop
     vertex  4.322123e+00  3.993681e-01  9.100000e+00
     vertex  4.184097e+00  4.337351e-01  9.100000e+00
     vertex  4.212055e+00  4.283641e-01  9.100000e+00
   endloop
 endfacet
 facet normal  0.000000e+00  0.000000e+00 -1.000000e+00
   outer loop
     vertex  4.322123e+00  3.993681e-01  9.100000e+00
     vertex  4.156004e+00  4.383461e-01  9.100000e+00
     vertex  4.184097e+00  4.337351e-01  9.100000e+00
   endloop
 endfacet
 facet normal  0.000000e+00  0.000000e+00 -1.000000e+00
   outer loop
     vertex  4.322123e+00  3.993681e-01  9.100000e+00
     vertex  4.212055e+00  4.283641e-01  9.100000e+00
     vertex  4.267482e+00  4.153587e-01  9.100000e+00
   endloop
 endfacet
 facet normal  0.000000e+00  0.000000e+00 -1.000000e+00
   outer loop
     vertex  4.454238e+00  3.466616e-01  9.100000e+00
     vertex  4.402259e+00  3.698904e-01  9.100000e+00
     vertex  4.428406e+00  3.586283e-01  9.100000e+00
   endloop
 endfacet
 facet normal  0.000000e+00  0.000000e+00 -1.000000e+00
   outer loop
     vertex  4.454238e+00  3.466616e-01  9.100000e+00
     vertex  4.375817e+00  3.804395e-01  9.100000e+00
     vertex  4.402259e+00  3.698904e-01  9.100000e+00
   endloop
 endfacet
 facet normal  0.000000e+00  0.000000e+00 -1.000000e+00
   outer loop
     vertex  4.529655e+00  3.066234e-01  9.100000e+00
     vertex  4.479735e+00  3.339989e-01  9.100000e+00
     vertex  4.504881e+00  3.206495e-01  9.100000e+00
   endloop
 endfacet
 facet normal  0.000000e+00  0.000000e+00 -1.000000e+00
   outer loop
     vertex  4.578016e+00  2.765826e-01  9.100000e+00
     vertex  4.529655e+00  3.066234e-01  9.100000e+00
     vertex  4.554039e+00  2.919308e-01  9.100000e+00
   endloop
 endfacet
 facet normal  0.000000e+00  0.000000e+00 -1.000000e+00
   outer loop
     vertex  4.578016e+00  2.765826e-01  9.100000e+00
     vertex  4.454238e+00  3.466616e-01  9.100000e+00
     vertex  4.479735e+00  3.339989e-01  9.100000e+00
   endloop
 endfacet
 facet normal  0.000000e+00  0.000000e+00 -1.000000e+00
   outer loop
     vertex  4.578016e+00  2.765826e-01  9.100000e+00
     vertex  4.479735e+00  3.339989e-01  9.100000e+00
     vertex  4.529655e+00  3.066234e-01  9.100000e+00
   endloop
 endfacet
 facet normal  0.000000e+00  0.000000e+00 -1.000000e+00
   outer loop
     vertex  4.624679e+00  2.439646e-01  9.100000e+00
     vertex  4.578016e+00  2.765826e-01  9.100000e+00
     vertex  4.601569e+00  2.605899e-01  9.100000e+00
   endloop
 endfacet
 facet normal  0.000000e+00  0.000000e+00 -1.000000e+00
   outer loop
     vertex  4.624679e+00  2.439646e-01  9.100000e+00
     vertex  4.349098e+00  3.902678e-01  9.100000e+00
     vertex  4.375817e+00  3.804395e-01  9.100000e+00
   endloop
 endfacet
 facet normal  0.000000e+00  0.000000e+00 -1.000000e+00
   outer loop
     vertex  4.624679e+00  2.439646e-01  9.100000e+00
     vertex  4.322123e+00  3.993681e-01  9.100000e+00
     vertex  4.349098e+00  3.902678e-01  9.100000e+00
   endloop
 endfacet
 facet normal  0.000000e+00  0.000000e+00 -1.000000e+00
   outer loop
     vertex  4.624679e+00  2.439646e-01  9.100000e+00
     vertex  4.071120e+00  4.475886e-01  9.100000e+00
     vertex  4.099495e+00  4.452755e-01  9.100000e+00
   endloop
 endfacet
 facet normal  0.000000e+00  0.000000e+00 -1.000000e+00
   outer loop
     vertex  4.624679e+00  2.439646e-01  9.100000e+00
     vertex  4.156004e+00  4.383461e-01  9.100000e+00
     vertex  4.322123e+00  3.993681e-01  9.100000e+00
   endloop
 endfacet
 facet normal  0.000000e+00  0.000000e+00 -1.000000e+00
   outer loop
     vertex  4.624679e+00  2.439646e-01  9.100000e+00
     vertex  4.099495e+00  4.452755e-01  9.100000e+00
     vertex  4.156004e+00  4.383461e-01  9.100000e+00
   endloop
 endfacet
 facet normal  0.000000e+00  0.000000e+00 -1.000000e+00
   outer loop
     vertex  4.624679e+00  2.439646e-01  9.100000e+00
     vertex  4.375817e+00  3.804395e-01  9.100000e+00
     vertex  4.454238e+00  3.466616e-01  9.100000e+00
   endloop
 endfacet
 facet normal  0.000000e+00  0.000000e+00 -1.000000e+00
   outer loop
     vertex  4.624679e+00  2.439646e-01  9.100000e+00
     vertex  4.454238e+00  3.466616e-01  9.100000e+00
     vertex  4.578016e+00  2.765826e-01  9.100000e+00
   endloop
 endfacet
 facet normal  0.000000e+00  0.000000e+00 -1.000000e+00
   outer loop
     vertex  4.827897e+00  4.582271e-02  9.100000e+00
     vertex  4.845101e+00  2.314040e-02  9.100000e+00
     vertex  4.861684e+00  0.000000e+00  9.100000e+00
   endloop
 endfacet
 facet normal  0.000000e+00  0.000000e+00 -1.000000e+00
   outer loop
     vertex  4.669505e+00  2.088653e-01  9.100000e+00
     vertex  4.624679e+00  2.439646e-01  9.100000e+00
     vertex  4.647330e+00  2.267188e-01  9.100000e+00
   endloop
 endfacet
 facet normal  0.000000e+00  0.000000e+00 -1.000000e+00
   outer loop
     vertex  4.791675e+00  8.974672e-02  9.100000e+00
     vertex  4.810084e+00  6.803026e-02  9.100000e+00
     vertex  4.827897e+00  4.582271e-02  9.100000e+00
   endloop
 endfacet
 facet normal  0.000000e+00  0.000000e+00 -1.000000e+00
   outer loop
     vertex  4.772685e+00  1.109561e-01  9.100000e+00
     vertex  4.791675e+00  8.974672e-02  9.100000e+00
     vertex  4.827897e+00  4.582271e-02  9.100000e+00
   endloop
 endfacet
 facet normal  0.000000e+00  0.000000e+00 -1.000000e+00
   outer loop
     vertex  4.712363e+00  1.713880e-01  9.100000e+00
     vertex  4.669505e+00  2.088653e-01  9.100000e+00
     vertex  4.691188e+00  1.904172e-01  9.100000e+00
   endloop
 endfacet
 facet normal  0.000000e+00  0.000000e+00 -1.000000e+00
   outer loop
     vertex  4.753126e+00  1.316429e-01  9.100000e+00
     vertex  4.772685e+00  1.109561e-01  9.100000e+00
     vertex  4.827897e+00  4.582271e-02  9.100000e+00
   endloop
 endfacet
 facet normal  0.000000e+00  0.000000e+00 -1.000000e+00
   outer loop
     vertex  4.753126e+00  1.316429e-01  9.100000e+00
     vertex  4.827897e+00  4.582271e-02  9.100000e+00
     vertex  4.861684e+00  0.000000e+00  9.100000e+00
   endloop
 endfacet
 facet normal  0.000000e+00 -0.000000e+00 -1.000000e+00
   outer loop
     vertex  4.733014e+00  1.517918e-01  9.100000e+00
     vertex  4.861684e+00  0.000000e+00  9.100000e+00
     vertex  3.138316e+00  2.220446e-16  9.100000e+00
   endloop
 endfacet
 facet normal  0.000000e+00  0.000000e+00 -1.000000e+00
   outer loop
     vertex  4.733014e+00  1.517918e-01  9.100000e+00
     vertex  4.042693e+00  4.491317e-01  9.100000e+00
     vertex  4.071120e+00  4.475886e-01  9.100000e+00
   endloop
 endfacet
 facet normal  0.000000e+00  0.000000e+00 -1.000000e+00
   outer loop
     vertex  4.733014e+00  1.517918e-01  9.100000e+00
     vertex  4.014234e+00  4.499035e-01  9.100000e+00
     vertex  4.042693e+00  4.491317e-01  9.100000e+00
   endloop
 endfacet
 facet normal  0.000000e+00  0.000000e+00 -1.000000e+00
   outer loop
     vertex  4.733014e+00  1.517918e-01  9.100000e+00
     vertex  3.985766e+00  4.499035e-01  9.100000e+00
     vertex  4.014234e+00  4.499035e-01  9.100000e+00
   endloop
 endfacet
 facet normal  0.000000e+00  0.000000e+00 -1.000000e+00
   outer loop
     vertex  4.733014e+00  1.517918e-01  9.100000e+00
     vertex  3.957307e+00  4.491317e-01  9.100000e+00
     vertex  3.985766e+00  4.499035e-01  9.100000e+00
   endloop
 endfacet
 facet normal  0.000000e+00  0.000000e+00 -1.000000e+00
   outer loop
     vertex  4.733014e+00  1.517918e-01  9.100000e+00
     vertex  3.928880e+00  4.475886e-01  9.100000e+00
     vertex  3.957307e+00  4.491317e-01  9.100000e+00
   endloop
 endfacet
 facet normal  0.000000e+00  0.000000e+00 -1.000000e+00
   outer loop
     vertex  4.733014e+00  1.517918e-01  9.100000e+00
     vertex  3.900505e+00  4.452755e-01  9.100000e+00
     vertex  3.928880e+00  4.475886e-01  9.100000e+00
   endloop
 endfacet
 facet normal  0.000000e+00  0.000000e+00 -1.000000e+00
   outer loop
     vertex  4.733014e+00  1.517918e-01  9.100000e+00
     vertex  3.872203e+00  4.421939e-01  9.100000e+00
     vertex  3.900505e+00  4.452755e-01  9.100000e+00
   endloop
 endfacet
 facet normal  0.000000e+00  0.000000e+00 -1.000000e+00
   outer loop
     vertex  4.733014e+00  1.517918e-01  9.100000e+00
     vertex  3.843996e+00  4.383461e-01  9.100000e+00
     vertex  3.872203e+00  4.421939e-01  9.100000e+00
   endloop
 endfacet
 facet normal  0.000000e+00  0.000000e+00 -1.000000e+00
   outer loop
     vertex  4.733014e+00  1.517918e-01  9.100000e+00
     vertex  3.815903e+00  4.337351e-01  9.100000e+00
     vertex  3.843996e+00  4.383461e-01  9.100000e+00
   endloop
 endfacet
 facet normal  0.000000e+00  0.000000e+00 -1.000000e+00
   outer loop
     vertex  4.733014e+00  1.517918e-01  9.100000e+00
     vertex  3.787945e+00  4.283641e-01  9.100000e+00
     vertex  3.815903e+00  4.337351e-01  9.100000e+00
   endloop
 endfacet
 facet normal  0.000000e+00  0.000000e+00 -1.000000e+00
   outer loop
     vertex  4.733014e+00  1.517918e-01  9.100000e+00
     vertex  4.669505e+00  2.088653e-01  9.100000e+00
     vertex  4.712363e+00  1.713880e-01  9.100000e+00
   endloop
 endfacet
 facet normal  0.000000e+00  0.000000e+00 -1.000000e+00
   outer loop
     vertex  4.733014e+00  1.517918e-01  9.100000e+00
     vertex  3.760143e+00  4.222371e-01  9.100000e+00
     vertex  3.787945e+00  4.283641e-01  9.100000e+00
   endloop
 endfacet
 facet normal  0.000000e+00  0.000000e+00 -1.000000e+00
   outer loop
     vertex  4.733014e+00  1.517918e-01  9.100000e+00
     vertex  3.732518e+00  4.153587e-01  9.100000e+00
     vertex  3.760143e+00  4.222371e-01  9.100000e+00
   endloop
 endfacet
 facet normal  0.000000e+00  0.000000e+00 -1.000000e+00
   outer loop
     vertex  4.733014e+00  1.517918e-01  9.100000e+00
     vertex  4.071120e+00  4.475886e-01  9.100000e+00
     vertex  4.624679e+00  2.439646e-01  9.100000e+00
   endloop
 endfacet
 facet normal  0.000000e+00  0.000000e+00 -1.000000e+00
   outer loop
     vertex  4.733014e+00  1.517918e-01  9.100000e+00
     vertex  3.705089e+00  4.077338e-01  9.100000e+00
     vertex  3.732518e+00  4.153587e-01  9.100000e+00
   endloop
 endfacet
 facet normal  0.000000e+00  0.000000e+00 -1.000000e+00
   outer loop
     vertex  4.733014e+00  1.517918e-01  9.100000e+00
     vertex  3.677877e+00  3.993681e-01  9.100000e+00
     vertex  3.705089e+00  4.077338e-01  9.100000e+00
   endloop
 endfacet
 facet normal  0.000000e+00  0.000000e+00 -1.000000e+00
   outer loop
     vertex  4.733014e+00  1.517918e-01  9.100000e+00
     vertex  3.650902e+00  3.902678e-01  9.100000e+00
     vertex  3.677877e+00  3.993681e-01  9.100000e+00
   endloop
 endfacet
 facet normal  0.000000e+00  0.000000e+00 -1.000000e+00
   outer loop
     vertex  4.733014e+00  1.517918e-01  9.100000e+00
     vertex  3.624183e+00  3.804395e-01  9.100000e+00
     vertex  3.650902e+00  3.902678e-01  9.100000e+00
   endloop
 endfacet
 facet normal  0.000000e+00  0.000000e+00 -1.000000e+00
   outer loop
     vertex  4.733014e+00  1.517918e-01  9.100000e+00
     vertex  3.597741e+00  3.698904e-01  9.100000e+00
     vertex  3.624183e+00  3.804395e-01  9.100000e+00
   endloop
 endfacet
 facet normal  0.000000e+00  0.000000e+00 -1.000000e+00
   outer loop
     vertex  4.733014e+00  1.517918e-01  9.100000e+00
     vertex  4.753126e+00  1.316429e-01  9.100000e+00
     vertex  4.861684e+00  0.000000e+00  9.100000e+00
   endloop
 endfacet
 facet normal  0.000000e+00  0.000000e+00 -1.000000e+00
   outer loop
     vertex  4.733014e+00  1.517918e-01  9.100000e+00
     vertex  3.571594e+00  3.586283e-01  9.100000e+00
     vertex  3.597741e+00  3.698904e-01  9.100000e+00
   endloop
 endfacet
 facet normal  0.000000e+00  0.000000e+00 -1.000000e+00
   outer loop
     vertex  4.733014e+00  1.517918e-01  9.100000e+00
     vertex  3.545762e+00  3.466616e-01  9.100000e+00
     vertex  3.571594e+00  3.586283e-01  9.100000e+00
   endloop
 endfacet
 facet normal  0.000000e+00  0.000000e+00 -1.000000e+00
   outer loop
     vertex  4.733014e+00  1.517918e-01  9.100000e+00
     vertex  4.624679e+00  2.439646e-01  9.100000e+00
     vertex  4.669505e+00  2.088653e-01  9.100000e+00
   endloop
 endfacet
 facet normal  0.000000e+00  0.000000e+00 -1.000000e+00
   outer loop
     vertex  4.733014e+00  1.517918e-01  9.100000e+00
     vertex  3.520265e+00  3.339989e-01  9.100000e+00
     vertex  3.545762e+00  3.466616e-01  9.100000e+00
   endloop
 endfacet
 facet normal  0.000000e+00  0.000000e+00 -1.000000e+00
   outer loop
     vertex  4.733014e+00  1.517918e-01  9.100000e+00
     vertex  3.495119e+00  3.206495e-01  9.100000e+00
     vertex  3.520265e+00  3.339989e-01  9.100000e+00
   endloop
 endfacet
 facet normal  0.000000e+00  0.000000e+00 -1.000000e+00
   outer loop
     vertex  4.733014e+00  1.517918e-01  9.100000e+00
     vertex  3.470345e+00  3.066234e-01  9.100000e+00
     vertex  3.495119e+00  3.206495e-01  9.100000e+00
   endloop
 endfacet
 facet normal  0.000000e+00  0.000000e+00 -1.000000e+00
   outer loop
     vertex  4.733014e+00  1.517918e-01  9.100000e+00
     vertex  3.445961e+00  2.919308e-01  9.100000e+00
     vertex  3.470345e+00  3.066234e-01  9.100000e+00
   endloop
 endfacet
 facet normal  0.000000e+00  0.000000e+00 -1.000000e+00
   outer loop
     vertex  4.733014e+00  1.517918e-01  9.100000e+00
     vertex  3.421984e+00  2.765826e-01  9.100000e+00
     vertex  3.445961e+00  2.919308e-01  9.100000e+00
   endloop
 endfacet
 facet normal  0.000000e+00  0.000000e+00 -1.000000e+00
   outer loop
     vertex  4.733014e+00  1.517918e-01  9.100000e+00
     vertex  3.398431e+00  2.605899e-01  9.100000e+00
     vertex  3.421984e+00  2.765826e-01  9.100000e+00
   endloop
 endfacet
 facet normal  0.000000e+00  0.000000e+00 -1.000000e+00
   outer loop
     vertex  4.733014e+00  1.517918e-01  9.100000e+00
     vertex  3.375321e+00  2.439646e-01  9.100000e+00
     vertex  3.398431e+00  2.605899e-01  9.100000e+00
   endloop
 endfacet
 facet normal  0.000000e+00  0.000000e+00 -1.000000e+00
   outer loop
     vertex  4.733014e+00  1.517918e-01  9.100000e+00
     vertex  3.352670e+00  2.267188e-01  9.100000e+00
     vertex  3.375321e+00  2.439646e-01  9.100000e+00
   endloop
 endfacet
 facet normal  0.000000e+00  0.000000e+00 -1.000000e+00
   outer loop
     vertex  4.733014e+00  1.517918e-01  9.100000e+00
     vertex  3.330495e+00  2.088653e-01  9.100000e+00
     vertex  3.352670e+00  2.267188e-01  9.100000e+00
   endloop
 endfacet
 facet normal  0.000000e+00  0.000000e+00 -1.000000e+00
   outer loop
     vertex  4.733014e+00  1.517918e-01  9.100000e+00
     vertex  3.308812e+00  1.904172e-01  9.100000e+00
     vertex  3.330495e+00  2.088653e-01  9.100000e+00
   endloop
 endfacet
 facet normal  0.000000e+00  0.000000e+00 -1.000000e+00
   outer loop
     vertex  4.733014e+00  1.517918e-01  9.100000e+00
     vertex  3.287637e+00  1.713880e-01  9.100000e+00
     vertex  3.308812e+00  1.904172e-01  9.100000e+00
   endloop
 endfacet
 facet normal -0.000000e+00  0.000000e+00 -1.000000e+00
   outer loop
     vertex  4.733014e+00  1.517918e-01  9.100000e+00
     vertex  3.266986e+00  1.517918e-01  9.100000e+00
     vertex  3.287637e+00  1.713880e-01  9.100000e+00
   endloop
 endfacet
 facet normal  0.000000e+00  0.000000e+00 -1.000000e+00
   outer loop
     vertex  4.733014e+00  1.517918e-01  9.100000e+00
     vertex  3.246874e+00  1.316429e-01  9.100000e+00
     vertex  3.266986e+00  1.517918e-01  9.100000e+00
   endloop
 endfacet
 facet normal  0.000000e+00  0.000000e+00 -1.000000e+00
   outer loop
     vertex  4.733014e+00  1.517918e-01  9.100000e+00
     vertex  3.227315e+00  1.109561e-01  9.100000e+00
     vertex  3.246874e+00  1.316429e-01  9.100000e+00
   endloop
 endfacet
 facet normal  0.000000e+00  0.000000e+00 -1.000000e+00
   outer loop
     vertex  4.733014e+00  1.517918e-01  9.100000e+00
     vertex  3.208325e+00  8.974672e-02  9.100000e+00
     vertex  3.227315e+00  1.109561e-01  9.100000e+00
   endloop
 endfacet
 facet normal  0.000000e+00  0.000000e+00 -1.000000e+00
   outer loop
     vertex  4.733014e+00  1.517918e-01  9.100000e+00
     vertex  3.189916e+00  6.803026e-02  9.100000e+00
     vertex  3.208325e+00  8.974672e-02  9.100000e+00
   endloop
 endfacet
 facet normal  0.000000e+00  0.000000e+00 -1.000000e+00
   outer loop
     vertex  4.733014e+00  1.517918e-01  9.100000e+00
     vertex  3.172103e+00  4.582271e-02  9.100000e+00
     vertex  3.189916e+00  6.803026e-02  9.100000e+00
   endloop
 endfacet
 facet normal  0.000000e+00  0.000000e+00 -1.000000e+00
   outer loop
     vertex  4.733014e+00  1.517918e-01  9.100000e+00
     vertex  3.154899e+00  2.314040e-02  9.100000e+00
     vertex  3.172103e+00  4.582271e-02  9.100000e+00
   endloop
 endfacet
 facet normal  0.000000e+00  0.000000e+00 -1.000000e+00
   outer loop
     vertex  4.733014e+00  1.517918e-01  9.100000e+00
     vertex  3.138316e+00  2.220446e-16  9.100000e+00
     vertex  3.154899e+00  2.314040e-02  9.100000e+00
   endloop
 endfacet
 facet normal  0.000000e+00  0.000000e+00  1.000000e+00
   outer loop
     vertex  6.287974e+01  3.339989e-01  3.100000e+00
     vertex  6.292965e+01  3.066234e-01  3.100000e+00
     vertex  6.290488e+01  3.206495e-01  3.100000e+00
   endloop
 endfacet
 facet normal  0.000000e+00  0.000000e+00  1.000000e+00
   outer loop
     vertex  6.252780e+01  4.421939e-01  3.100000e+00
     vertex  6.258410e+01  4.337351e-01  3.100000e+00
     vertex  6.255600e+01  4.383461e-01  3.100000e+00
   endloop
 endfacet
 facet normal  0.000000e+00  0.000000e+00  1.000000e+00
   outer loop
     vertex  6.247112e+01  4.475886e-01  3.100000e+00
     vertex  6.252780e+01  4.421939e-01  3.100000e+00
     vertex  6.249949e+01  4.452755e-01  3.100000e+00
   endloop
 endfacet
 facet normal  0.000000e+00  0.000000e+00  1.000000e+00
   outer loop
     vertex  6.224400e+01  4.383461e-01  3.100000e+00
     vertex  6.230051e+01  4.452755e-01  3.100000e+00
     vertex  6.227220e+01  4.421939e-01  3.100000e+00
   endloop
 endfacet
 facet normal  0.000000e+00  0.000000e+00  1.000000e+00
   outer loop
     vertex  6.221590e+01  4.337351e-01  3.100000e+00
     vertex  6.232888e+01  4.475886e-01  3.100000e+00
     vertex  6.230051e+01  4.452755e-01  3.100000e+00
   endloop
 endfacet
 facet normal  0.000000e+00  0.000000e+00  1.000000e+00
   outer loop
     vertex  6.221590e+01  4.337351e-01  3.100000e+00
     vertex  6.235731e+01  4.491317e-01  3.100000e+00
     vertex  6.232888e+01  4.475886e-01  3.100000e+00
   endloop
 endfacet
 facet normal  0.000000e+00  0.000000e+00  1.000000e+00
   outer loop
     vertex  6.221590e+01  4.337351e-01  3.100000e+00
     vertex  6.238577e+01  4.499035e-01  3.100000e+00
     vertex  6.235731e+01  4.491317e-01  3.100000e+00
   endloop
 endfacet
 facet normal  0.000000e+00  0.000000e+00  1.000000e+00
   outer loop
     vertex  6.221590e+01  4.337351e-01  3.100000e+00
     vertex  6.241423e+01  4.499035e-01  3.100000e+00
     vertex  6.238577e+01  4.499035e-01  3.100000e+00
   endloop
 endfacet
 facet normal  0.000000e+00  0.000000e+00  1.000000e+00
   outer loop
     vertex  6.221590e+01  4.337351e-01  3.100000e+00
     vertex  6.244269e+01  4.491317e-01  3.100000e+00
     vertex  6.241423e+01  4.499035e-01  3.100000e+00
   endloop
 endfacet
 facet normal  0.000000e+00  0.000000e+00  1.000000e+00
   outer loop
     vertex  6.221590e+01  4.337351e-01  3.100000e+00
     vertex  6.247112e+01  4.475886e-01  3.100000e+00
     vertex  6.244269e+01  4.491317e-01  3.100000e+00
   endloop
 endfacet
 facet normal  0.000000e+00  0.000000e+00  1.000000e+00
   outer loop
     vertex  6.221590e+01  4.337351e-01  3.100000e+00
     vertex  6.230051e+01  4.452755e-01  3.100000e+00
     vertex  6.224400e+01  4.383461e-01  3.100000e+00
   endloop
 endfacet
 facet normal  0.000000e+00  0.000000e+00  1.000000e+00
   outer loop
     vertex  6.213252e+01  4.153587e-01  3.100000e+00
     vertex  6.218795e+01  4.283641e-01  3.100000e+00
     vertex  6.216014e+01  4.222371e-01  3.100000e+00
   endloop
 endfacet
 facet normal  0.000000e+00  0.000000e+00  1.000000e+00
   outer loop
     vertex  6.213252e+01  4.153587e-01  3.100000e+00
     vertex  6.221590e+01  4.337351e-01  3.100000e+00
     vertex  6.218795e+01  4.283641e-01  3.100000e+00
   endloop
 endfacet
 facet normal  0.000000e+00  0.000000e+00  1.000000e+00
   outer loop
     vertex  6.202418e+01  3.804395e-01  3.100000e+00
     vertex  6.207788e+01  3.993681e-01  3.100000e+00
     vertex  6.205090e+01  3.902678e-01  3.100000e+00
   endloop
 endfacet
 facet normal  0.000000e+00  0.000000e+00  1.000000e+00
   outer loop
     vertex  6.202418e+01  3.804395e-01  3.100000e+00
     vertex  6.210509e+01  4.077338e-01  3.100000e+00
     vertex  6.207788e+01  3.993681e-01  3.100000e+00
   endloop
 endfacet
 facet normal  0.000000e+00  0.000000e+00  1.000000e+00
   outer loop
     vertex  6.202418e+01  3.804395e-01  3.100000e+00
     vertex  6.213252e+01  4.153587e-01  3.100000e+00
     vertex  6.210509e+01  4.077338e-01  3.100000e+00
   endloop
 endfacet
 facet normal  0.000000e+00  0.000000e+00  1.000000e+00
   outer loop
     vertex  6.199774e+01  3.698904e-01  3.100000e+00
     vertex  6.213252e+01  4.153587e-01  3.100000e+00
     vertex  6.202418e+01  3.804395e-01  3.100000e+00
   endloop
 endfacet
 facet normal  0.000000e+00  0.000000e+00  1.000000e+00
   outer loop
     vertex  6.197159e+01  3.586283e-01  3.100000e+00
     vertex  6.213252e+01  4.153587e-01  3.100000e+00
     vertex  6.199774e+01  3.698904e-01  3.100000e+00
   endloop
 endfacet
 facet normal  0.000000e+00  0.000000e+00  1.000000e+00
   outer loop
     vertex  6.192026e+01  3.339989e-01  3.100000e+00
     vertex  6.197159e+01  3.586283e-01  3.100000e+00
     vertex  6.194576e+01  3.466616e-01  3.100000e+00
   endloop
 endfacet
 facet normal  0.000000e+00  0.000000e+00  1.000000e+00
   outer loop
     vertex  6.189512e+01  3.206495e-01  3.100000e+00
     vertex  6.197159e+01  3.586283e-01  3.100000e+00
     vertex  6.192026e+01  3.339989e-01  3.100000e+00
   endloop
 endfacet
 facet normal  0.000000e+00  0.000000e+00  1.000000e+00
   outer loop
     vertex  6.189512e+01  3.206495e-01  3.100000e+00
     vertex  6.213252e+01  4.153587e-01  3.100000e+00
     vertex  6.197159e+01  3.586283e-01  3.100000e+00
   endloop
 endfacet
 facet normal  0.000000e+00  0.000000e+00  1.000000e+00
   outer loop
     vertex  6.179843e+01  2.605899e-01  3.100000e+00
     vertex  6.184596e+01  2.919308e-01  3.100000e+00
     vertex  6.182198e+01  2.765826e-01  3.100000e+00
   endloop
 endfacet
 facet normal  0.000000e+00  0.000000e+00  1.000000e+00
   outer loop
     vertex  6.179843e+01  2.605899e-01  3.100000e+00
     vertex  6.187035e+01  3.066234e-01  3.100000e+00
     vertex  6.184596e+01  2.919308e-01  3.100000e+00
   endloop
 endfacet
 facet normal  0.000000e+00  0.000000e+00  1.000000e+00
   outer loop
     vertex  6.179843e+01  2.605899e-01  3.100000e+00
     vertex  6.189512e+01  3.206495e-01  3.100000e+00
     vertex  6.187035e+01  3.066234e-01  3.100000e+00
   endloop
 endfacet
 facet normal  0.000000e+00  0.000000e+00  1.000000e+00
   outer loop
     vertex  6.155490e+01  2.314040e-02  3.100000e+00
     vertex  6.153832e+01  0.000000e+00  3.100000e+00
     vertex  6.326168e+01  2.220446e-16  3.100000e+00
   endloop
 endfacet
 facet normal -0.000000e+00  0.000000e+00  1.000000e+00
   outer loop
     vertex  6.155490e+01  2.314040e-02  3.100000e+00
     vertex  6.326168e+01  2.220446e-16  3.100000e+00
     vertex  6.324510e+01  2.314040e-02  3.100000e+00
   endloop
 endfacet
 facet normal  0.000000e+00  0.000000e+00  1.000000e+00
   outer loop
     vertex  6.177532e+01  2.439646e-01  3.100000e+00
     vertex  6.189512e+01  3.206495e-01  3.100000e+00
     vertex  6.179843e+01  2.605899e-01  3.100000e+00
   endloop
 endfacet
 facet normal  0.000000e+00  0.000000e+00  1.000000e+00
   outer loop
     vertex  6.175267e+01  2.267188e-01  3.100000e+00
     vertex  6.189512e+01  3.206495e-01  3.100000e+00
     vertex  6.177532e+01  2.439646e-01  3.100000e+00
   endloop
 endfacet
 facet normal  0.000000e+00  0.000000e+00  1.000000e+00
   outer loop
     vertex  6.160832e+01  8.974672e-02  3.100000e+00
     vertex  6.157210e+01  4.582271e-02  3.100000e+00
     vertex  6.155490e+01  2.314040e-02  3.100000e+00
   endloop
 endfacet
 facet normal  0.000000e+00  0.000000e+00  1.000000e+00
   outer loop
     vertex  6.160832e+01  8.974672e-02  3.100000e+00
     vertex  6.158992e+01  6.803026e-02  3.100000e+00
     vertex  6.157210e+01  4.582271e-02  3.100000e+00
   endloop
 endfacet
 facet normal  0.000000e+00  0.000000e+00  1.000000e+00
   outer loop
     vertex  6.168764e+01  1.713880e-01  3.100000e+00
     vertex  6.173050e+01  2.088653e-01  3.100000e+00
     vertex  6.170881e+01  1.904172e-01  3.100000e+00
   endloop
 endfacet
 facet normal  0.000000e+00  0.000000e+00  1.000000e+00
   outer loop
     vertex  6.164687e+01  1.316429e-01  3.100000e+00
     vertex  6.162732e+01  1.109561e-01  3.100000e+00
     vertex  6.160832e+01  8.974672e-02  3.100000e+00
   endloop
 endfacet
 facet normal  0.000000e+00  0.000000e+00  1.000000e+00
   outer loop
     vertex  6.166699e+01  1.517918e-01  3.100000e+00
     vertex  6.173050e+01  2.088653e-01  3.100000e+00
     vertex  6.168764e+01  1.713880e-01  3.100000e+00
   endloop
 endfacet
 facet normal  0.000000e+00  0.000000e+00  1.000000e+00
   outer loop
     vertex  6.166699e+01  1.517918e-01  3.100000e+00
     vertex  6.292965e+01  3.066234e-01  3.100000e+00
     vertex  6.287974e+01  3.339989e-01  3.100000e+00
   endloop
 endfacet
 facet normal  0.000000e+00  0.000000e+00  1.000000e+00
   outer loop
     vertex  6.166699e+01  1.517918e-01  3.100000e+00
     vertex  6.175267e+01  2.267188e-01  3.100000e+00
     vertex  6.173050e+01  2.088653e-01  3.100000e+00
   endloop
 endfacet
 facet normal  0.000000e+00  0.000000e+00  1.000000e+00
   outer loop
     vertex  6.166699e+01  1.517918e-01  3.100000e+00
     vertex  6.258410e+01  4.337351e-01  3.100000e+00
     vertex  6.252780e+01  4.421939e-01  3.100000e+00
   endloop
 endfacet
 facet normal  0.000000e+00  0.000000e+00  1.000000e+00
   outer loop
     vertex  6.166699e+01  1.517918e-01  3.100000e+00
     vertex  6.189512e+01  3.206495e-01  3.100000e+00
     vertex  6.175267e+01  2.267188e-01  3.100000e+00
   endloop
 endfacet
 facet normal  0.000000e+00  0.000000e+00  1.000000e+00
   outer loop
     vertex  6.166699e+01  1.517918e-01  3.100000e+00
     vertex  6.252780e+01  4.421939e-01  3.100000e+00
     vertex  6.247112e+01  4.475886e-01  3.100000e+00
   endloop
 endfacet
 facet normal  0.000000e+00  0.000000e+00  1.000000e+00
   outer loop
     vertex  6.166699e+01  1.517918e-01  3.100000e+00
     vertex  6.261205e+01  4.283641e-01  3.100000e+00
     vertex  6.258410e+01  4.337351e-01  3.100000e+00
   endloop
 endfacet
 facet normal  0.000000e+00  0.000000e+00  1.000000e+00
   outer loop
     vertex  6.166699e+01  1.517918e-01  3.100000e+00
     vertex  6.263986e+01  4.222371e-01  3.100000e+00
     vertex  6.261205e+01  4.283641e-01  3.100000e+00
   endloop
 endfacet
 facet normal  0.000000e+00  0.000000e+00  1.000000e+00
   outer loop
     vertex  6.166699e+01  1.517918e-01  3.100000e+00
     vertex  6.266748e+01  4.153587e-01  3.100000e+00
     vertex  6.263986e+01  4.222371e-01  3.100000e+00
   endloop
 endfacet
 facet normal  0.000000e+00  0.000000e+00  1.000000e+00
   outer loop
     vertex  6.166699e+01  1.517918e-01  3.100000e+00
     vertex  6.269491e+01  4.077338e-01  3.100000e+00
     vertex  6.266748e+01  4.153587e-01  3.100000e+00
   endloop
 endfacet
 facet normal  0.000000e+00  0.000000e+00  1.000000e+00
   outer loop
     vertex  6.166699e+01  1.517918e-01  3.100000e+00
     vertex  6.272212e+01  3.993681e-01  3.100000e+00
     vertex  6.269491e+01  4.077338e-01  3.100000e+00
   endloop
 endfacet
 facet normal  0.000000e+00  0.000000e+00  1.000000e+00
   outer loop
     vertex  6.166699e+01  1.517918e-01  3.100000e+00
     vertex  6.274910e+01  3.902678e-01  3.100000e+00
     vertex  6.272212e+01  3.993681e-01  3.100000e+00
   endloop
 endfacet
 facet normal  0.000000e+00  0.000000e+00  1.000000e+00
   outer loop
     vertex  6.166699e+01  1.517918e-01  3.100000e+00
     vertex  6.277582e+01  3.804395e-01  3.100000e+00
     vertex  6.274910e+01  3.902678e-01  3.100000e+00
   endloop
 endfacet
 facet normal  0.000000e+00  0.000000e+00  1.000000e+00
   outer loop
     vertex  6.166699e+01  1.517918e-01  3.100000e+00
     vertex  6.247112e+01  4.475886e-01  3.100000e+00
     vertex  6.221590e+01  4.337351e-01  3.100000e+00
   endloop
 endfacet
 facet normal  0.000000e+00  0.000000e+00  1.000000e+00
   outer loop
     vertex  6.166699e+01  1.517918e-01  3.100000e+00
     vertex  6.280226e+01  3.698904e-01  3.100000e+00
     vertex  6.277582e+01  3.804395e-01  3.100000e+00
   endloop
 endfacet
 facet normal  0.000000e+00  0.000000e+00  1.000000e+00
   outer loop
     vertex  6.166699e+01  1.517918e-01  3.100000e+00
     vertex  6.282841e+01  3.586283e-01  3.100000e+00
     vertex  6.280226e+01  3.698904e-01  3.100000e+00
   endloop
 endfacet
 facet normal  0.000000e+00  0.000000e+00  1.000000e+00
   outer loop
     vertex  6.166699e+01  1.517918e-01  3.100000e+00
     vertex  6.285424e+01  3.466616e-01  3.100000e+00
     vertex  6.282841e+01  3.586283e-01  3.100000e+00
   endloop
 endfacet
 facet normal  0.000000e+00  0.000000e+00  1.000000e+00
   outer loop
     vertex  6.166699e+01  1.517918e-01  3.100000e+00
     vertex  6.287974e+01  3.339989e-01  3.100000e+00
     vertex  6.285424e+01  3.466616e-01  3.100000e+00
   endloop
 endfacet
 facet normal  0.000000e+00  0.000000e+00  1.000000e+00
   outer loop
     vertex  6.166699e+01  1.517918e-01  3.100000e+00
     vertex  6.295404e+01  2.919308e-01  3.100000e+00
     vertex  6.292965e+01  3.066234e-01  3.100000e+00
   endloop
 endfacet
 facet normal  0.000000e+00  0.000000e+00  1.000000e+00
   outer loop
     vertex  6.166699e+01  1.517918e-01  3.100000e+00
     vertex  6.297802e+01  2.765826e-01  3.100000e+00
     vertex  6.295404e+01  2.919308e-01  3.100000e+00
   endloop
 endfacet
 facet normal  0.000000e+00  0.000000e+00  1.000000e+00
   outer loop
     vertex  6.166699e+01  1.517918e-01  3.100000e+00
     vertex  6.164687e+01  1.316429e-01  3.100000e+00
     vertex  6.160832e+01  8.974672e-02  3.100000e+00
   endloop
 endfacet
 facet normal  0.000000e+00  0.000000e+00  1.000000e+00
   outer loop
     vertex  6.166699e+01  1.517918e-01  3.100000e+00
     vertex  6.300157e+01  2.605899e-01  3.100000e+00
     vertex  6.297802e+01  2.765826e-01  3.100000e+00
   endloop
 endfacet
 facet normal  0.000000e+00  0.000000e+00  1.000000e+00
   outer loop
     vertex  6.166699e+01  1.517918e-01  3.100000e+00
     vertex  6.302468e+01  2.439646e-01  3.100000e+00
     vertex  6.300157e+01  2.605899e-01  3.100000e+00
   endloop
 endfacet
 facet normal  0.000000e+00  0.000000e+00  1.000000e+00
   outer loop
     vertex  6.166699e+01  1.517918e-01  3.100000e+00
     vertex  6.304733e+01  2.267188e-01  3.100000e+00
     vertex  6.302468e+01  2.439646e-01  3.100000e+00
   endloop
 endfacet
 facet normal  0.000000e+00  0.000000e+00  1.000000e+00
   outer loop
     vertex  6.166699e+01  1.517918e-01  3.100000e+00
     vertex  6.306950e+01  2.088653e-01  3.100000e+00
     vertex  6.304733e+01  2.267188e-01  3.100000e+00
   endloop
 endfacet
 facet normal  0.000000e+00  0.000000e+00  1.000000e+00
   outer loop
     vertex  6.166699e+01  1.517918e-01  3.100000e+00
     vertex  6.309119e+01  1.904172e-01  3.100000e+00
     vertex  6.306950e+01  2.088653e-01  3.100000e+00
   endloop
 endfacet
 facet normal  0.000000e+00  0.000000e+00  1.000000e+00
   outer loop
     vertex  6.166699e+01  1.517918e-01  3.100000e+00
     vertex  6.311236e+01  1.713880e-01  3.100000e+00
     vertex  6.309119e+01  1.904172e-01  3.100000e+00
   endloop
 endfacet
 facet normal  0.000000e+00  0.000000e+00  1.000000e+00
   outer loop
     vertex  6.166699e+01  1.517918e-01  3.100000e+00
     vertex  6.160832e+01  8.974672e-02  3.100000e+00
     vertex  6.155490e+01  2.314040e-02  3.100000e+00
   endloop
 endfacet
 facet normal  0.000000e+00  0.000000e+00  1.000000e+00
   outer loop
     vertex  6.166699e+01  1.517918e-01  3.100000e+00
     vertex  6.313301e+01  1.517918e-01  3.100000e+00
     vertex  6.311236e+01  1.713880e-01  3.100000e+00
   endloop
 endfacet
 facet normal -0.000000e+00  0.000000e+00  1.000000e+00
   outer loop
     vertex  6.166699e+01  1.517918e-01  3.100000e+00
     vertex  6.315313e+01  1.316429e-01  3.100000e+00
     vertex  6.313301e+01  1.517918e-01  3.100000e+00
   endloop
 endfacet
 facet normal  0.000000e+00  0.000000e+00  1.000000e+00
   outer loop
     vertex  6.166699e+01  1.517918e-01  3.100000e+00
     vertex  6.317268e+01  1.109561e-01  3.100000e+00
     vertex  6.315313e+01  1.316429e-01  3.100000e+00
   endloop
 endfacet
 facet normal  0.000000e+00  0.000000e+00  1.000000e+00
   outer loop
     vertex  6.166699e+01  1.517918e-01  3.100000e+00
     vertex  6.319168e+01  8.974672e-02  3.100000e+00
     vertex  6.317268e+01  1.109561e-01  3.100000e+00
   endloop
 endfacet
 facet normal  0.000000e+00  0.000000e+00  1.000000e+00
   outer loop
     vertex  6.166699e+01  1.517918e-01  3.100000e+00
     vertex  6.321008e+01  6.803026e-02  3.100000e+00
     vertex  6.319168e+01  8.974672e-02  3.100000e+00
   endloop
 endfacet
 facet normal  0.000000e+00  0.000000e+00  1.000000e+00
   outer loop
     vertex  6.166699e+01  1.517918e-01  3.100000e+00
     vertex  6.322790e+01  4.582271e-02  3.100000e+00
     vertex  6.321008e+01  6.803026e-02  3.100000e+00
   endloop
 endfacet
 facet normal  0.000000e+00  0.000000e+00  1.000000e+00
   outer loop
     vertex  6.166699e+01  1.517918e-01  3.100000e+00
     vertex  6.324510e+01  2.314040e-02  3.100000e+00
     vertex  6.322790e+01  4.582271e-02  3.100000e+00
   endloop
 endfacet
 facet normal  0.000000e+00  0.000000e+00  1.000000e+00
   outer loop
     vertex  6.166699e+01  1.517918e-01  3.100000e+00
     vertex  6.213252e+01  4.153587e-01  3.100000e+00
     vertex  6.189512e+01  3.206495e-01  3.100000e+00
   endloop
 endfacet
 facet normal  0.000000e+00  0.000000e+00  1.000000e+00
   outer loop
     vertex  6.166699e+01  1.517918e-01  3.100000e+00
     vertex  6.221590e+01  4.337351e-01  3.100000e+00
     vertex  6.213252e+01  4.153587e-01  3.100000e+00
   endloop
 endfacet
 facet normal  0.000000e+00  0.000000e+00  1.000000e+00
   outer loop
     vertex  6.166699e+01  1.517918e-01  3.100000e+00
     vertex  6.155490e+01  2.314040e-02  3.100000e+00
     vertex  6.324510e+01  2.314040e-02  3.100000e+00
   endloop
 endfacet
 facet normal  8.128297e-01 -5.825013e-01 -7.818459e-20
   outer loop
     vertex  6.155490e+01  2.314040e-02  9.100000e+00
     vertex  6.153832e+01  0.000000e+00  9.100000e+00
     vertex  6.153832e+01  0.000000e+00  3.100000e+00
   endloop
 endfacet
 facet normal  8.128297e-01 -5.825013e-01  0.000000e+00
   outer loop
     vertex  6.155490e+01  2.314040e-02  9.100000e+00
     vertex  6.153832e+01  0.000000e+00  3.100000e+00
     vertex  6.155490e+01  2.314040e-02  3.100000e+00
   endloop
 endfacet
 facet normal  7.967389e-01 -6.043237e-01  0.000000e+00
   outer loop
     vertex  6.155490e+01  2.314040e-02  9.100000e+00
     vertex  6.155490e+01  2.314040e-02  3.100000e+00
     vertex  6.157210e+01  4.582271e-02  3.100000e+00
   endloop
 endfacet
 facet normal  7.967389e-01 -6.043237e-01  0.000000e+00
   outer loop
     vertex  6.157210e+01  4.582271e-02  9.100000e+00
     vertex  6.155490e+01  2.314040e-02  9.100000e+00
     vertex  6.157210e+01  4.582271e-02  3.100000e+00
   endloop
 endfacet
 facet normal  7.800624e-01 -6.257018e-01 -1.081398e-19
   outer loop
     vertex  6.158992e+01  6.803026e-02  9.100000e+00
     vertex  6.157210e+01  4.582271e-02  9.100000e+00
     vertex  6.157210e+01  4.582271e-02  3.100000e+00
   endloop
 endfacet
 facet normal  7.800624e-01 -6.257018e-01  0.000000e+00
   outer loop
     vertex  6.158992e+01  6.803026e-02  9.100000e+00
     vertex  6.157210e+01  4.582271e-02  3.100000e+00
     vertex  6.158992e+01  6.803026e-02  3.100000e+00
   endloop
 endfacet
 facet normal  7.628124e-01 -6.466199e-01 -1.036813e-19
   outer loop
     vertex  6.160832e+01  8.974672e-02  9.100000e+00
     vertex  6.158992e+01  6.803026e-02  9.100000e+00
     vertex  6.158992e+01  6.803026e-02  3.100000e+00
   endloop
 endfacet
 facet normal  7.628124e-01 -6.466199e-01  0.000000e+00
   outer loop
     vertex  6.160832e+01  8.974672e-02  9.100000e+00
     vertex  6.158992e+01  6.803026e-02  3.100000e+00
     vertex  6.160832e+01  8.974672e-02  3.100000e+00
   endloop
 endfacet
 facet normal  7.450016e-01 -6.670627e-01  0.000000e+00
   outer loop
     vertex  6.160832e+01  8.974672e-02  9.100000e+00
     vertex  6.160832e+01  8.974672e-02  3.100000e+00
     vertex  6.162732e+01  1.109561e-01  3.100000e+00
   endloop
 endfacet
 facet normal  7.450016e-01 -6.670627e-01  0.000000e+00
   outer loop
     vertex  6.162732e+01  1.109561e-01  9.100000e+00
     vertex  6.160832e+01  8.974672e-02  9.100000e+00
     vertex  6.162732e+01  1.109561e-01  3.100000e+00
   endloop
 endfacet
 facet normal  7.266432e-01 -6.870150e-01  4.563059e-20
   outer loop
     vertex  6.164687e+01  1.316429e-01  9.100000e+00
     vertex  6.162732e+01  1.109561e-01  9.100000e+00
     vertex  6.162732e+01  1.109561e-01  3.100000e+00
   endloop
 endfacet
 facet normal  7.266432e-01 -6.870150e-01  0.000000e+00
   outer loop
     vertex  6.164687e+01  1.316429e-01  9.100000e+00
     vertex  6.162732e+01  1.109561e-01  3.100000e+00
     vertex  6.164687e+01  1.316429e-01  3.100000e+00
   endloop
 endfacet
 facet normal  7.077506e-01 -7.064624e-01  4.629469e-20
   outer loop
     vertex  6.166699e+01  1.517918e-01  9.100000e+00
     vertex  6.164687e+01  1.316429e-01  9.100000e+00
     vertex  6.164687e+01  1.316429e-01  3.100000e+00
   endloop
 endfacet
 facet normal  7.077506e-01 -7.064624e-01  0.000000e+00
   outer loop
     vertex  6.166699e+01  1.517918e-01  9.100000e+00
     vertex  6.164687e+01  1.316429e-01  3.100000e+00
     vertex  6.166699e+01  1.517918e-01  3.100000e+00
   endloop
 endfacet
 facet normal  6.883377e-01 -7.253904e-01  1.029587e-19
   outer loop
     vertex  6.168764e+01  1.713880e-01  9.100000e+00
     vertex  6.166699e+01  1.517918e-01  9.100000e+00
     vertex  6.166699e+01  1.517918e-01  3.100000e+00
   endloop
 endfacet
 facet normal  6.883377e-01 -7.253904e-01  0.000000e+00
   outer loop
     vertex  6.168764e+01  1.713880e-01  9.100000e+00
     vertex  6.166699e+01  1.517918e-01  3.100000e+00
     vertex  6.168764e+01  1.713880e-01  3.100000e+00
   endloop
 endfacet
 facet normal  6.684188e-01 -7.437851e-01  0.000000e+00
   outer loop
     vertex  6.168764e+01  1.713880e-01  9.100000e+00
     vertex  6.168764e+01  1.713880e-01  3.100000e+00
     vertex  6.170881e+01  1.904172e-01  3.100000e+00
   endloop
 endfacet
 facet normal  6.684188e-01 -7.437851e-01  0.000000e+00
   outer loop
     vertex  6.170881e+01  1.904172e-01  9.100000e+00
     vertex  6.168764e+01  1.713880e-01  9.100000e+00
     vertex  6.170881e+01  1.904172e-01  3.100000e+00
   endloop
 endfacet
 facet normal  6.480085e-01 -7.616331e-01  0.000000e+00
   outer loop
     vertex  6.173050e+01  2.088653e-01  9.100000e+00
     vertex  6.170881e+01  1.904172e-01  3.100000e+00
     vertex  6.173050e+01  2.088653e-01  3.100000e+00
   endloop
 endfacet
 facet normal  6.271218e-01 -7.789212e-01  0.000000e+00
   outer loop
     vertex  6.173050e+01  2.088653e-01  9.100000e+00
     vertex  6.173050e+01  2.088653e-01  3.100000e+00
     vertex  6.175267e+01  2.267188e-01  3.100000e+00
   endloop
 endfacet
 facet normal  6.480085e-01 -7.616331e-01  7.937535e-21
   outer loop
     vertex  6.173050e+01  2.088653e-01  9.100000e+00
     vertex  6.170881e+01  1.904172e-01  9.100000e+00
     vertex  6.170881e+01  1.904172e-01  3.100000e+00
   endloop
 endfacet
 facet normal  6.271218e-01 -7.789212e-01  0.000000e+00
   outer loop
     vertex  6.175267e+01  2.267188e-01  9.100000e+00
     vertex  6.173050e+01  2.088653e-01  9.100000e+00
     vertex  6.175267e+01  2.267188e-01  3.100000e+00
   endloop
 endfacet
 facet normal  6.057742e-01 -7.956366e-01  0.000000e+00
   outer loop
     vertex  6.177532e+01  2.439646e-01  9.100000e+00
     vertex  6.175267e+01  2.267188e-01  3.100000e+00
     vertex  6.177532e+01  2.439646e-01  3.100000e+00
   endloop
 endfacet
 facet normal  6.057742e-01 -7.956366e-01 -8.232609e-21
   outer loop
     vertex  6.177532e+01  2.439646e-01  9.100000e+00
     vertex  6.175267e+01  2.267188e-01  9.100000e+00
     vertex  6.175267e+01  2.267188e-01  3.100000e+00
   endloop
 endfacet
 facet normal  5.839812e-01 -8.117672e-01  0.000000e+00
   outer loop
     vertex  6.179843e+01  2.605899e-01  9.100000e+00
     vertex  6.177532e+01  2.439646e-01  3.100000e+00
     vertex  6.179843e+01  2.605899e-01  3.100000e+00
   endloop
 endfacet
 facet normal  5.839812e-01 -8.117672e-01  1.580906e-19
   outer loop
     vertex  6.179843e+01  2.605899e-01  9.100000e+00
     vertex  6.177532e+01  2.439646e-01  9.100000e+00
     vertex  6.177532e+01  2.439646e-01  3.100000e+00
   endloop
 endfacet
 facet normal  5.617589e-01 -8.273010e-01 -2.143227e-20
   outer loop
     vertex  6.182198e+01  2.765826e-01  9.100000e+00
     vertex  6.179843e+01  2.605899e-01  9.100000e+00
     vertex  6.179843e+01  2.605899e-01  3.100000e+00
   endloop
 endfacet
 facet normal  5.617589e-01 -8.273010e-01  0.000000e+00
   outer loop
     vertex  6.182198e+01  2.765826e-01  9.100000e+00
     vertex  6.179843e+01  2.605899e-01  3.100000e+00
     vertex  6.182198e+01  2.765826e-01  3.100000e+00
   endloop
 endfacet
 facet normal  5.391236e-01 -8.422266e-01 -1.411163e-19
   outer loop
     vertex  6.184596e+01  2.919308e-01  9.100000e+00
     vertex  6.182198e+01  2.765826e-01  9.100000e+00
     vertex  6.182198e+01  2.765826e-01  3.100000e+00
   endloop
 endfacet
 facet normal  5.391236e-01 -8.422266e-01  0.000000e+00
   outer loop
     vertex  6.184596e+01  2.919308e-01  9.100000e+00
     vertex  6.182198e+01  2.765826e-01  3.100000e+00
     vertex  6.184596e+01  2.919308e-01  3.100000e+00
   endloop
 endfacet
 facet normal  5.160920e-01 -8.565331e-01  5.957783e-20
   outer loop
     vertex  6.187035e+01  3.066234e-01  9.100000e+00
     vertex  6.184596e+01  2.919308e-01  9.100000e+00
     vertex  6.184596e+01  2.919308e-01  3.100000e+00
   endloop
 endfacet
 facet normal  5.160920e-01 -8.565331e-01  0.000000e+00
   outer loop
     vertex  6.187035e+01  3.066234e-01  9.100000e+00
     vertex  6.184596e+01  2.919308e-01  3.100000e+00
     vertex  6.187035e+01  3.066234e-01  3.100000e+00
   endloop
 endfacet
 facet normal  4.926811e-01 -8.702100e-01  0.000000e+00
   outer loop
     vertex  6.187035e+01  3.066234e-01  9.100000e+00
     vertex  6.187035e+01  3.066234e-01  3.100000e+00
     vertex  6.189512e+01  3.206495e-01  3.100000e+00
   endloop
 endfacet
 facet normal  4.926811e-01 -8.702100e-01  0.000000e+00
   outer loop
     vertex  6.189512e+01  3.206495e-01  9.100000e+00
     vertex  6.187035e+01  3.066234e-01  9.100000e+00
     vertex  6.189512e+01  3.206495e-01  3.100000e+00
   endloop
 endfacet
 facet normal  4.689079e-01 -8.832471e-01  0.000000e+00
   outer loop
     vertex  6.189512e+01  3.206495e-01  9.100000e+00
     vertex  6.189512e+01  3.206495e-01  3.100000e+00
     vertex  6.192026e+01  3.339989e-01  3.100000e+00
   endloop
 endfacet
 facet normal  4.689079e-01 -8.832471e-01  0.000000e+00
   outer loop
     vertex  6.192026e+01  3.339989e-01  9.100000e+00
     vertex  6.189512e+01  3.206495e-01  9.100000e+00
     vertex  6.192026e+01  3.339989e-01  3.100000e+00
   endloop
 endfacet
 facet normal  4.447900e-01 -8.956349e-01  0.000000e+00
   outer loop
     vertex  6.192026e+01  3.339989e-01  9.100000e+00
     vertex  6.192026e+01  3.339989e-01  3.100000e+00
     vertex  6.194576e+01  3.466616e-01  3.100000e+00
   endloop
 endfacet
 facet normal  4.447900e-01 -8.956349e-01  0.000000e+00
   outer loop
     vertex  6.194576e+01  3.466616e-01  9.100000e+00
     vertex  6.192026e+01  3.339989e-01  9.100000e+00
     vertex  6.194576e+01  3.466616e-01  3.100000e+00
   endloop
 endfacet
 facet normal  4.203452e-01 -9.073643e-01  7.823586e-20
   outer loop
     vertex  6.197159e+01  3.586283e-01  9.100000e+00
     vertex  6.194576e+01  3.466616e-01  9.100000e+00
     vertex  6.194576e+01  3.466616e-01  3.100000e+00
   endloop
 endfacet
 facet normal  4.203452e-01 -9.073643e-01  0.000000e+00
   outer loop
     vertex  6.197159e+01  3.586283e-01  9.100000e+00
     vertex  6.194576e+01  3.466616e-01  3.100000e+00
     vertex  6.197159e+01  3.586283e-01  3.100000e+00
   endloop
 endfacet
 facet normal  3.955913e-01 -9.184267e-01 -7.750222e-20
   outer loop
     vertex  6.199774e+01  3.698904e-01  9.100000e+00
     vertex  6.197159e+01  3.586283e-01  9.100000e+00
     vertex  6.197159e+01  3.586283e-01  3.100000e+00
   endloop
 endfacet
 facet normal  3.955913e-01 -9.184267e-01  0.000000e+00
   outer loop
     vertex  6.199774e+01  3.698904e-01  9.100000e+00
     vertex  6.197159e+01  3.586283e-01  3.100000e+00
     vertex  6.199774e+01  3.698904e-01  3.100000e+00
   endloop
 endfacet
 facet normal  3.705466e-01 -9.288139e-01  1.528450e-19
   outer loop
     vertex  6.202418e+01  3.804395e-01  9.100000e+00
     vertex  6.199774e+01  3.698904e-01  9.100000e+00
     vertex  6.199774e+01  3.698904e-01  3.100000e+00
   endloop
 endfacet
 facet normal  3.705466e-01 -9.288139e-01  0.000000e+00
   outer loop
     vertex  6.202418e+01  3.804395e-01  9.100000e+00
     vertex  6.199774e+01  3.698904e-01  3.100000e+00
     vertex  6.202418e+01  3.804395e-01  3.100000e+00
   endloop
 endfacet
 facet normal  3.452296e-01 -9.385183e-01 -1.104586e-19
   outer loop
     vertex  6.205090e+01  3.902678e-01  9.100000e+00
     vertex  6.202418e+01  3.804395e-01  9.100000e+00
     vertex  6.202418e+01  3.804395e-01  3.100000e+00
   endloop
 endfacet
 facet normal  3.452296e-01 -9.385183e-01  0.000000e+00
   outer loop
     vertex  6.205090e+01  3.902678e-01  9.100000e+00
     vertex  6.202418e+01  3.804395e-01  3.100000e+00
     vertex  6.205090e+01  3.902678e-01  3.100000e+00
   endloop
 endfacet
 facet normal  3.196587e-01 -9.475328e-01 -1.604590e-21
   outer loop
     vertex  6.207788e+01  3.993681e-01  9.100000e+00
     vertex  6.205090e+01  3.902678e-01  9.100000e+00
     vertex  6.205090e+01  3.902678e-01  3.100000e+00
   endloop
 endfacet
 facet normal  3.196587e-01 -9.475328e-01  0.000000e+00
   outer loop
     vertex  6.207788e+01  3.993681e-01  9.100000e+00
     vertex  6.205090e+01  3.902678e-01  3.100000e+00
     vertex  6.207788e+01  3.993681e-01  3.100000e+00
   endloop
 endfacet
 facet normal  2.938528e-01 -9.558507e-01 -3.899702e-20
   outer loop
     vertex  6.210509e+01  4.077338e-01  9.100000e+00
     vertex  6.207788e+01  3.993681e-01  9.100000e+00
     vertex  6.207788e+01  3.993681e-01  3.100000e+00
   endloop
 endfacet
 facet normal  2.938528e-01 -9.558507e-01  0.000000e+00
   outer loop
     vertex  6.210509e+01  4.077338e-01  9.100000e+00
     vertex  6.207788e+01  3.993681e-01  3.100000e+00
     vertex  6.210509e+01  4.077338e-01  3.100000e+00
   endloop
 endfacet
 facet normal  2.678310e-01 -9.634659e-01  5.465148e-21
   outer loop
     vertex  6.213252e+01  4.153587e-01  9.100000e+00
     vertex  6.210509e+01  4.077338e-01  9.100000e+00
     vertex  6.210509e+01  4.077338e-01  3.100000e+00
   endloop
 endfacet
 facet normal  2.678310e-01 -9.634659e-01  0.000000e+00
   outer loop
     vertex  6.213252e+01  4.153587e-01  9.100000e+00
     vertex  6.210509e+01  4.077338e-01  3.100000e+00
     vertex  6.213252e+01  4.153587e-01  3.100000e+00
   endloop
 endfacet
 facet normal  2.416122e-01 -9.703729e-01  2.184958e-20
   outer loop
     vertex  6.216014e+01  4.222371e-01  9.100000e+00
     vertex  6.213252e+01  4.153587e-01  9.100000e+00
     vertex  6.213252e+01  4.153587e-01  3.100000e+00
   endloop
 endfacet
 facet normal  2.416122e-01 -9.703729e-01  0.000000e+00
   outer loop
     vertex  6.216014e+01  4.222371e-01  9.100000e+00
     vertex  6.213252e+01  4.153587e-01  3.100000e+00
     vertex  6.216014e+01  4.222371e-01  3.100000e+00
   endloop
 endfacet
 facet normal  2.152158e-01 -9.765665e-01 -6.703444e-20
   outer loop
     vertex  6.218795e+01  4.283641e-01  9.100000e+00
     vertex  6.216014e+01  4.222371e-01  9.100000e+00
     vertex  6.216014e+01  4.222371e-01  3.100000e+00
   endloop
 endfacet
 facet normal  2.152158e-01 -9.765665e-01  0.000000e+00
   outer loop
     vertex  6.218795e+01  4.283641e-01  9.100000e+00
     vertex  6.216014e+01  4.222371e-01  3.100000e+00
     vertex  6.218795e+01  4.283641e-01  3.100000e+00
   endloop
 endfacet
 facet normal  1.886613e-01 -9.820422e-01  0.000000e+00
   outer loop
     vertex  6.221590e+01  4.337351e-01  9.100000e+00
     vertex  6.218795e+01  4.283641e-01  3.100000e+00
     vertex  6.221590e+01  4.337351e-01  3.100000e+00
   endloop
 endfacet
 facet normal  1.886613e-01 -9.820422e-01 -7.415366e-20
   outer loop
     vertex  6.221590e+01  4.337351e-01  9.100000e+00
     vertex  6.218795e+01  4.283641e-01  9.100000e+00
     vertex  6.218795e+01  4.283641e-01  3.100000e+00
   endloop
 endfacet
 facet normal  1.619680e-01 -9.867960e-01  0.000000e+00
   outer loop
     vertex  6.224400e+01  4.383461e-01  9.100000e+00
     vertex  6.221590e+01  4.337351e-01  3.100000e+00
     vertex  6.224400e+01  4.383461e-01  3.100000e+00
   endloop
 endfacet
 facet normal  1.619680e-01 -9.867960e-01 -3.730504e-20
   outer loop
     vertex  6.224400e+01  4.383461e-01  9.100000e+00
     vertex  6.221590e+01  4.337351e-01  9.100000e+00
     vertex  6.221590e+01  4.337351e-01  3.100000e+00
   endloop
 endfacet
 facet normal  1.351556e-01 -9.908244e-01  0.000000e+00
   outer loop
     vertex  6.227220e+01  4.421939e-01  9.100000e+00
     vertex  6.224400e+01  4.383461e-01  3.100000e+00
     vertex  6.227220e+01  4.421939e-01  3.100000e+00
   endloop
 endfacet
 facet normal  1.351556e-01 -9.908244e-01  4.949283e-21
   outer loop
     vertex  6.227220e+01  4.421939e-01  9.100000e+00
     vertex  6.224400e+01  4.383461e-01  9.100000e+00
     vertex  6.224400e+01  4.383461e-01  3.100000e+00
   endloop
 endfacet
 facet normal  1.082439e-01 -9.941244e-01  0.000000e+00
   outer loop
     vertex  6.230051e+01  4.452755e-01  9.100000e+00
     vertex  6.227220e+01  4.421939e-01  3.100000e+00
     vertex  6.230051e+01  4.452755e-01  3.100000e+00
   endloop
 endfacet
 facet normal  8.125265e-02 -9.966935e-01  0.000000e+00
   outer loop
     vertex  6.230051e+01  4.452755e-01  9.100000e+00
     vertex  6.230051e+01  4.452755e-01  3.100000e+00
     vertex  6.232888e+01  4.475886e-01  3.100000e+00
   endloop
 endfacet
 facet normal  1.082439e-01 -9.941244e-01  1.949394e-20
   outer loop
     vertex  6.230051e+01  4.452755e-01  9.100000e+00
     vertex  6.227220e+01  4.421939e-01  9.100000e+00
     vertex  6.227220e+01  4.421939e-01  3.100000e+00
   endloop
 endfacet
 facet normal  8.125265e-02 -9.966935e-01  0.000000e+00
   outer loop
     vertex  6.232888e+01  4.475886e-01  9.100000e+00
     vertex  6.230051e+01  4.452755e-01  9.100000e+00
     vertex  6.232888e+01  4.475886e-01  3.100000e+00
   endloop
 endfacet
 facet normal  5.420164e-02 -9.985300e-01  0.000000e+00
   outer loop
     vertex  6.235731e+01  4.491317e-01  9.100000e+00
     vertex  6.232888e+01  4.475886e-01  3.100000e+00
     vertex  6.235731e+01  4.491317e-01  3.100000e+00
   endloop
 endfacet
 facet normal  2.711078e-02 -9.996324e-01  0.000000e+00
   outer loop
     vertex  6.235731e+01  4.491317e-01  9.100000e+00
     vertex  6.235731e+01  4.491317e-01  3.100000e+00
     vertex  6.238577e+01  4.499035e-01  3.100000e+00
   endloop
 endfacet
 facet normal  5.420164e-02 -9.985300e-01  7.185725e-21
   outer loop
     vertex  6.235731e+01  4.491317e-01  9.100000e+00
     vertex  6.232888e+01  4.475886e-01  9.100000e+00
     vertex  6.232888e+01  4.475886e-01  3.100000e+00
   endloop
 endfacet
 facet normal  2.711078e-02 -9.996324e-01  0.000000e+00
   outer loop
     vertex  6.238577e+01  4.499035e-01  9.100000e+00
     vertex  6.235731e+01  4.491317e-01  9.100000e+00
     vertex  6.238577e+01  4.499035e-01  3.100000e+00
   endloop
 endfacet
 facet normal  0.000000e+00 -1.000000e+00 -0.000000e+00
   outer loop
     vertex  6.241423e+01  4.499035e-01  9.100000e+00
     vertex  6.238577e+01  4.499035e-01  3.100000e+00
     vertex  6.241423e+01  4.499035e-01  3.100000e+00
   endloop
 endfacet
 facet normal -0.000000e+00 -1.000000e+00  0.000000e+00
   outer loop
     vertex  6.241423e+01  4.499035e-01  9.100000e+00
     vertex  6.238577e+01  4.499035e-01  9.100000e+00
     vertex  6.238577e+01  4.499035e-01  3.100000e+00
   endloop
 endfacet
 facet normal -2.711078e-02 -9.996324e-01 -0.000000e+00
   outer loop
     vertex  6.244269e+01  4.491317e-01  9.100000e+00
     vertex  6.241423e+01  4.499035e-01  3.100000e+00
     vertex  6.244269e+01  4.491317e-01  3.100000e+00
   endloop
 endfacet
 facet normal -5.420164e-02 -9.985300e-01 -0.000000e+00
   outer loop
     vertex  6.244269e+01  4.491317e-01  9.100000e+00
     vertex  6.244269e+01  4.491317e-01  3.100000e+00
     vertex  6.247112e+01  4.475886e-01  3.100000e+00
   endloop
 endfacet
 facet normal -2.711078e-02 -9.996324e-01  1.176378e-21
   outer loop
     vertex  6.244269e+01  4.491317e-01  9.100000e+00
     vertex  6.241423e+01  4.499035e-01  9.100000e+00
     vertex  6.241423e+01  4.499035e-01  3.100000e+00
   endloop
 endfacet
 facet normal -5.420164e-02 -9.985300e-01 -0.000000e+00
   outer loop
     vertex  6.247112e+01  4.475886e-01  9.100000e+00
     vertex  6.244269e+01  4.491317e-01  9.100000e+00
     vertex  6.247112e+01  4.475886e-01  3.100000e+00
   endloop
 endfacet
 facet normal -8.125265e-02 -9.966935e-01 -6.568854e-21
   outer loop
     vertex  6.249949e+01  4.452755e-01  9.100000e+00
     vertex  6.247112e+01  4.475886e-01  9.100000e+00
     vertex  6.247112e+01  4.475886e-01  3.100000e+00
   endloop
 endfacet
 facet normal -8.125265e-02 -9.966935e-01 -0.000000e+00
   outer loop
     vertex  6.249949e+01  4.452755e-01  9.100000e+00
     vertex  6.247112e+01  4.475886e-01  3.100000e+00
     vertex  6.249949e+01  4.452755e-01  3.100000e+00
   endloop
 endfacet
 facet normal -1.082439e-01 -9.941244e-01  4.745504e-21
   outer loop
     vertex  6.252780e+01  4.421939e-01  9.100000e+00
     vertex  6.249949e+01  4.452755e-01  9.100000e+00
     vertex  6.249949e+01  4.452755e-01  3.100000e+00
   endloop
 endfacet
 facet normal -1.082439e-01 -9.941244e-01 -0.000000e+00
   outer loop
     vertex  6.252780e+01  4.421939e-01  9.100000e+00
     vertex  6.249949e+01  4.452755e-01  3.100000e+00
     vertex  6.252780e+01  4.421939e-01  3.100000e+00
   endloop
 endfacet
 facet normal -1.351556e-01 -9.908244e-01 -0.000000e+00
   outer loop
     vertex  6.252780e+01  4.421939e-01  9.100000e+00
     vertex  6.252780e+01  4.421939e-01  3.100000e+00
     vertex  6.255600e+01  4.383461e-01  3.100000e+00
   endloop
 endfacet
 facet normal -1.351556e-01 -9.908244e-01 -0.000000e+00
   outer loop
     vertex  6.255600e+01  4.383461e-01  9.100000e+00
     vertex  6.252780e+01  4.421939e-01  9.100000e+00
     vertex  6.255600e+01  4.383461e-01  3.100000e+00
   endloop
 endfacet
 facet normal -1.619680e-01 -9.867960e-01 -0.000000e+00
   outer loop
     vertex  6.258410e+01  4.337351e-01  9.100000e+00
     vertex  6.255600e+01  4.383461e-01  3.100000e+00
     vertex  6.258410e+01  4.337351e-01  3.100000e+00
   endloop
 endfacet
 facet normal -1.619680e-01 -9.867960e-01 -6.609357e-22
   outer loop
     vertex  6.258410e+01  4.337351e-01  9.100000e+00
     vertex  6.255600e+01  4.383461e-01  9.100000e+00
     vertex  6.255600e+01  4.383461e-01  3.100000e+00
   endloop
 endfacet
 facet normal -1.886613e-01 -9.820422e-01  7.865114e-20
   outer loop
     vertex  6.261205e+01  4.283641e-01  9.100000e+00
     vertex  6.258410e+01  4.337351e-01  9.100000e+00
     vertex  6.258410e+01  4.337351e-01  3.100000e+00
   endloop
 endfacet
 facet normal -1.886613e-01 -9.820422e-01 -0.000000e+00
   outer loop
     vertex  6.261205e+01  4.283641e-01  9.100000e+00
     vertex  6.258410e+01  4.337351e-01  3.100000e+00
     vertex  6.261205e+01  4.283641e-01  3.100000e+00
   endloop
 endfacet
 facet normal -2.152158e-01 -9.765665e-01 -0.000000e+00
   outer loop
     vertex  6.263986e+01  4.222371e-01  9.100000e+00
     vertex  6.261205e+01  4.283641e-01  3.100000e+00
     vertex  6.263986e+01  4.222371e-01  3.100000e+00
   endloop
 endfacet
 facet normal -2.152158e-01 -9.765665e-01 -6.823707e-20
   outer loop
     vertex  6.263986e+01  4.222371e-01  9.100000e+00
     vertex  6.261205e+01  4.283641e-01  9.100000e+00
     vertex  6.261205e+01  4.283641e-01  3.100000e+00
   endloop
 endfacet
 facet normal -2.416122e-01 -9.703729e-01 -0.000000e+00
   outer loop
     vertex  6.266748e+01  4.153587e-01  9.100000e+00
     vertex  6.263986e+01  4.222371e-01  3.100000e+00
     vertex  6.266748e+01  4.153587e-01  3.100000e+00
   endloop
 endfacet
 facet normal -2.678310e-01 -9.634659e-01 -0.000000e+00
   outer loop
     vertex  6.266748e+01  4.153587e-01  9.100000e+00
     vertex  6.266748e+01  4.153587e-01  3.100000e+00
     vertex  6.269491e+01  4.077338e-01  3.100000e+00
   endloop
 endfacet
 facet normal -2.416122e-01 -9.703729e-01  6.532059e-20
   outer loop
     vertex  6.266748e+01  4.153587e-01  9.100000e+00
     vertex  6.263986e+01  4.222371e-01  9.100000e+00
     vertex  6.263986e+01  4.222371e-01  3.100000e+00
   endloop
 endfacet
 facet normal -2.678310e-01 -9.634659e-01 -0.000000e+00
   outer loop
     vertex  6.269491e+01  4.077338e-01  9.100000e+00
     vertex  6.266748e+01  4.153587e-01  9.100000e+00
     vertex  6.269491e+01  4.077338e-01  3.100000e+00
   endloop
 endfacet
 facet normal -2.938528e-01 -9.558507e-01 -0.000000e+00
   outer loop
     vertex  6.272212e+01  3.993681e-01  9.100000e+00
     vertex  6.269491e+01  4.077338e-01  3.100000e+00
     vertex  6.272212e+01  3.993681e-01  3.100000e+00
   endloop
 endfacet
 facet normal -2.938528e-01 -9.558507e-01 -4.660020e-20
   outer loop
     vertex  6.272212e+01  3.993681e-01  9.100000e+00
     vertex  6.269491e+01  4.077338e-01  9.100000e+00
     vertex  6.269491e+01  4.077338e-01  3.100000e+00
   endloop
 endfacet
 facet normal -3.196587e-01 -9.475328e-01 -0.000000e+00
   outer loop
     vertex  6.274910e+01  3.902678e-01  9.100000e+00
     vertex  6.272212e+01  3.993681e-01  3.100000e+00
     vertex  6.274910e+01  3.902678e-01  3.100000e+00
   endloop
 endfacet
 facet normal -3.196587e-01 -9.475328e-01  7.945903e-20
   outer loop
     vertex  6.274910e+01  3.902678e-01  9.100000e+00
     vertex  6.272212e+01  3.993681e-01  9.100000e+00
     vertex  6.272212e+01  3.993681e-01  3.100000e+00
   endloop
 endfacet
 facet normal -3.452296e-01 -9.385183e-01 -0.000000e+00
   outer loop
     vertex  6.277582e+01  3.804395e-01  9.100000e+00
     vertex  6.274910e+01  3.902678e-01  3.100000e+00
     vertex  6.277582e+01  3.804395e-01  3.100000e+00
   endloop
 endfacet
 facet normal -3.452296e-01 -9.385183e-01  1.104586e-19
   outer loop
     vertex  6.277582e+01  3.804395e-01  9.100000e+00
     vertex  6.274910e+01  3.902678e-01  9.100000e+00
     vertex  6.274910e+01  3.902678e-01  3.100000e+00
   endloop
 endfacet
 facet normal -3.705466e-01 -9.288139e-01 -0.000000e+00
   outer loop
     vertex  6.280226e+01  3.698904e-01  9.100000e+00
     vertex  6.277582e+01  3.804395e-01  3.100000e+00
     vertex  6.280226e+01  3.698904e-01  3.100000e+00
   endloop
 endfacet
 facet normal -3.705466e-01 -9.288139e-01  6.538061e-20
   outer loop
     vertex  6.280226e+01  3.698904e-01  9.100000e+00
     vertex  6.277582e+01  3.804395e-01  9.100000e+00
     vertex  6.277582e+01  3.804395e-01  3.100000e+00
   endloop
 endfacet
 facet normal -3.955913e-01 -9.184267e-01 -0.000000e+00
   outer loop
     vertex  6.282841e+01  3.586283e-01  9.100000e+00
     vertex  6.280226e+01  3.698904e-01  3.100000e+00
     vertex  6.282841e+01  3.586283e-01  3.100000e+00
   endloop
 endfacet
 facet normal -3.955913e-01 -9.184267e-01  3.264946e-20
   outer loop
     vertex  6.282841e+01  3.586283e-01  9.100000e+00
     vertex  6.280226e+01  3.698904e-01  9.100000e+00
     vertex  6.280226e+01  3.698904e-01  3.100000e+00
   endloop
 endfacet
 facet normal -4.203452e-01 -9.073643e-01 -0.000000e+00
   outer loop
     vertex  6.285424e+01  3.466616e-01  9.100000e+00
     vertex  6.282841e+01  3.586283e-01  3.100000e+00
     vertex  6.285424e+01  3.466616e-01  3.100000e+00
   endloop
 endfacet
 facet normal -4.203452e-01 -9.073643e-01 -7.823586e-20
   outer loop
     vertex  6.285424e+01  3.466616e-01  9.100000e+00
     vertex  6.282841e+01  3.586283e-01  9.100000e+00
     vertex  6.282841e+01  3.586283e-01  3.100000e+00
   endloop
 endfacet
 facet normal -4.447900e-01 -8.956349e-01 -0.000000e+00
   outer loop
     vertex  6.287974e+01  3.339989e-01  9.100000e+00
     vertex  6.285424e+01  3.466616e-01  3.100000e+00
     vertex  6.287974e+01  3.339989e-01  3.100000e+00
   endloop
 endfacet
 facet normal -4.447900e-01 -8.956349e-01 -4.496402e-20
   outer loop
     vertex  6.287974e+01  3.339989e-01  9.100000e+00
     vertex  6.285424e+01  3.466616e-01  9.100000e+00
     vertex  6.285424e+01  3.466616e-01  3.100000e+00
   endloop
 endfacet
 facet normal -4.689079e-01 -8.832471e-01 -0.000000e+00
   outer loop
     vertex  6.290488e+01  3.206495e-01  9.100000e+00
     vertex  6.287974e+01  3.339989e-01  3.100000e+00
     vertex  6.290488e+01  3.206495e-01  3.100000e+00
   endloop
 endfacet
 facet normal -4.926811e-01 -8.702100e-01 -0.000000e+00
   outer loop
     vertex  6.290488e+01  3.206495e-01  9.100000e+00
     vertex  6.290488e+01  3.206495e-01  3.100000e+00
     vertex  6.292965e+01  3.066234e-01  3.100000e+00
   endloop
 endfacet
 facet normal -4.689079e-01 -8.832471e-01 -1.075404e-19
   outer loop
     vertex  6.290488e+01  3.206495e-01  9.100000e+00
     vertex  6.287974e+01  3.339989e-01  9.100000e+00
     vertex  6.287974e+01  3.339989e-01  3.100000e+00
   endloop
 endfacet
 facet normal -4.926811e-01 -8.702100e-01 -0.000000e+00
   outer loop
     vertex  6.292965e+01  3.066234e-01  9.100000e+00
     vertex  6.290488e+01  3.206495e-01  9.100000e+00
     vertex  6.292965e+01  3.066234e-01  3.100000e+00
   endloop
 endfacet
 facet normal -5.160920e-01 -8.565331e-01 -0.000000e+00
   outer loop
     vertex  6.295404e+01  2.919308e-01  9.100000e+00
     vertex  6.292965e+01  3.066234e-01  3.100000e+00
     vertex  6.295404e+01  2.919308e-01  3.100000e+00
   endloop
 endfacet
 facet normal -5.160920e-01 -8.565331e-01 -5.957783e-20
   outer loop
     vertex  6.295404e+01  2.919308e-01  9.100000e+00
     vertex  6.292965e+01  3.066234e-01  9.100000e+00
     vertex  6.292965e+01  3.066234e-01  3.100000e+00
   endloop
 endfacet
 facet normal -5.391236e-01 -8.422266e-01 -0.000000e+00
   outer loop
     vertex  6.297802e+01  2.765826e-01  9.100000e+00
     vertex  6.295404e+01  2.919308e-01  3.100000e+00
     vertex  6.297802e+01  2.765826e-01  3.100000e+00
   endloop
 endfacet
 facet normal -5.617589e-01 -8.273010e-01 -0.000000e+00
   outer loop
     vertex  6.297802e+01  2.765826e-01  9.100000e+00
     vertex  6.297802e+01  2.765826e-01  3.100000e+00
     vertex  6.300157e+01  2.605899e-01  3.100000e+00
   endloop
 endfacet
 facet normal -5.391236e-01 -8.422266e-01  1.411163e-19
   outer loop
     vertex  6.297802e+01  2.765826e-01  9.100000e+00
     vertex  6.295404e+01  2.919308e-01  9.100000e+00
     vertex  6.295404e+01  2.919308e-01  3.100000e+00
   endloop
 endfacet
 facet normal -5.839812e-01 -8.117672e-01 -0.000000e+00
   outer loop
     vertex  6.300157e+01  2.605899e-01  9.100000e+00
     vertex  6.300157e+01  2.605899e-01  3.100000e+00
     vertex  6.302468e+01  2.439646e-01  3.100000e+00
   endloop
 endfacet
 facet normal -5.617589e-01 -8.273010e-01 -0.000000e+00
   outer loop
     vertex  6.300157e+01  2.605899e-01  9.100000e+00
     vertex  6.297802e+01  2.765826e-01  9.100000e+00
     vertex  6.300157e+01  2.605899e-01  3.100000e+00
   endloop
 endfacet
 facet normal -5.839812e-01 -8.117672e-01 -0.000000e+00
   outer loop
     vertex  6.302468e+01  2.439646e-01  9.100000e+00
     vertex  6.300157e+01  2.605899e-01  9.100000e+00
     vertex  6.302468e+01  2.439646e-01  3.100000e+00
   endloop
 endfacet
 facet normal -6.057742e-01 -7.956366e-01 -0.000000e+00
   outer loop
     vertex  6.304733e+01  2.267188e-01  9.100000e+00
     vertex  6.302468e+01  2.439646e-01  3.100000e+00
     vertex  6.304733e+01  2.267188e-01  3.100000e+00
   endloop
 endfacet
 facet normal -6.057742e-01 -7.956366e-01 -4.769480e-20
   outer loop
     vertex  6.304733e+01  2.267188e-01  9.100000e+00
     vertex  6.302468e+01  2.439646e-01  9.100000e+00
     vertex  6.302468e+01  2.439646e-01  3.100000e+00
   endloop
 endfacet
 facet normal -6.271218e-01 -7.789212e-01 -0.000000e+00
   outer loop
     vertex  6.306950e+01  2.088653e-01  9.100000e+00
     vertex  6.304733e+01  2.267188e-01  3.100000e+00
     vertex  6.306950e+01  2.088653e-01  3.100000e+00
   endloop
 endfacet
 facet normal -6.271218e-01 -7.789212e-01 -4.713230e-22
   outer loop
     vertex  6.306950e+01  2.088653e-01  9.100000e+00
     vertex  6.304733e+01  2.267188e-01  9.100000e+00
     vertex  6.304733e+01  2.267188e-01  3.100000e+00
   endloop
 endfacet
 facet normal -6.480085e-01 -7.616331e-01 -0.000000e+00
   outer loop
     vertex  6.309119e+01  1.904172e-01  9.100000e+00
     vertex  6.306950e+01  2.088653e-01  3.100000e+00
     vertex  6.309119e+01  1.904172e-01  3.100000e+00
   endloop
 endfacet
 facet normal -6.684188e-01 -7.437851e-01 -0.000000e+00
   outer loop
     vertex  6.309119e+01  1.904172e-01  9.100000e+00
     vertex  6.309119e+01  1.904172e-01  3.100000e+00
     vertex  6.311236e+01  1.713880e-01  3.100000e+00
   endloop
 endfacet
 facet normal -6.480085e-01 -7.616331e-01  1.310031e-19
   outer loop
     vertex  6.309119e+01  1.904172e-01  9.100000e+00
     vertex  6.306950e+01  2.088653e-01  9.100000e+00
     vertex  6.306950e+01  2.088653e-01  3.100000e+00
   endloop
 endfacet
 facet normal -6.684188e-01 -7.437851e-01 -0.000000e+00
   outer loop
     vertex  6.311236e+01  1.713880e-01  9.100000e+00
     vertex  6.309119e+01  1.904172e-01  9.100000e+00
     vertex  6.311236e+01  1.713880e-01  3.100000e+00
   endloop
 endfacet
 facet normal -6.883377e-01 -7.253904e-01  1.212775e-19
   outer loop
     vertex  6.313301e+01  1.517918e-01  9.100000e+00
     vertex  6.311236e+01  1.713880e-01  9.100000e+00
     vertex  6.311236e+01  1.713880e-01  3.100000e+00
   endloop
 endfacet
 facet normal -6.883377e-01 -7.253904e-01 -0.000000e+00
   outer loop
     vertex  6.313301e+01  1.517918e-01  9.100000e+00
     vertex  6.311236e+01  1.713880e-01  3.100000e+00
     vertex  6.313301e+01  1.517918e-01  3.100000e+00
   endloop
 endfacet
 facet normal -7.077506e-01 -7.064624e-01 -0.000000e+00
   outer loop
     vertex  6.313301e+01  1.517918e-01  9.100000e+00
     vertex  6.313301e+01  1.517918e-01  3.100000e+00
     vertex  6.315313e+01  1.316429e-01  3.100000e+00
   endloop
 endfacet
 facet normal -7.077506e-01 -7.064624e-01 -0.000000e+00
   outer loop
     vertex  6.315313e+01  1.316429e-01  9.100000e+00
     vertex  6.313301e+01  1.517918e-01  9.100000e+00
     vertex  6.315313e+01  1.316429e-01  3.100000e+00
   endloop
 endfacet
 facet normal -7.266432e-01 -6.870150e-01 -4.563059e-20
   outer loop
     vertex  6.317268e+01  1.109561e-01  9.100000e+00
     vertex  6.315313e+01  1.316429e-01  9.100000e+00
     vertex  6.315313e+01  1.316429e-01  3.100000e+00
   endloop
 endfacet
 facet normal -7.266432e-01 -6.870150e-01 -0.000000e+00
   outer loop
     vertex  6.317268e+01  1.109561e-01  9.100000e+00
     vertex  6.315313e+01  1.316429e-01  3.100000e+00
     vertex  6.317268e+01  1.109561e-01  3.100000e+00
   endloop
 endfacet
 facet normal -7.450016e-01 -6.670627e-01 -0.000000e+00
   outer loop
     vertex  6.317268e+01  1.109561e-01  9.100000e+00
     vertex  6.317268e+01  1.109561e-01  3.100000e+00
     vertex  6.319168e+01  8.974672e-02  3.100000e+00
   endloop
 endfacet
 facet normal -7.450016e-01 -6.670627e-01 -0.000000e+00
   outer loop
     vertex  6.319168e+01  8.974672e-02  9.100000e+00
     vertex  6.317268e+01  1.109561e-01  9.100000e+00
     vertex  6.319168e+01  8.974672e-02  3.100000e+00
   endloop
 endfacet
 facet normal -7.628124e-01 -6.466199e-01  1.036813e-19
   outer loop
     vertex  6.321008e+01  6.803026e-02  9.100000e+00
     vertex  6.319168e+01  8.974672e-02  9.100000e+00
     vertex  6.319168e+01  8.974672e-02  3.100000e+00
   endloop
 endfacet
 facet normal -7.628124e-01 -6.466199e-01 -0.000000e+00
   outer loop
     vertex  6.321008e+01  6.803026e-02  9.100000e+00
     vertex  6.319168e+01  8.974672e-02  3.100000e+00
     vertex  6.321008e+01  6.803026e-02  3.100000e+00
   endloop
 endfacet
 facet normal -7.800624e-01 -6.257018e-01  9.618017e-20
   outer loop
     vertex  6.322790e+01  4.582271e-02  9.100000e+00
     vertex  6.321008e+01  6.803026e-02  9.100000e+00
     vertex  6.321008e+01  6.803026e-02  3.100000e+00
   endloop
 endfacet
 facet normal -7.800624e-01 -6.257018e-01 -0.000000e+00
   outer loop
     vertex  6.322790e+01  4.582271e-02  9.100000e+00
     vertex  6.321008e+01  6.803026e-02  3.100000e+00
     vertex  6.322790e+01  4.582271e-02  3.100000e+00
   endloop
 endfacet
 facet normal -7.967389e-01 -6.043237e-01  6.072826e-20
   outer loop
     vertex  6.324510e+01  2.314040e-02  9.100000e+00
     vertex  6.322790e+01  4.582271e-02  9.100000e+00
     vertex  6.322790e+01  4.582271e-02  3.100000e+00
   endloop
 endfacet
 facet normal -7.967389e-01 -6.043237e-01 -0.000000e+00
   outer loop
     vertex  6.324510e+01  2.314040e-02  9.100000e+00
     vertex  6.322790e+01  4.582271e-02  3.100000e+00
     vertex  6.324510e+01  2.314040e-02  3.100000e+00
   endloop
 endfacet
 facet normal -8.128297e-01 -5.825013e-01  9.012280e-20
   outer loop
     vertex  6.326168e+01  2.220446e-16  9.100000e+00
     vertex  6.324510e+01  2.314040e-02  9.100000e+00
     vertex  6.324510e+01  2.314040e-02  3.100000e+00
   endloop
 endfacet
 facet normal -8.128297e-01 -5.825013e-01 -0.000000e+00
   outer loop
     vertex  6.326168e+01  2.220446e-16  9.100000e+00
     vertex  6.324510e+01  2.314040e-02  3.100000e+00
     vertex  6.326168e+01  2.220446e-16  3.100000e+00
   endloop
 endfacet
 facet normal  0.000000e+00  0.000000e+00 -1.000000e+00
   outer loop
     vertex  6.287974e+01  3.339989e-01  9.100000e+00
     vertex  6.290488e+01  3.206495e-01  9.100000e+00
     vertex  6.292965e+01  3.066234e-01  9.100000e+00
   endloop
 endfacet
 facet normal  0.000000e+00  0.000000e+00 -1.000000e+00
   outer loop
     vertex  6.252780e+01  4.421939e-01  9.100000e+00
     vertex  6.255600e+01  4.383461e-01  9.100000e+00
     vertex  6.258410e+01  4.337351e-01  9.100000e+00
   endloop
 endfacet
 facet normal  0.000000e+00  0.000000e+00 -1.000000e+00
   outer loop
     vertex  6.247112e+01  4.475886e-01  9.100000e+00
     vertex  6.249949e+01  4.452755e-01  9.100000e+00
     vertex  6.252780e+01  4.421939e-01  9.100000e+00
   endloop
 endfacet
 facet normal  0.000000e+00  0.000000e+00 -1.000000e+00
   outer loop
     vertex  6.224400e+01  4.383461e-01  9.100000e+00
     vertex  6.227220e+01  4.421939e-01  9.100000e+00
     vertex  6.230051e+01  4.452755e-01  9.100000e+00
   endloop
 endfacet
 facet normal  0.000000e+00  0.000000e+00 -1.000000e+00
   outer loop
     vertex  6.221590e+01  4.337351e-01  9.100000e+00
     vertex  6.230051e+01  4.452755e-01  9.100000e+00
     vertex  6.232888e+01  4.475886e-01  9.100000e+00
   endloop
 endfacet
 facet normal  0.000000e+00  0.000000e+00 -1.000000e+00
   outer loop
     vertex  6.221590e+01  4.337351e-01  9.100000e+00
     vertex  6.232888e+01  4.475886e-01  9.100000e+00
     vertex  6.235731e+01  4.491317e-01  9.100000e+00
   endloop
 endfacet
 facet normal  0.000000e+00  0.000000e+00 -1.000000e+00
   outer loop
     vertex  6.221590e+01  4.337351e-01  9.100000e+00
     vertex  6.235731e+01  4.491317e-01  9.100000e+00
     vertex  6.238577e+01  4.499035e-01  9.100000e+00
   endloop
 endfacet
 facet normal  0.000000e+00  0.000000e+00 -1.000000e+00
   outer loop
     vertex  6.221590e+01  4.337351e-01  9.100000e+00
     vertex  6.238577e+01  4.499035e-01  9.100000e+00
     vertex  6.241423e+01  4.499035e-01  9.100000e+00
   endloop
 endfacet
 facet normal  0.000000e+00  0.000000e+00 -1.000000e+00
   outer loop
     vertex  6.221590e+01  4.337351e-01  9.100000e+00
     vertex  6.241423e+01  4.499035e-01  9.100000e+00
     vertex  6.244269e+01  4.491317e-01  9.100000e+00
   endloop
 endfacet
 facet normal  0.000000e+00  0.000000e+00 -1.000000e+00
   outer loop
     vertex  6.221590e+01  4.337351e-01  9.100000e+00
     vertex  6.244269e+01  4.491317e-01  9.100000e+00
     vertex  6.247112e+01  4.475886e-01  9.100000e+00
   endloop
 endfacet
 facet normal  0.000000e+00  0.000000e+00 -1.000000e+00
   outer loop
     vertex  6.221590e+01  4.337351e-01  9.100000e+00
     vertex  6.224400e+01  4.383461e-01  9.100000e+00
     vertex  6.230051e+01  4.452755e-01  9.100000e+00
   endloop
 endfacet
 facet normal  0.000000e+00  0.000000e+00 -1.000000e+00
   outer loop
     vertex  6.213252e+01  4.153587e-01  9.100000e+00
     vertex  6.216014e+01  4.222371e-01  9.100000e+00
     vertex  6.218795e+01  4.283641e-01  9.100000e+00
   endloop
 endfacet
 facet normal  0.000000e+00  0.000000e+00 -1.000000e+00
   outer loop
     vertex  6.213252e+01  4.153587e-01  9.100000e+00
     vertex  6.218795e+01  4.283641e-01  9.100000e+00
     vertex  6.221590e+01  4.337351e-01  9.100000e+00
   endloop
 endfacet
 facet normal  0.000000e+00  0.000000e+00 -1.000000e+00
   outer loop
     vertex  6.202418e+01  3.804395e-01  9.100000e+00
     vertex  6.205090e+01  3.902678e-01  9.100000e+00
     vertex  6.207788e+01  3.993681e-01  9.100000e+00
   endloop
 endfacet
 facet normal  0.000000e+00  0.000000e+00 -1.000000e+00
   outer loop
     vertex  6.202418e+01  3.804395e-01  9.100000e+00
     vertex  6.207788e+01  3.993681e-01  9.100000e+00
     vertex  6.210509e+01  4.077338e-01  9.100000e+00
   endloop
 endfacet
 facet normal  0.000000e+00  0.000000e+00 -1.000000e+00
   outer loop
     vertex  6.202418e+01  3.804395e-01  9.100000e+00
     vertex  6.210509e+01  4.077338e-01  9.100000e+00
     vertex  6.213252e+01  4.153587e-01  9.100000e+00
   endloop
 endfacet
 facet normal  0.000000e+00  0.000000e+00 -1.000000e+00
   outer loop
     vertex  6.199774e+01  3.698904e-01  9.100000e+00
     vertex  6.202418e+01  3.804395e-01  9.100000e+00
     vertex  6.213252e+01  4.153587e-01  9.100000e+00
   endloop
 endfacet
 facet normal  0.000000e+00  0.000000e+00 -1.000000e+00
   outer loop
     vertex  6.197159e+01  3.586283e-01  9.100000e+00
     vertex  6.199774e+01  3.698904e-01  9.100000e+00
     vertex  6.213252e+01  4.153587e-01  9.100000e+00
   endloop
 endfacet
 facet normal  0.000000e+00  0.000000e+00 -1.000000e+00
   outer loop
     vertex  6.192026e+01  3.339989e-01  9.100000e+00
     vertex  6.194576e+01  3.466616e-01  9.100000e+00
     vertex  6.197159e+01  3.586283e-01  9.100000e+00
   endloop
 endfacet
 facet normal  0.000000e+00  0.000000e+00 -1.000000e+00
   outer loop
     vertex  6.189512e+01  3.206495e-01  9.100000e+00
     vertex  6.192026e+01  3.339989e-01  9.100000e+00
     vertex  6.197159e+01  3.586283e-01  9.100000e+00
   endloop
 endfacet
 facet normal  0.000000e+00  0.000000e+00 -1.000000e+00
   outer loop
     vertex  6.189512e+01  3.206495e-01  9.100000e+00
     vertex  6.197159e+01  3.586283e-01  9.100000e+00
     vertex  6.213252e+01  4.153587e-01  9.100000e+00
   endloop
 endfacet
 facet normal  0.000000e+00  0.000000e+00 -1.000000e+00
   outer loop
     vertex  6.179843e+01  2.605899e-01  9.100000e+00
     vertex  6.182198e+01  2.765826e-01  9.100000e+00
     vertex  6.184596e+01  2.919308e-01  9.100000e+00
   endloop
 endfacet
 facet normal  0.000000e+00  0.000000e+00 -1.000000e+00
   outer loop
     vertex  6.179843e+01  2.605899e-01  9.100000e+00
     vertex  6.184596e+01  2.919308e-01  9.100000e+00
     vertex  6.187035e+01  3.066234e-01  9.100000e+00
   endloop
 endfacet
 facet normal  0.000000e+00  0.000000e+00 -1.000000e+00
   outer loop
     vertex  6.179843e+01  2.605899e-01  9.100000e+00
     vertex  6.187035e+01  3.066234e-01  9.100000e+00
     vertex  6.189512e+01  3.206495e-01  9.100000e+00
   endloop
 endfacet
 facet normal  0.000000e+00 -0.000000e+00 -1.000000e+00
   outer loop
     vertex  6.155490e+01  2.314040e-02  9.100000e+00
     vertex  6.326168e+01  2.220446e-16  9.100000e+00
     vertex  6.153832e+01  0.000000e+00  9.100000e+00
   endloop
 endfacet
 facet normal  0.000000e+00  0.000000e+00 -1.000000e+00
   outer loop
     vertex  6.155490e+01  2.314040e-02  9.100000e+00
     vertex  6.324510e+01  2.314040e-02  9.100000e+00
     vertex  6.326168e+01  2.220446e-16  9.100000e+00
   endloop
 endfacet
 facet normal  0.000000e+00  0.000000e+00 -1.000000e+00
   outer loop
     vertex  6.177532e+01  2.439646e-01  9.100000e+00
     vertex  6.179843e+01  2.605899e-01  9.100000e+00
     vertex  6.189512e+01  3.206495e-01  9.100000e+00
   endloop
 endfacet
 facet normal  0.000000e+00  0.000000e+00 -1.000000e+00
   outer loop
     vertex  6.175267e+01  2.267188e-01  9.100000e+00
     vertex  6.177532e+01  2.439646e-01  9.100000e+00
     vertex  6.189512e+01  3.206495e-01  9.100000e+00
   endloop
 endfacet
 facet normal  0.000000e+00  0.000000e+00 -1.000000e+00
   outer loop
     vertex  6.160832e+01  8.974672e-02  9.100000e+00
     vertex  6.155490e+01  2.314040e-02  9.100000e+00
     vertex  6.157210e+01  4.582271e-02  9.100000e+00
   endloop
 endfacet
 facet normal  0.000000e+00  0.000000e+00 -1.000000e+00
   outer loop
     vertex  6.160832e+01  8.974672e-02  9.100000e+00
     vertex  6.157210e+01  4.582271e-02  9.100000e+00
     vertex  6.158992e+01  6.803026e-02  9.100000e+00
   endloop
 endfacet
 facet normal  0.000000e+00  0.000000e+00 -1.000000e+00
   outer loop
     vertex  6.168764e+01  1.713880e-01  9.100000e+00
     vertex  6.170881e+01  1.904172e-01  9.100000e+00
     vertex  6.173050e+01  2.088653e-01  9.100000e+00
   endloop
 endfacet
 facet normal  0.000000e+00  0.000000e+00 -1.000000e+00
   outer loop
     vertex  6.164687e+01  1.316429e-01  9.100000e+00
     vertex  6.160832e+01  8.974672e-02  9.100000e+00
     vertex  6.162732e+01  1.109561e-01  9.100000e+00
   endloop
 endfacet
 facet normal  0.000000e+00  0.000000e+00 -1.000000e+00
   outer loop
     vertex  6.166699e+01  1.517918e-01  9.100000e+00
     vertex  6.168764e+01  1.713880e-01  9.100000e+00
     vertex  6.173050e+01  2.088653e-01  9.100000e+00
   endloop
 endfacet
 facet normal  0.000000e+00  0.000000e+00 -1.000000e+00
   outer loop
     vertex  6.166699e+01  1.517918e-01  9.100000e+00
     vertex  6.287974e+01  3.339989e-01  9.100000e+00
     vertex  6.292965e+01  3.066234e-01  9.100000e+00
   endloop
 endfacet
 facet normal  0.000000e+00  0.000000e+00 -1.000000e+00
   outer loop
     vertex  6.166699e+01  1.517918e-01  9.100000e+00
     vertex  6.173050e+01  2.088653e-01  9.100000e+00
     vertex  6.175267e+01  2.267188e-01  9.100000e+00
   endloop
 endfacet
 facet normal  0.000000e+00  0.000000e+00 -1.000000e+00
   outer loop
     vertex  6.166699e+01  1.517918e-01  9.100000e+00
     vertex  6.252780e+01  4.421939e-01  9.100000e+00
     vertex  6.258410e+01  4.337351e-01  9.100000e+00
   endloop
 endfacet
 facet normal  0.000000e+00  0.000000e+00 -1.000000e+00
   outer loop
     vertex  6.166699e+01  1.517918e-01  9.100000e+00
     vertex  6.175267e+01  2.267188e-01  9.100000e+00
     vertex  6.189512e+01  3.206495e-01  9.100000e+00
   endloop
 endfacet
 facet normal  0.000000e+00  0.000000e+00 -1.000000e+00
   outer loop
     vertex  6.166699e+01  1.517918e-01  9.100000e+00
     vertex  6.247112e+01  4.475886e-01  9.100000e+00
     vertex  6.252780e+01  4.421939e-01  9.100000e+00
   endloop
 endfacet
 facet normal  0.000000e+00  0.000000e+00 -1.000000e+00
   outer loop
     vertex  6.166699e+01  1.517918e-01  9.100000e+00
     vertex  6.258410e+01  4.337351e-01  9.100000e+00
     vertex  6.261205e+01  4.283641e-01  9.100000e+00
   endloop
 endfacet
 facet normal  0.000000e+00  0.000000e+00 -1.000000e+00
   outer loop
     vertex  6.166699e+01  1.517918e-01  9.100000e+00
     vertex  6.261205e+01  4.283641e-01  9.100000e+00
     vertex  6.263986e+01  4.222371e-01  9.100000e+00
   endloop
 endfacet
 facet normal  0.000000e+00  0.000000e+00 -1.000000e+00
   outer loop
     vertex  6.166699e+01  1.517918e-01  9.100000e+00
     vertex  6.263986e+01  4.222371e-01  9.100000e+00
     vertex  6.266748e+01  4.153587e-01  9.100000e+00
   endloop
 endfacet
 facet normal  0.000000e+00  0.000000e+00 -1.000000e+00
   outer loop
     vertex  6.166699e+01  1.517918e-01  9.100000e+00
     vertex  6.266748e+01  4.153587e-01  9.100000e+00
     vertex  6.269491e+01  4.077338e-01  9.100000e+00
   endloop
 endfacet
 facet normal  0.000000e+00  0.000000e+00 -1.000000e+00
   outer loop
     vertex  6.166699e+01  1.517918e-01  9.100000e+00
     vertex  6.269491e+01  4.077338e-01  9.100000e+00
     vertex  6.272212e+01  3.993681e-01  9.100000e+00
   endloop
 endfacet
 facet normal  0.000000e+00  0.000000e+00 -1.000000e+00
   outer loop
     vertex  6.166699e+01  1.517918e-01  9.100000e+00
     vertex  6.272212e+01  3.993681e-01  9.100000e+00
     vertex  6.274910e+01  3.902678e-01  9.100000e+00
   endloop
 endfacet
 facet normal  0.000000e+00  0.000000e+00 -1.000000e+00
   outer loop
     vertex  6.166699e+01  1.517918e-01  9.100000e+00
     vertex  6.274910e+01  3.902678e-01  9.100000e+00
     vertex  6.277582e+01  3.804395e-01  9.100000e+00
   endloop
 endfacet
 facet normal  0.000000e+00  0.000000e+00 -1.000000e+00
   outer loop
     vertex  6.166699e+01  1.517918e-01  9.100000e+00
     vertex  6.221590e+01  4.337351e-01  9.100000e+00
     vertex  6.247112e+01  4.475886e-01  9.100000e+00
   endloop
 endfacet
 facet normal  0.000000e+00  0.000000e+00 -1.000000e+00
   outer loop
     vertex  6.166699e+01  1.517918e-01  9.100000e+00
     vertex  6.277582e+01  3.804395e-01  9.100000e+00
     vertex  6.280226e+01  3.698904e-01  9.100000e+00
   endloop
 endfacet
 facet normal  0.000000e+00  0.000000e+00 -1.000000e+00
   outer loop
     vertex  6.166699e+01  1.517918e-01  9.100000e+00
     vertex  6.280226e+01  3.698904e-01  9.100000e+00
     vertex  6.282841e+01  3.586283e-01  9.100000e+00
   endloop
 endfacet
 facet normal  0.000000e+00  0.000000e+00 -1.000000e+00
   outer loop
     vertex  6.166699e+01  1.517918e-01  9.100000e+00
     vertex  6.282841e+01  3.586283e-01  9.100000e+00
     vertex  6.285424e+01  3.466616e-01  9.100000e+00
   endloop
 endfacet
 facet normal  0.000000e+00  0.000000e+00 -1.000000e+00
   outer loop
     vertex  6.166699e+01  1.517918e-01  9.100000e+00
     vertex  6.285424e+01  3.466616e-01  9.100000e+00
     vertex  6.287974e+01  3.339989e-01  9.100000e+00
   endloop
 endfacet
 facet normal  0.000000e+00  0.000000e+00 -1.000000e+00
   outer loop
     vertex  6.166699e+01  1.517918e-01  9.100000e+00
     vertex  6.292965e+01  3.066234e-01  9.100000e+00
     vertex  6.295404e+01  2.919308e-01  9.100000e+00
   endloop
 endfacet
 facet normal  0.000000e+00  0.000000e+00 -1.000000e+00
   outer loop
     vertex  6.166699e+01  1.517918e-01  9.100000e+00
     vertex  6.295404e+01  2.919308e-01  9.100000e+00
     vertex  6.297802e+01  2.765826e-01  9.100000e+00
   endloop
 endfacet
 facet normal  0.000000e+00  0.000000e+00 -1.000000e+00
   outer loop
     vertex  6.166699e+01  1.517918e-01  9.100000e+00
     vertex  6.160832e+01  8.974672e-02  9.100000e+00
     vertex  6.164687e+01  1.316429e-01  9.100000e+00
   endloop
 endfacet
 facet normal  0.000000e+00  0.000000e+00 -1.000000e+00
   outer loop
     vertex  6.166699e+01  1.517918e-01  9.100000e+00
     vertex  6.297802e+01  2.765826e-01  9.100000e+00
     vertex  6.300157e+01  2.605899e-01  9.100000e+00
   endloop
 endfacet
 facet normal  0.000000e+00  0.000000e+00 -1.000000e+00
   outer loop
     vertex  6.166699e+01  1.517918e-01  9.100000e+00
     vertex  6.300157e+01  2.605899e-01  9.100000e+00
     vertex  6.302468e+01  2.439646e-01  9.100000e+00
   endloop
 endfacet
 facet normal  0.000000e+00  0.000000e+00 -1.000000e+00
   outer loop
     vertex  6.166699e+01  1.517918e-01  9.100000e+00
     vertex  6.302468e+01  2.439646e-01  9.100000e+00
     vertex  6.304733e+01  2.267188e-01  9.100000e+00
   endloop
 endfacet
 facet normal  0.000000e+00  0.000000e+00 -1.000000e+00
   outer loop
     vertex  6.166699e+01  1.517918e-01  9.100000e+00
     vertex  6.304733e+01  2.267188e-01  9.100000e+00
     vertex  6.306950e+01  2.088653e-01  9.100000e+00
   endloop
 endfacet
 facet normal  0.000000e+00  0.000000e+00 -1.000000e+00
   outer loop
     vertex  6.166699e+01  1.517918e-01  9.100000e+00
     vertex  6.306950e+01  2.088653e-01  9.100000e+00
     vertex  6.309119e+01  1.904172e-01  9.100000e+00
   endloop
 endfacet
 facet normal  0.000000e+00  0.000000e+00 -1.000000e+00
   outer loop
     vertex  6.166699e+01  1.517918e-01  9.100000e+00
     vertex  6.309119e+01  1.904172e-01  9.100000e+00
     vertex  6.311236e+01  1.713880e-01  9.100000e+00
   endloop
 endfacet
 facet normal  0.000000e+00  0.000000e+00 -1.000000e+00
   outer loop
     vertex  6.166699e+01  1.517918e-01  9.100000e+00
     vertex  6.155490e+01  2.314040e-02  9.100000e+00
     vertex  6.160832e+01  8.974672e-02  9.100000e+00
   endloop
 endfacet
 facet normal  0.000000e+00  0.000000e+00 -1.000000e+00
   outer loop
     vertex  6.166699e+01  1.517918e-01  9.100000e+00
     vertex  6.311236e+01  1.713880e-01  9.100000e+00
     vertex  6.313301e+01  1.517918e-01  9.100000e+00
   endloop
 endfacet
 facet normal  0.000000e+00  0.000000e+00 -1.000000e+00
   outer loop
     vertex  6.166699e+01  1.517918e-01  9.100000e+00
     vertex  6.313301e+01  1.517918e-01  9.100000e+00
     vertex  6.315313e+01  1.316429e-01  9.100000e+00
   endloop
 endfacet
 facet normal  0.000000e+00  0.000000e+00 -1.000000e+00
   outer loop
     vertex  6.166699e+01  1.517918e-01  9.100000e+00
     vertex  6.315313e+01  1.316429e-01  9.100000e+00
     vertex  6.317268e+01  1.109561e-01  9.100000e+00
   endloop
 endfacet
 facet normal  0.000000e+00  0.000000e+00 -1.000000e+00
   outer loop
     vertex  6.166699e+01  1.517918e-01  9.100000e+00
     vertex  6.317268e+01  1.109561e-01  9.100000e+00
     vertex  6.319168e+01  8.974672e-02  9.100000e+00
   endloop
 endfacet
 facet normal  0.000000e+00  0.000000e+00 -1.000000e+00
   outer loop
     vertex  6.166699e+01  1.517918e-01  9.100000e+00
     vertex  6.319168e+01  8.974672e-02  9.100000e+00
     vertex  6.321008e+01  6.803026e-02  9.100000e+00
   endloop
 endfacet
 facet normal  0.000000e+00  0.000000e+00 -1.000000e+00
   outer loop
     vertex  6.166699e+01  1.517918e-01  9.100000e+00
     vertex  6.321008e+01  6.803026e-02  9.100000e+00
     vertex  6.322790e+01  4.582271e-02  9.100000e+00
   endloop
 endfacet
 facet normal  0.000000e+00  0.000000e+00 -1.000000e+00
   outer loop
     vertex  6.166699e+01  1.517918e-01  9.100000e+00
     vertex  6.322790e+01  4.582271e-02  9.100000e+00
     vertex  6.324510e+01  2.314040e-02  9.100000e+00
   endloop
 endfacet
 facet normal  0.000000e+00  0.000000e+00 -1.000000e+00
   outer loop
     vertex  6.166699e+01  1.517918e-01  9.100000e+00
     vertex  6.189512e+01  3.206495e-01  9.100000e+00
     vertex  6.213252e+01  4.153587e-01  9.100000e+00
   endloop
 endfacet
 facet normal  0.000000e+00  0.000000e+00 -1.000000e+00
   outer loop
     vertex  6.166699e+01  1.517918e-01  9.100000e+00
     vertex  6.213252e+01  4.153587e-01  9.100000e+00
     vertex  6.221590e+01  4.337351e-01  9.100000e+00
   endloop
 endfacet
 facet normal  0.000000e+00 -0.000000e+00 -1.000000e+00
   outer loop
     vertex  6.166699e+01  1.517918e-01  9.100000e+00
     vertex  6.324510e+01  2.314040e-02  9.100000e+00
     vertex  6.155490e+01  2.314040e-02  9.100000e+00
   endloop
 endfacet
 facet normal -9.999059e-01 -1.371831e-02  4.950453e-21
   outer loop
     vertex  5.199970e+01  6.121947e+00  1.220000e+01
     vertex  5.200000e+01  6.100000e+00  1.040000e+01
     vertex  5.200000e+01  6.100000e+00  1.220000e+01
   endloop
 endfacet
 facet normal -9.999059e-01 -1.371831e-02 -0.000000e+00
   outer loop
     vertex  5.199970e+01  6.121947e+00  1.220000e+01
     vertex  5.199970e+01  6.121947e+00  1.040000e+01
     vertex  5.200000e+01  6.100000e+00  1.040000e+01
   endloop
 endfacet
 facet normal -9.991532e-01 -4.114462e-02 -0.000000e+00
   outer loop
     vertex  5.199880e+01  6.143878e+00  1.220000e+01
     vertex  5.199880e+01  6.143878e+00  1.040000e+01
     vertex  5.199970e+01  6.121947e+00  1.040000e+01
   endloop
 endfacet
 facet normal -9.991532e-01 -4.114462e-02 -7.315515e-21
   outer loop
     vertex  5.199880e+01  6.143878e+00  1.220000e+01
     vertex  5.199970e+01  6.121947e+00  1.040000e+01
     vertex  5.199970e+01  6.121947e+00  1.220000e+01
   endloop
 endfacet
 facet normal -9.976484e-01 -6.853995e-02 -0.000000e+00
   outer loop
     vertex  5.199729e+01  6.165776e+00  1.220000e+01
     vertex  5.199729e+01  6.165776e+00  1.040000e+01
     vertex  5.199880e+01  6.143878e+00  1.040000e+01
   endloop
 endfacet
 facet normal -9.976484e-01 -6.853995e-02  2.443767e-21
   outer loop
     vertex  5.199729e+01  6.165776e+00  1.220000e+01
     vertex  5.199880e+01  6.143878e+00  1.040000e+01
     vertex  5.199880e+01  6.143878e+00  1.220000e+01
   endloop
 endfacet
 facet normal -9.953925e-01 -9.588368e-02 -0.000000e+00
   outer loop
     vertex  5.199519e+01  6.187624e+00  1.220000e+01
     vertex  5.199519e+01  6.187624e+00  1.040000e+01
     vertex  5.199729e+01  6.165776e+00  1.040000e+01
   endloop
 endfacet
 facet normal -9.953925e-01 -9.588368e-02 -8.261727e-20
   outer loop
     vertex  5.199519e+01  6.187624e+00  1.220000e+01
     vertex  5.199729e+01  6.165776e+00  1.040000e+01
     vertex  5.199729e+01  6.165776e+00  1.220000e+01
   endloop
 endfacet
 facet normal -9.923874e-01 -1.231552e-01 -0.000000e+00
   outer loop
     vertex  5.199248e+01  6.209406e+00  1.220000e+01
     vertex  5.199248e+01  6.209406e+00  1.040000e+01
     vertex  5.199519e+01  6.187624e+00  1.040000e+01
   endloop
 endfacet
 facet normal -9.923874e-01 -1.231552e-01  4.124887e-20
   outer loop
     vertex  5.199248e+01  6.209406e+00  1.220000e+01
     vertex  5.199519e+01  6.187624e+00  1.040000e+01
     vertex  5.199519e+01  6.187624e+00  1.220000e+01
   endloop
 endfacet
 facet normal -9.886353e-01 -1.503341e-01 -0.000000e+00
   outer loop
     vertex  5.198918e+01  6.231106e+00  1.220000e+01
     vertex  5.198918e+01  6.231106e+00  1.040000e+01
     vertex  5.199248e+01  6.209406e+00  1.040000e+01
   endloop
 endfacet
 facet normal -9.886353e-01 -1.503341e-01 -7.084860e-20
   outer loop
     vertex  5.198918e+01  6.231106e+00  1.220000e+01
     vertex  5.199248e+01  6.209406e+00  1.040000e+01
     vertex  5.199248e+01  6.209406e+00  1.220000e+01
   endloop
 endfacet
 facet normal -9.841389e-01 -1.773998e-01 -0.000000e+00
   outer loop
     vertex  5.198529e+01  6.252707e+00  1.220000e+01
     vertex  5.198529e+01  6.252707e+00  1.040000e+01
     vertex  5.198918e+01  6.231106e+00  1.040000e+01
   endloop
 endfacet
 facet normal -9.789017e-01 -2.043319e-01 -0.000000e+00
   outer loop
     vertex  5.198529e+01  6.252707e+00  1.220000e+01
     vertex  5.198081e+01  6.274193e+00  1.040000e+01
     vertex  5.198529e+01  6.252707e+00  1.040000e+01
   endloop
 endfacet
 facet normal -9.841389e-01 -1.773998e-01 -7.283829e-20
   outer loop
     vertex  5.198529e+01  6.252707e+00  1.220000e+01
     vertex  5.198918e+01  6.231106e+00  1.040000e+01
     vertex  5.198918e+01  6.231106e+00  1.220000e+01
   endloop
 endfacet
 facet normal -9.729276e-01 -2.311102e-01 -0.000000e+00
   outer loop
     vertex  5.198081e+01  6.274193e+00  1.220000e+01
     vertex  5.197573e+01  6.295548e+00  1.040000e+01
     vertex  5.198081e+01  6.274193e+00  1.040000e+01
   endloop
 endfacet
 facet normal -9.789017e-01 -2.043319e-01 -0.000000e+00
   outer loop
     vertex  5.198081e+01  6.274193e+00  1.220000e+01
     vertex  5.198081e+01  6.274193e+00  1.040000e+01
     vertex  5.198529e+01  6.252707e+00  1.220000e+01
   endloop
 endfacet
 facet normal -9.729276e-01 -2.311102e-01 -0.000000e+00
   outer loop
     vertex  5.197573e+01  6.295548e+00  1.220000e+01
     vertex  5.197573e+01  6.295548e+00  1.040000e+01
     vertex  5.198081e+01  6.274193e+00  1.220000e+01
   endloop
 endfacet
 facet normal -9.662211e-01 -2.577146e-01  1.463645e-19
   outer loop
     vertex  5.197008e+01  6.316756e+00  1.220000e+01
     vertex  5.197573e+01  6.295548e+00  1.040000e+01
     vertex  5.197573e+01  6.295548e+00  1.220000e+01
   endloop
 endfacet
 facet normal -9.662211e-01 -2.577146e-01 -0.000000e+00
   outer loop
     vertex  5.197008e+01  6.316756e+00  1.220000e+01
     vertex  5.197008e+01  6.316756e+00  1.040000e+01
     vertex  5.197573e+01  6.295548e+00  1.040000e+01
   endloop
 endfacet
 facet normal -9.587873e-01 -2.841250e-01  9.991503e-20
   outer loop
     vertex  5.196384e+01  6.337801e+00  1.220000e+01
     vertex  5.197008e+01  6.316756e+00  1.040000e+01
     vertex  5.197008e+01  6.316756e+00  1.220000e+01
   endloop
 endfacet
 facet normal -9.587873e-01 -2.841250e-01 -0.000000e+00
   outer loop
     vertex  5.196384e+01  6.337801e+00  1.220000e+01
     vertex  5.196384e+01  6.337801e+00  1.040000e+01
     vertex  5.197008e+01  6.316756e+00  1.040000e+01
   endloop
 endfacet
 facet normal -9.506317e-01 -3.103214e-01 -0.000000e+00
   outer loop
     vertex  5.196384e+01  6.337801e+00  1.220000e+01
     vertex  5.195703e+01  6.358667e+00  1.040000e+01
     vertex  5.196384e+01  6.337801e+00  1.040000e+01
   endloop
 endfacet
 facet normal -9.506317e-01 -3.103214e-01 -0.000000e+00
   outer loop
     vertex  5.195703e+01  6.358667e+00  1.220000e+01
     vertex  5.195703e+01  6.358667e+00  1.040000e+01
     vertex  5.196384e+01  6.337801e+00  1.220000e+01
   endloop
 endfacet
 facet normal -9.417605e-01 -3.362843e-01 -0.000000e+00
   outer loop
     vertex  5.195703e+01  6.358667e+00  1.220000e+01
     vertex  5.194965e+01  6.379338e+00  1.040000e+01
     vertex  5.195703e+01  6.358667e+00  1.040000e+01
   endloop
 endfacet
 facet normal -9.417605e-01 -3.362843e-01 -0.000000e+00
   outer loop
     vertex  5.194965e+01  6.379338e+00  1.220000e+01
     vertex  5.194965e+01  6.379338e+00  1.040000e+01
     vertex  5.195703e+01  6.358667e+00  1.220000e+01
   endloop
 endfacet
 facet normal -9.321804e-01 -3.619940e-01  2.508151e-19
   outer loop
     vertex  5.194170e+01  6.399798e+00  1.220000e+01
     vertex  5.194965e+01  6.379338e+00  1.040000e+01
     vertex  5.194965e+01  6.379338e+00  1.220000e+01
   endloop
 endfacet
 facet normal -9.321804e-01 -3.619940e-01 -0.000000e+00
   outer loop
     vertex  5.194170e+01  6.399798e+00  1.220000e+01
     vertex  5.194170e+01  6.399798e+00  1.040000e+01
     vertex  5.194965e+01  6.379338e+00  1.040000e+01
   endloop
 endfacet
 facet normal -9.218986e-01 -3.874313e-01  6.931430e-20
   outer loop
     vertex  5.193320e+01  6.420033e+00  1.220000e+01
     vertex  5.194170e+01  6.399798e+00  1.040000e+01
     vertex  5.194170e+01  6.399798e+00  1.220000e+01
   endloop
 endfacet
 facet normal -9.218986e-01 -3.874313e-01 -0.000000e+00
   outer loop
     vertex  5.193320e+01  6.420033e+00  1.220000e+01
     vertex  5.193320e+01  6.420033e+00  1.040000e+01
     vertex  5.194170e+01  6.399798e+00  1.040000e+01
   endloop
 endfacet
 facet normal -9.109228e-01 -4.125769e-01 -1.446250e-19
   outer loop
     vertex  5.192414e+01  6.440027e+00  1.220000e+01
     vertex  5.193320e+01  6.420033e+00  1.040000e+01
     vertex  5.193320e+01  6.420033e+00  1.220000e+01
   endloop
 endfacet
 facet normal -9.109228e-01 -4.125769e-01 -0.000000e+00
   outer loop
     vertex  5.192414e+01  6.440027e+00  1.220000e+01
     vertex  5.192414e+01  6.440027e+00  1.040000e+01
     vertex  5.193320e+01  6.420033e+00  1.040000e+01
   endloop
 endfacet
 facet normal -8.992613e-01 -4.374119e-01 -0.000000e+00
   outer loop
     vertex  5.192414e+01  6.440027e+00  1.220000e+01
     vertex  5.191454e+01  6.459766e+00  1.040000e+01
     vertex  5.192414e+01  6.440027e+00  1.040000e+01
   endloop
 endfacet
 facet normal -8.992613e-01 -4.374119e-01 -0.000000e+00
   outer loop
     vertex  5.191454e+01  6.459766e+00  1.220000e+01
     vertex  5.191454e+01  6.459766e+00  1.040000e+01
     vertex  5.192414e+01  6.440027e+00  1.220000e+01
   endloop
 endfacet
 facet normal -8.869228e-01 -4.619176e-01 -3.254207e-19
   outer loop
     vertex  5.190440e+01  6.479233e+00  1.220000e+01
     vertex  5.191454e+01  6.459766e+00  1.040000e+01
     vertex  5.191454e+01  6.459766e+00  1.220000e+01
   endloop
 endfacet
 facet normal -8.869228e-01 -4.619176e-01 -0.000000e+00
   outer loop
     vertex  5.190440e+01  6.479233e+00  1.220000e+01
     vertex  5.190440e+01  6.479233e+00  1.040000e+01
     vertex  5.191454e+01  6.459766e+00  1.040000e+01
   endloop
 endfacet
 facet normal -8.739167e-01 -4.860756e-01  6.995582e-20
   outer loop
     vertex  5.189373e+01  6.498415e+00  1.220000e+01
     vertex  5.190440e+01  6.479233e+00  1.040000e+01
     vertex  5.190440e+01  6.479233e+00  1.220000e+01
   endloop
 endfacet
 facet normal -8.739167e-01 -4.860756e-01 -0.000000e+00
   outer loop
     vertex  5.189373e+01  6.498415e+00  1.220000e+01
     vertex  5.189373e+01  6.498415e+00  1.040000e+01
     vertex  5.190440e+01  6.479233e+00  1.040000e+01
   endloop
 endfacet
 facet normal -8.602528e-01 -5.098678e-01  2.999406e-20
   outer loop
     vertex  5.188254e+01  6.517297e+00  1.220000e+01
     vertex  5.189373e+01  6.498415e+00  1.040000e+01
     vertex  5.189373e+01  6.498415e+00  1.220000e+01
   endloop
 endfacet
 facet normal -8.602528e-01 -5.098678e-01 -0.000000e+00
   outer loop
     vertex  5.188254e+01  6.517297e+00  1.220000e+01
     vertex  5.188254e+01  6.517297e+00  1.040000e+01
     vertex  5.189373e+01  6.498415e+00  1.040000e+01
   endloop
 endfacet
 facet normal -8.459413e-01 -5.332761e-01 -4.218778e-20
   outer loop
     vertex  5.187084e+01  6.535865e+00  1.220000e+01
     vertex  5.188254e+01  6.517297e+00  1.040000e+01
     vertex  5.188254e+01  6.517297e+00  1.220000e+01
   endloop
 endfacet
 facet normal -8.459413e-01 -5.332761e-01 -0.000000e+00
   outer loop
     vertex  5.187084e+01  6.535865e+00  1.220000e+01
     vertex  5.187084e+01  6.535865e+00  1.040000e+01
     vertex  5.188254e+01  6.517297e+00  1.040000e+01
   endloop
 endfacet
 facet normal -8.309929e-01 -5.562829e-01 -0.000000e+00
   outer loop
     vertex  5.185863e+01  6.554104e+00  1.220000e+01
     vertex  5.185863e+01  6.554104e+00  1.040000e+01
     vertex  5.187084e+01  6.535865e+00  1.040000e+01
   endloop
 endfacet
 facet normal -8.309929e-01 -5.562829e-01  1.627535e-20
   outer loop
     vertex  5.185863e+01  6.554104e+00  1.220000e+01
     vertex  5.187084e+01  6.535865e+00  1.040000e+01
     vertex  5.187084e+01  6.535865e+00  1.220000e+01
   endloop
 endfacet
 facet normal -8.154191e-01 -5.788711e-01 -0.000000e+00
   outer loop
     vertex  5.184592e+01  6.572002e+00  1.220000e+01
     vertex  5.184592e+01  6.572002e+00  1.040000e+01
     vertex  5.185863e+01  6.554104e+00  1.040000e+01
   endloop
 endfacet
 facet normal -8.154191e-01 -5.788711e-01 -3.252831e-19
   outer loop
     vertex  5.184592e+01  6.572002e+00  1.220000e+01
     vertex  5.185863e+01  6.554104e+00  1.040000e+01
     vertex  5.185863e+01  6.554104e+00  1.220000e+01
   endloop
 endfacet
 facet normal -7.992314e-01 -6.010234e-01 -0.000000e+00
   outer loop
     vertex  5.183273e+01  6.589545e+00  1.220000e+01
     vertex  5.183273e+01  6.589545e+00  1.040000e+01
     vertex  5.184592e+01  6.572002e+00  1.040000e+01
   endloop
 endfacet
 facet normal -7.824421e-01 -6.227234e-01 -0.000000e+00
   outer loop
     vertex  5.183273e+01  6.589545e+00  1.220000e+01
     vertex  5.181906e+01  6.606719e+00  1.040000e+01
     vertex  5.183273e+01  6.589545e+00  1.040000e+01
   endloop
 endfacet
 facet normal -7.992314e-01 -6.010234e-01  2.073965e-19
   outer loop
     vertex  5.183273e+01  6.589545e+00  1.220000e+01
     vertex  5.184592e+01  6.572002e+00  1.040000e+01
     vertex  5.184592e+01  6.572002e+00  1.220000e+01
   endloop
 endfacet
 facet normal -7.824421e-01 -6.227234e-01 -0.000000e+00
   outer loop
     vertex  5.181906e+01  6.606719e+00  1.220000e+01
     vertex  5.181906e+01  6.606719e+00  1.040000e+01
     vertex  5.183273e+01  6.589545e+00  1.220000e+01
   endloop
 endfacet
 facet normal -7.650637e-01 -6.439545e-01 -0.000000e+00
   outer loop
     vertex  5.180493e+01  6.623511e+00  1.220000e+01
     vertex  5.180493e+01  6.623511e+00  1.040000e+01
     vertex  5.181906e+01  6.606719e+00  1.040000e+01
   endloop
 endfacet
 facet normal -7.650637e-01 -6.439545e-01  1.205005e-19
   outer loop
     vertex  5.180493e+01  6.623511e+00  1.220000e+01
     vertex  5.181906e+01  6.606719e+00  1.040000e+01
     vertex  5.181906e+01  6.606719e+00  1.220000e+01
   endloop
 endfacet
 facet normal -7.471095e-01 -6.647010e-01 -0.000000e+00
   outer loop
     vertex  5.179034e+01  6.639910e+00  1.220000e+01
     vertex  5.179034e+01  6.639910e+00  1.040000e+01
     vertex  5.180493e+01  6.623511e+00  1.040000e+01
   endloop
 endfacet
 facet normal -7.471095e-01 -6.647010e-01  2.805503e-19
   outer loop
     vertex  5.179034e+01  6.639910e+00  1.220000e+01
     vertex  5.180493e+01  6.623511e+00  1.040000e+01
     vertex  5.180493e+01  6.623511e+00  1.220000e+01
   endloop
 endfacet
 facet normal -7.285929e-01 -6.849470e-01 -0.000000e+00
   outer loop
     vertex  5.177530e+01  6.655902e+00  1.220000e+01
     vertex  5.177530e+01  6.655902e+00  1.040000e+01
     vertex  5.179034e+01  6.639910e+00  1.040000e+01
   endloop
 endfacet
 facet normal -7.285929e-01 -6.849470e-01  3.264595e-19
   outer loop
     vertex  5.177530e+01  6.655902e+00  1.220000e+01
     vertex  5.179034e+01  6.639910e+00  1.040000e+01
     vertex  5.179034e+01  6.639910e+00  1.220000e+01
   endloop
 endfacet
 facet normal -7.095278e-01 -7.046775e-01 -0.000000e+00
   outer loop
     vertex  5.175984e+01  6.671476e+00  1.220000e+01
     vertex  5.175984e+01  6.671476e+00  1.040000e+01
     vertex  5.177530e+01  6.655902e+00  1.040000e+01
   endloop
 endfacet
 facet normal -7.095278e-01 -7.046775e-01 -2.631949e-19
   outer loop
     vertex  5.175984e+01  6.671476e+00  1.220000e+01
     vertex  5.177530e+01  6.655902e+00  1.040000e+01
     vertex  5.177530e+01  6.655902e+00  1.220000e+01
   endloop
 endfacet
 facet normal -6.899286e-01 -7.238775e-01 -0.000000e+00
   outer loop
     vertex  5.174395e+01  6.686619e+00  1.220000e+01
     vertex  5.174395e+01  6.686619e+00  1.040000e+01
     vertex  5.175984e+01  6.671476e+00  1.040000e+01
   endloop
 endfacet
 facet normal -6.899286e-01 -7.238775e-01  2.358355e-19
   outer loop
     vertex  5.174395e+01  6.686619e+00  1.220000e+01
     vertex  5.175984e+01  6.671476e+00  1.040000e+01
     vertex  5.175984e+01  6.671476e+00  1.220000e+01
   endloop
 endfacet
 facet normal -6.698100e-01 -7.425325e-01 -0.000000e+00
   outer loop
     vertex  5.172765e+01  6.701321e+00  1.220000e+01
     vertex  5.172765e+01  6.701321e+00  1.040000e+01
     vertex  5.174395e+01  6.686619e+00  1.040000e+01
   endloop
 endfacet
 facet normal -6.698100e-01 -7.425325e-01 -2.656533e-19
   outer loop
     vertex  5.172765e+01  6.701321e+00  1.220000e+01
     vertex  5.174395e+01  6.686619e+00  1.040000e+01
     vertex  5.174395e+01  6.686619e+00  1.220000e+01
   endloop
 endfacet
 facet normal -6.491872e-01 -7.606287e-01 -0.000000e+00
   outer loop
     vertex  5.171095e+01  6.715570e+00  1.220000e+01
     vertex  5.171095e+01  6.715570e+00  1.040000e+01
     vertex  5.172765e+01  6.701321e+00  1.040000e+01
   endloop
 endfacet
 facet normal -6.491872e-01 -7.606287e-01 -1.909875e-19
   outer loop
     vertex  5.171095e+01  6.715570e+00  1.220000e+01
     vertex  5.172765e+01  6.701321e+00  1.040000e+01
     vertex  5.172765e+01  6.701321e+00  1.220000e+01
   endloop
 endfacet
 facet normal -6.280757e-01 -7.781522e-01 -0.000000e+00
   outer loop
     vertex  5.169387e+01  6.729356e+00  1.220000e+01
     vertex  5.169387e+01  6.729356e+00  1.040000e+01
     vertex  5.171095e+01  6.715570e+00  1.040000e+01
   endloop
 endfacet
 facet normal -6.280757e-01 -7.781522e-01 -2.484935e-19
   outer loop
     vertex  5.169387e+01  6.729356e+00  1.220000e+01
     vertex  5.171095e+01  6.715570e+00  1.040000e+01
     vertex  5.171095e+01  6.715570e+00  1.220000e+01
   endloop
 endfacet
 facet normal -6.064915e-01 -7.950900e-01 -0.000000e+00
   outer loop
     vertex  5.167642e+01  6.742668e+00  1.220000e+01
     vertex  5.167642e+01  6.742668e+00  1.040000e+01
     vertex  5.169387e+01  6.729356e+00  1.040000e+01
   endloop
 endfacet
 facet normal -6.064915e-01 -7.950900e-01 -8.538784e-20
   outer loop
     vertex  5.167642e+01  6.742668e+00  1.220000e+01
     vertex  5.169387e+01  6.729356e+00  1.040000e+01
     vertex  5.169387e+01  6.729356e+00  1.220000e+01
   endloop
 endfacet
 facet normal -5.844507e-01 -8.114292e-01 -0.000000e+00
   outer loop
     vertex  5.165861e+01  6.755496e+00  1.220000e+01
     vertex  5.165861e+01  6.755496e+00  1.040000e+01
     vertex  5.167642e+01  6.742668e+00  1.040000e+01
   endloop
 endfacet
 facet normal -5.619699e-01 -8.271577e-01 -0.000000e+00
   outer loop
     vertex  5.165861e+01  6.755496e+00  1.220000e+01
     vertex  5.164046e+01  6.767831e+00  1.040000e+01
     vertex  5.165861e+01  6.755496e+00  1.040000e+01
   endloop
 endfacet
 facet normal -5.844507e-01 -8.114292e-01  4.744843e-20
   outer loop
     vertex  5.165861e+01  6.755496e+00  1.220000e+01
     vertex  5.167642e+01  6.742668e+00  1.040000e+01
     vertex  5.167642e+01  6.742668e+00  1.220000e+01
   endloop
 endfacet
 facet normal -5.619699e-01 -8.271577e-01 -0.000000e+00
   outer loop
     vertex  5.164046e+01  6.767831e+00  1.220000e+01
     vertex  5.164046e+01  6.767831e+00  1.040000e+01
     vertex  5.165861e+01  6.755496e+00  1.220000e+01
   endloop
 endfacet
 facet normal -5.390661e-01 -8.422635e-01 -1.602312e-19
   outer loop
     vertex  5.162197e+01  6.779663e+00  1.220000e+01
     vertex  5.164046e+01  6.767831e+00  1.040000e+01
     vertex  5.164046e+01  6.767831e+00  1.220000e+01
   endloop
 endfacet
 facet normal -5.390661e-01 -8.422635e-01 -0.000000e+00
   outer loop
     vertex  5.162197e+01  6.779663e+00  1.220000e+01
     vertex  5.162197e+01  6.779663e+00  1.040000e+01
     vertex  5.164046e+01  6.767831e+00  1.040000e+01
   endloop
 endfacet
 facet normal -5.157565e-01 -8.567352e-01 -3.395656e-19
   outer loop
     vertex  5.160316e+01  6.790984e+00  1.220000e+01
     vertex  5.162197e+01  6.779663e+00  1.040000e+01
     vertex  5.162197e+01  6.779663e+00  1.220000e+01
   endloop
 endfacet
 facet normal -5.157565e-01 -8.567352e-01 -0.000000e+00
   outer loop
     vertex  5.160316e+01  6.790984e+00  1.220000e+01
     vertex  5.160316e+01  6.790984e+00  1.040000e+01
     vertex  5.162197e+01  6.779663e+00  1.040000e+01
   endloop
 endfacet
 facet normal -4.920587e-01 -8.705620e-01 -0.000000e+00
   outer loop
     vertex  5.160316e+01  6.790984e+00  1.220000e+01
     vertex  5.158406e+01  6.801784e+00  1.040000e+01
     vertex  5.160316e+01  6.790984e+00  1.040000e+01
   endloop
 endfacet
 facet normal -4.920587e-01 -8.705620e-01 -0.000000e+00
   outer loop
     vertex  5.158406e+01  6.801784e+00  1.220000e+01
     vertex  5.158406e+01  6.801784e+00  1.040000e+01
     vertex  5.160316e+01  6.790984e+00  1.220000e+01
   endloop
 endfacet
 facet normal -4.679904e-01 -8.837335e-01 -0.000000e+00
   outer loop
     vertex  5.158406e+01  6.801784e+00  1.220000e+01
     vertex  5.156466e+01  6.812056e+00  1.040000e+01
     vertex  5.158406e+01  6.801784e+00  1.040000e+01
   endloop
 endfacet
 facet normal -4.679904e-01 -8.837335e-01 -0.000000e+00
   outer loop
     vertex  5.156466e+01  6.812056e+00  1.220000e+01
     vertex  5.156466e+01  6.812056e+00  1.040000e+01
     vertex  5.158406e+01  6.801784e+00  1.220000e+01
   endloop
 endfacet
 facet normal -4.435699e-01 -8.962398e-01  2.524496e-19
   outer loop
     vertex  5.154499e+01  6.821792e+00  1.220000e+01
     vertex  5.156466e+01  6.812056e+00  1.040000e+01
     vertex  5.156466e+01  6.812056e+00  1.220000e+01
   endloop
 endfacet
 facet normal -4.435699e-01 -8.962398e-01 -0.000000e+00
   outer loop
     vertex  5.154499e+01  6.821792e+00  1.220000e+01
     vertex  5.154499e+01  6.821792e+00  1.040000e+01
     vertex  5.156466e+01  6.812056e+00  1.040000e+01
   endloop
 endfacet
 facet normal -4.188155e-01 -9.080714e-01  1.255291e-20
   outer loop
     vertex  5.152506e+01  6.830985e+00  1.220000e+01
     vertex  5.154499e+01  6.821792e+00  1.040000e+01
     vertex  5.154499e+01  6.821792e+00  1.220000e+01
   endloop
 endfacet
 facet normal -4.188155e-01 -9.080714e-01 -0.000000e+00
   outer loop
     vertex  5.152506e+01  6.830985e+00  1.220000e+01
     vertex  5.152506e+01  6.830985e+00  1.040000e+01
     vertex  5.154499e+01  6.821792e+00  1.040000e+01
   endloop
 endfacet
 facet normal -3.937458e-01 -9.192194e-01  2.209952e-19
   outer loop
     vertex  5.150488e+01  6.839628e+00  1.220000e+01
     vertex  5.152506e+01  6.830985e+00  1.040000e+01
     vertex  5.152506e+01  6.830985e+00  1.220000e+01
   endloop
 endfacet
 facet normal -3.937458e-01 -9.192194e-01 -0.000000e+00
   outer loop
     vertex  5.150488e+01  6.839628e+00  1.220000e+01
     vertex  5.150488e+01  6.839628e+00  1.040000e+01
     vertex  5.152506e+01  6.830985e+00  1.040000e+01
   endloop
 endfacet
 facet normal -3.683796e-01 -9.296754e-01  1.250693e-19
   outer loop
     vertex  5.148447e+01  6.847713e+00  1.220000e+01
     vertex  5.150488e+01  6.839628e+00  1.040000e+01
     vertex  5.150488e+01  6.839628e+00  1.220000e+01
   endloop
 endfacet
 facet normal -3.683796e-01 -9.296754e-01 -0.000000e+00
   outer loop
     vertex  5.148447e+01  6.847713e+00  1.220000e+01
     vertex  5.148447e+01  6.847713e+00  1.040000e+01
     vertex  5.150488e+01  6.839628e+00  1.040000e+01
   endloop
 endfacet
 facet normal -3.427362e-01 -9.394317e-01 -2.002348e-19
   outer loop
     vertex  5.146385e+01  6.855236e+00  1.220000e+01
     vertex  5.148447e+01  6.847713e+00  1.040000e+01
     vertex  5.148447e+01  6.847713e+00  1.220000e+01
   endloop
 endfacet
 facet normal -3.427362e-01 -9.394317e-01 -0.000000e+00
   outer loop
     vertex  5.146385e+01  6.855236e+00  1.220000e+01
     vertex  5.146385e+01  6.855236e+00  1.040000e+01
     vertex  5.148447e+01  6.847713e+00  1.040000e+01
   endloop
 endfacet
 facet normal -3.168348e-01 -9.484807e-01 -0.000000e+00
   outer loop
     vertex  5.146385e+01  6.855236e+00  1.220000e+01
     vertex  5.144303e+01  6.862190e+00  1.040000e+01
     vertex  5.146385e+01  6.855236e+00  1.040000e+01
   endloop
 endfacet
 facet normal -3.168348e-01 -9.484807e-01 -0.000000e+00
   outer loop
     vertex  5.144303e+01  6.862190e+00  1.220000e+01
     vertex  5.144303e+01  6.862190e+00  1.040000e+01
     vertex  5.146385e+01  6.855236e+00  1.220000e+01
   endloop
 endfacet
 facet normal -2.906949e-01 -9.568158e-01 -0.000000e+00
   outer loop
     vertex  5.144303e+01  6.862190e+00  1.220000e+01
     vertex  5.142203e+01  6.868571e+00  1.040000e+01
     vertex  5.144303e+01  6.862190e+00  1.040000e+01
   endloop
 endfacet
 facet normal -2.906949e-01 -9.568158e-01 -0.000000e+00
   outer loop
     vertex  5.142203e+01  6.868571e+00  1.220000e+01
     vertex  5.142203e+01  6.868571e+00  1.040000e+01
     vertex  5.144303e+01  6.862190e+00  1.220000e+01
   endloop
 endfacet
 facet normal -2.643362e-01 -9.644306e-01 -7.767565e-20
   outer loop
     vertex  5.140086e+01  6.874373e+00  1.220000e+01
     vertex  5.142203e+01  6.868571e+00  1.040000e+01
     vertex  5.142203e+01  6.868571e+00  1.220000e+01
   endloop
 endfacet
 facet normal -2.643362e-01 -9.644306e-01 -0.000000e+00
   outer loop
     vertex  5.140086e+01  6.874373e+00  1.220000e+01
     vertex  5.140086e+01  6.874373e+00  1.040000e+01
     vertex  5.142203e+01  6.868571e+00  1.040000e+01
   endloop
 endfacet
 facet normal -2.377784e-01 -9.713194e-01 -4.793179e-20
   outer loop
     vertex  5.137954e+01  6.879592e+00  1.220000e+01
     vertex  5.140086e+01  6.874373e+00  1.040000e+01
     vertex  5.140086e+01  6.874373e+00  1.220000e+01
   endloop
 endfacet
 facet normal -2.377784e-01 -9.713194e-01 -0.000000e+00
   outer loop
     vertex  5.137954e+01  6.879592e+00  1.220000e+01
     vertex  5.137954e+01  6.879592e+00  1.040000e+01
     vertex  5.140086e+01  6.874373e+00  1.040000e+01
   endloop
 endfacet
 facet normal -2.110417e-01 -9.774771e-01  1.364627e-19
   outer loop
     vertex  5.135809e+01  6.884224e+00  1.220000e+01
     vertex  5.137954e+01  6.879592e+00  1.040000e+01
     vertex  5.137954e+01  6.879592e+00  1.220000e+01
   endloop
 endfacet
 facet normal -2.110417e-01 -9.774771e-01 -0.000000e+00
   outer loop
     vertex  5.135809e+01  6.884224e+00  1.220000e+01
     vertex  5.135809e+01  6.884224e+00  1.040000e+01
     vertex  5.137954e+01  6.879592e+00  1.040000e+01
   endloop
 endfacet
 facet normal -1.841461e-01 -9.828989e-01 -0.000000e+00
   outer loop
     vertex  5.135809e+01  6.884224e+00  1.220000e+01
     vertex  5.133652e+01  6.888266e+00  1.040000e+01
     vertex  5.135809e+01  6.884224e+00  1.040000e+01
   endloop
 endfacet
 facet normal -1.841461e-01 -9.828989e-01 -0.000000e+00
   outer loop
     vertex  5.133652e+01  6.888266e+00  1.220000e+01
     vertex  5.133652e+01  6.888266e+00  1.040000e+01
     vertex  5.135809e+01  6.884224e+00  1.220000e+01
   endloop
 endfacet
 facet normal -1.571119e-01 -9.875808e-01  5.039330e-20
   outer loop
     vertex  5.131484e+01  6.891715e+00  1.220000e+01
     vertex  5.133652e+01  6.888266e+00  1.040000e+01
     vertex  5.133652e+01  6.888266e+00  1.220000e+01
   endloop
 endfacet
 facet normal -1.571119e-01 -9.875808e-01 -0.000000e+00
   outer loop
     vertex  5.131484e+01  6.891715e+00  1.220000e+01
     vertex  5.131484e+01  6.891715e+00  1.040000e+01
     vertex  5.133652e+01  6.888266e+00  1.040000e+01
   endloop
 endfacet
 facet normal -1.299594e-01 -9.915193e-01 -1.070555e-19
   outer loop
     vertex  5.129308e+01  6.894567e+00  1.220000e+01
     vertex  5.131484e+01  6.891715e+00  1.040000e+01
     vertex  5.131484e+01  6.891715e+00  1.220000e+01
   endloop
 endfacet
 facet normal -1.299594e-01 -9.915193e-01 -0.000000e+00
   outer loop
     vertex  5.129308e+01  6.894567e+00  1.220000e+01
     vertex  5.129308e+01  6.894567e+00  1.040000e+01
     vertex  5.131484e+01  6.891715e+00  1.040000e+01
   endloop
 endfacet
 facet normal -1.027091e-01 -9.947114e-01 -1.672996e-20
   outer loop
     vertex  5.127124e+01  6.896821e+00  1.220000e+01
     vertex  5.129308e+01  6.894567e+00  1.040000e+01
     vertex  5.129308e+01  6.894567e+00  1.220000e+01
   endloop
 endfacet
 facet normal -1.027091e-01 -9.947114e-01 -0.000000e+00
   outer loop
     vertex  5.127124e+01  6.896821e+00  1.220000e+01
     vertex  5.127124e+01  6.896821e+00  1.040000e+01
     vertex  5.129308e+01  6.894567e+00  1.040000e+01
   endloop
 endfacet
 facet normal -7.538152e-02 -9.971548e-01 -0.000000e+00
   outer loop
     vertex  5.127124e+01  6.896821e+00  1.220000e+01
     vertex  5.124936e+01  6.898476e+00  1.040000e+01
     vertex  5.127124e+01  6.896821e+00  1.040000e+01
   endloop
 endfacet
 facet normal -7.538152e-02 -9.971548e-01 -0.000000e+00
   outer loop
     vertex  5.124936e+01  6.898476e+00  1.220000e+01
     vertex  5.124936e+01  6.898476e+00  1.040000e+01
     vertex  5.127124e+01  6.896821e+00  1.220000e+01
   endloop
 endfacet
 facet normal -4.799716e-02 -9.988475e-01 -0.000000e+00
   outer loop
     vertex  5.124936e+01  6.898476e+00  1.220000e+01
     vertex  5.122743e+01  6.899530e+00  1.040000e+01
     vertex  5.124936e+01  6.898476e+00  1.040000e+01
   endloop
 endfacet
 facet normal -4.799716e-02 -9.988475e-01 -0.000000e+00
   outer loop
     vertex  5.122743e+01  6.899530e+00  1.220000e+01
     vertex  5.122743e+01  6.899530e+00  1.040000e+01
     vertex  5.124936e+01  6.898476e+00  1.220000e+01
   endloop
 endfacet
 facet normal -2.057667e-02 -9.997883e-01 -0.000000e+00
   outer loop
     vertex  5.120549e+01  6.899981e+00  1.220000e+01
     vertex  5.120549e+01  6.899981e+00  1.040000e+01
     vertex  5.122743e+01  6.899530e+00  1.040000e+01
   endloop
 endfacet
 facet normal -2.057667e-02 -9.997883e-01 -7.496393e-23
   outer loop
     vertex  5.120549e+01  6.899981e+00  1.220000e+01
     vertex  5.122743e+01  6.899530e+00  1.040000e+01
     vertex  5.122743e+01  6.899530e+00  1.220000e+01
   endloop
 endfacet
 facet normal  6.859319e-03 -9.999765e-01  0.000000e+00
   outer loop
     vertex  5.118354e+01  6.899831e+00  1.220000e+01
     vertex  5.118354e+01  6.899831e+00  1.040000e+01
     vertex  5.120549e+01  6.899981e+00  1.040000e+01
   endloop
 endfacet
 facet normal  6.859319e-03 -9.999765e-01  4.034059e-21
   outer loop
     vertex  5.118354e+01  6.899831e+00  1.220000e+01
     vertex  5.120549e+01  6.899981e+00  1.040000e+01
     vertex  5.120549e+01  6.899981e+00  1.220000e+01
   endloop
 endfacet
 facet normal  3.429014e-02 -9.994119e-01  0.000000e+00
   outer loop
     vertex  5.116160e+01  6.899078e+00  1.220000e+01
     vertex  5.116160e+01  6.899078e+00  1.040000e+01
     vertex  5.118354e+01  6.899831e+00  1.040000e+01
   endloop
 endfacet
 facet normal  6.169515e-02 -9.980950e-01  0.000000e+00
   outer loop
     vertex  5.116160e+01  6.899078e+00  1.220000e+01
     vertex  5.113969e+01  6.897724e+00  1.040000e+01
     vertex  5.116160e+01  6.899078e+00  1.040000e+01
   endloop
 endfacet
 facet normal  3.429014e-02 -9.994119e-01  9.344082e-21
   outer loop
     vertex  5.116160e+01  6.899078e+00  1.220000e+01
     vertex  5.118354e+01  6.899831e+00  1.040000e+01
     vertex  5.118354e+01  6.899831e+00  1.220000e+01
   endloop
 endfacet
 facet normal  6.169515e-02 -9.980950e-01  0.000000e+00
   outer loop
     vertex  5.113969e+01  6.897724e+00  1.220000e+01
     vertex  5.113969e+01  6.897724e+00  1.040000e+01
     vertex  5.116160e+01  6.899078e+00  1.220000e+01
   endloop
 endfacet
 facet normal  8.905371e-02 -9.960268e-01  6.300453e-20
   outer loop
     vertex  5.111783e+01  6.895769e+00  1.220000e+01
     vertex  5.113969e+01  6.897724e+00  1.040000e+01
     vertex  5.113969e+01  6.897724e+00  1.220000e+01
   endloop
 endfacet
 facet normal  8.905371e-02 -9.960268e-01  0.000000e+00
   outer loop
     vertex  5.111783e+01  6.895769e+00  1.220000e+01
     vertex  5.111783e+01  6.895769e+00  1.040000e+01
     vertex  5.113969e+01  6.897724e+00  1.040000e+01
   endloop
 endfacet
 facet normal  1.163452e-01 -9.932088e-01  1.516441e-20
   outer loop
     vertex  5.109603e+01  6.893215e+00  1.220000e+01
     vertex  5.111783e+01  6.895769e+00  1.040000e+01
     vertex  5.111783e+01  6.895769e+00  1.220000e+01
   endloop
 endfacet
 facet normal  1.163452e-01 -9.932088e-01  0.000000e+00
   outer loop
     vertex  5.109603e+01  6.893215e+00  1.220000e+01
     vertex  5.109603e+01  6.893215e+00  1.040000e+01
     vertex  5.111783e+01  6.895769e+00  1.040000e+01
   endloop
 endfacet
 facet normal  1.435492e-01 -9.896432e-01 -5.337716e-20
   outer loop
     vertex  5.107431e+01  6.890065e+00  1.220000e+01
     vertex  5.109603e+01  6.893215e+00  1.040000e+01
     vertex  5.109603e+01  6.893215e+00  1.220000e+01
   endloop
 endfacet
 facet normal  1.435492e-01 -9.896432e-01  0.000000e+00
   outer loop
     vertex  5.107431e+01  6.890065e+00  1.220000e+01
     vertex  5.107431e+01  6.890065e+00  1.040000e+01
     vertex  5.109603e+01  6.893215e+00  1.040000e+01
   endloop
 endfacet
 facet normal  1.706451e-01 -9.853326e-01 -1.329741e-20
   outer loop
     vertex  5.105268e+01  6.886319e+00  1.220000e+01
     vertex  5.107431e+01  6.890065e+00  1.040000e+01
     vertex  5.107431e+01  6.890065e+00  1.220000e+01
   endloop
 endfacet
 facet normal  1.706451e-01 -9.853326e-01  0.000000e+00
   outer loop
     vertex  5.105268e+01  6.886319e+00  1.220000e+01
     vertex  5.105268e+01  6.886319e+00  1.040000e+01
     vertex  5.107431e+01  6.890065e+00  1.040000e+01
   endloop
 endfacet
 facet normal  1.976125e-01 -9.802802e-01  5.369159e-20
   outer loop
     vertex  5.103117e+01  6.881982e+00  1.220000e+01
     vertex  5.105268e+01  6.886319e+00  1.040000e+01
     vertex  5.105268e+01  6.886319e+00  1.220000e+01
   endloop
 endfacet
 facet normal  1.976125e-01 -9.802802e-01  0.000000e+00
   outer loop
     vertex  5.103117e+01  6.881982e+00  1.220000e+01
     vertex  5.103117e+01  6.881982e+00  1.040000e+01
     vertex  5.105268e+01  6.886319e+00  1.040000e+01
   endloop
 endfacet
 facet normal  2.244312e-01 -9.744899e-01  0.000000e+00
   outer loop
     vertex  5.103117e+01  6.881982e+00  1.220000e+01
     vertex  5.100978e+01  6.877056e+00  1.040000e+01
     vertex  5.103117e+01  6.881982e+00  1.040000e+01
   endloop
 endfacet
 facet normal  2.244312e-01 -9.744899e-01  0.000000e+00
   outer loop
     vertex  5.100978e+01  6.877056e+00  1.220000e+01
     vertex  5.100978e+01  6.877056e+00  1.040000e+01
     vertex  5.103117e+01  6.881982e+00  1.220000e+01
   endloop
 endfacet
 facet normal  2.510809e-01 -9.679661e-01  1.634514e-19
   outer loop
     vertex  5.098853e+01  6.871544e+00  1.220000e+01
     vertex  5.100978e+01  6.877056e+00  1.040000e+01
     vertex  5.100978e+01  6.877056e+00  1.220000e+01
   endloop
 endfacet
 facet normal  2.510809e-01 -9.679661e-01  0.000000e+00
   outer loop
     vertex  5.098853e+01  6.871544e+00  1.220000e+01
     vertex  5.098853e+01  6.871544e+00  1.040000e+01
     vertex  5.100978e+01  6.877056e+00  1.040000e+01
   endloop
 endfacet
 facet normal  2.775416e-01 -9.607136e-01 -2.570949e-19
   outer loop
     vertex  5.096744e+01  6.865453e+00  1.220000e+01
     vertex  5.098853e+01  6.871544e+00  1.040000e+01
     vertex  5.098853e+01  6.871544e+00  1.220000e+01
   endloop
 endfacet
 facet normal  2.775416e-01 -9.607136e-01  0.000000e+00
   outer loop
     vertex  5.096744e+01  6.865453e+00  1.220000e+01
     vertex  5.096744e+01  6.865453e+00  1.040000e+01
     vertex  5.098853e+01  6.871544e+00  1.040000e+01
   endloop
 endfacet
 facet normal  3.037934e-01 -9.527379e-01 -1.463748e-19
   outer loop
     vertex  5.094653e+01  6.858785e+00  1.220000e+01
     vertex  5.096744e+01  6.865453e+00  1.040000e+01
     vertex  5.096744e+01  6.865453e+00  1.220000e+01
   endloop
 endfacet
 facet normal  3.037934e-01 -9.527379e-01  0.000000e+00
   outer loop
     vertex  5.094653e+01  6.858785e+00  1.220000e+01
     vertex  5.094653e+01  6.858785e+00  1.040000e+01
     vertex  5.096744e+01  6.865453e+00  1.040000e+01
   endloop
 endfacet
 facet normal  3.298166e-01 -9.440450e-01  0.000000e+00
   outer loop
     vertex  5.094653e+01  6.858785e+00  1.220000e+01
     vertex  5.092581e+01  6.851545e+00  1.040000e+01
     vertex  5.094653e+01  6.858785e+00  1.040000e+01
   endloop
 endfacet
 facet normal  3.298166e-01 -9.440450e-01  0.000000e+00
   outer loop
     vertex  5.092581e+01  6.851545e+00  1.220000e+01
     vertex  5.092581e+01  6.851545e+00  1.040000e+01
     vertex  5.094653e+01  6.858785e+00  1.220000e+01
   endloop
 endfacet
 facet normal  3.555914e-01 -9.346415e-01 -2.127863e-19
   outer loop
     vertex  5.090530e+01  6.843740e+00  1.220000e+01
     vertex  5.092581e+01  6.851545e+00  1.040000e+01
     vertex  5.092581e+01  6.851545e+00  1.220000e+01
   endloop
 endfacet
 facet normal  3.555914e-01 -9.346415e-01  0.000000e+00
   outer loop
     vertex  5.090530e+01  6.843740e+00  1.220000e+01
     vertex  5.090530e+01  6.843740e+00  1.040000e+01
     vertex  5.092581e+01  6.851545e+00  1.040000e+01
   endloop
 endfacet
 facet normal  3.810986e-01 -9.245344e-01 -2.710314e-20
   outer loop
     vertex  5.088500e+01  6.835376e+00  1.220000e+01
     vertex  5.090530e+01  6.843740e+00  1.040000e+01
     vertex  5.090530e+01  6.843740e+00  1.220000e+01
   endloop
 endfacet
 facet normal  3.810986e-01 -9.245344e-01  0.000000e+00
   outer loop
     vertex  5.088500e+01  6.835376e+00  1.220000e+01
     vertex  5.088500e+01  6.835376e+00  1.040000e+01
     vertex  5.090530e+01  6.843740e+00  1.040000e+01
   endloop
 endfacet
 facet normal  4.063188e-01 -9.137314e-01  0.000000e+00
   outer loop
     vertex  5.086495e+01  6.826457e+00  1.220000e+01
     vertex  5.086495e+01  6.826457e+00  1.040000e+01
     vertex  5.088500e+01  6.835376e+00  1.040000e+01
   endloop
 endfacet
 facet normal  4.312333e-01 -9.022405e-01  0.000000e+00
   outer loop
     vertex  5.086495e+01  6.826457e+00  1.220000e+01
     vertex  5.084514e+01  6.816992e+00  1.040000e+01
     vertex  5.086495e+01  6.826457e+00  1.040000e+01
   endloop
 endfacet
 facet normal  4.063188e-01 -9.137314e-01  2.751958e-20
   outer loop
     vertex  5.086495e+01  6.826457e+00  1.220000e+01
     vertex  5.088500e+01  6.835376e+00  1.040000e+01
     vertex  5.088500e+01  6.835376e+00  1.220000e+01
   endloop
 endfacet
 facet normal  4.312333e-01 -9.022405e-01  0.000000e+00
   outer loop
     vertex  5.084514e+01  6.816992e+00  1.220000e+01
     vertex  5.084514e+01  6.816992e+00  1.040000e+01
     vertex  5.086495e+01  6.826457e+00  1.220000e+01
   endloop
 endfacet
 facet normal  4.558231e-01 -8.900704e-01  0.000000e+00
   outer loop
     vertex  5.082561e+01  6.806987e+00  1.220000e+01
     vertex  5.082561e+01  6.806987e+00  1.040000e+01
     vertex  5.084514e+01  6.816992e+00  1.040000e+01
   endloop
 endfacet
 facet normal  4.558231e-01 -8.900704e-01  9.795974e-20
   outer loop
     vertex  5.082561e+01  6.806987e+00  1.220000e+01
     vertex  5.084514e+01  6.816992e+00  1.040000e+01
     vertex  5.084514e+01  6.816992e+00  1.220000e+01
   endloop
 endfacet
 facet normal  4.800697e-01 -8.772303e-01  0.000000e+00
   outer loop
     vertex  5.080635e+01  6.796450e+00  1.220000e+01
     vertex  5.080635e+01  6.796450e+00  1.040000e+01
     vertex  5.082561e+01  6.806987e+00  1.040000e+01
   endloop
 endfacet
 facet normal  4.800697e-01 -8.772303e-01  2.441731e-19
   outer loop
     vertex  5.080635e+01  6.796450e+00  1.220000e+01
     vertex  5.082561e+01  6.806987e+00  1.040000e+01
     vertex  5.082561e+01  6.806987e+00  1.220000e+01
   endloop
 endfacet
 facet normal  5.039550e-01 -8.637299e-01  0.000000e+00
   outer loop
     vertex  5.078739e+01  6.785388e+00  1.220000e+01
     vertex  5.078739e+01  6.785388e+00  1.040000e+01
     vertex  5.080635e+01  6.796450e+00  1.040000e+01
   endloop
 endfacet
 facet normal  5.274609e-01 -8.495793e-01  0.000000e+00
   outer loop
     vertex  5.078739e+01  6.785388e+00  1.220000e+01
     vertex  5.076875e+01  6.773811e+00  1.040000e+01
     vertex  5.078739e+01  6.785388e+00  1.040000e+01
   endloop
 endfacet
 facet normal  5.039550e-01 -8.637299e-01  9.663853e-20
   outer loop
     vertex  5.078739e+01  6.785388e+00  1.220000e+01
     vertex  5.080635e+01  6.796450e+00  1.040000e+01
     vertex  5.080635e+01  6.796450e+00  1.220000e+01
   endloop
 endfacet
 facet normal  5.274609e-01 -8.495793e-01  0.000000e+00
   outer loop
     vertex  5.076875e+01  6.773811e+00  1.220000e+01
     vertex  5.076875e+01  6.773811e+00  1.040000e+01
     vertex  5.078739e+01  6.785388e+00  1.220000e+01
   endloop
 endfacet
 facet normal  5.505698e-01 -8.347891e-01  0.000000e+00
   outer loop
     vertex  5.075042e+01  6.761726e+00  1.220000e+01
     vertex  5.075042e+01  6.761726e+00  1.040000e+01
     vertex  5.076875e+01  6.773811e+00  1.040000e+01
   endloop
 endfacet
 facet normal  5.732642e-01 -8.193706e-01  0.000000e+00
   outer loop
     vertex  5.075042e+01  6.761726e+00  1.220000e+01
     vertex  5.073244e+01  6.749143e+00  1.040000e+01
     vertex  5.075042e+01  6.761726e+00  1.040000e+01
   endloop
 endfacet
 facet normal  5.505698e-01 -8.347891e-01  3.100622e-19
   outer loop
     vertex  5.075042e+01  6.761726e+00  1.220000e+01
     vertex  5.076875e+01  6.773811e+00  1.040000e+01
     vertex  5.076875e+01  6.773811e+00  1.220000e+01
   endloop
 endfacet
 facet normal  5.955271e-01 -8.033352e-01  0.000000e+00
   outer loop
     vertex  5.073244e+01  6.749143e+00  1.220000e+01
     vertex  5.071481e+01  6.736072e+00  1.040000e+01
     vertex  5.073244e+01  6.749143e+00  1.040000e+01
   endloop
 endfacet
 facet normal  5.732642e-01 -8.193706e-01  0.000000e+00
   outer loop
     vertex  5.073244e+01  6.749143e+00  1.220000e+01
     vertex  5.073244e+01  6.749143e+00  1.040000e+01
     vertex  5.075042e+01  6.761726e+00  1.220000e+01
   endloop
 endfacet
 facet normal  6.173417e-01 -7.866951e-01  0.000000e+00
   outer loop
     vertex  5.071481e+01  6.736072e+00  1.220000e+01
     vertex  5.069754e+01  6.722522e+00  1.040000e+01
     vertex  5.071481e+01  6.736072e+00  1.040000e+01
   endloop
 endfacet
 facet normal  5.955271e-01 -8.033352e-01  0.000000e+00
   outer loop
     vertex  5.071481e+01  6.736072e+00  1.220000e+01
     vertex  5.071481e+01  6.736072e+00  1.040000e+01
     vertex  5.073244e+01  6.749143e+00  1.220000e+01
   endloop
 endfacet
 facet normal  6.173417e-01 -7.866951e-01  0.000000e+00
   outer loop
     vertex  5.069754e+01  6.722522e+00  1.220000e+01
     vertex  5.069754e+01  6.722522e+00  1.040000e+01
     vertex  5.071481e+01  6.736072e+00  1.220000e+01
   endloop
 endfacet
 facet normal  6.386916e-01 -7.694628e-01  0.000000e+00
   outer loop
     vertex  5.068065e+01  6.708503e+00  1.220000e+01
     vertex  5.068065e+01  6.708503e+00  1.040000e+01
     vertex  5.069754e+01  6.722522e+00  1.040000e+01
   endloop
 endfacet
 facet normal  6.386916e-01 -7.694628e-01  3.018963e-19
   outer loop
     vertex  5.068065e+01  6.708503e+00  1.220000e+01
     vertex  5.069754e+01  6.722522e+00  1.040000e+01
     vertex  5.069754e+01  6.722522e+00  1.220000e+01
   endloop
 endfacet
 facet normal  6.595607e-01 -7.516513e-01  0.000000e+00
   outer loop
     vertex  5.066415e+01  6.694026e+00  1.220000e+01
     vertex  5.066415e+01  6.694026e+00  1.040000e+01
     vertex  5.068065e+01  6.708503e+00  1.040000e+01
   endloop
 endfacet
 facet normal  6.799333e-01 -7.332740e-01  0.000000e+00
   outer loop
     vertex  5.066415e+01  6.694026e+00  1.220000e+01
     vertex  5.064806e+01  6.679102e+00  1.040000e+01
     vertex  5.066415e+01  6.694026e+00  1.040000e+01
   endloop
 endfacet
 facet normal  6.595607e-01 -7.516513e-01  2.841838e-19
   outer loop
     vertex  5.066415e+01  6.694026e+00  1.220000e+01
     vertex  5.068065e+01  6.708503e+00  1.040000e+01
     vertex  5.068065e+01  6.708503e+00  1.220000e+01
   endloop
 endfacet
 facet normal  6.799333e-01 -7.332740e-01  0.000000e+00
   outer loop
     vertex  5.064806e+01  6.679102e+00  1.220000e+01
     vertex  5.064806e+01  6.679102e+00  1.040000e+01
     vertex  5.066415e+01  6.694026e+00  1.220000e+01
   endloop
 endfacet
 facet normal  6.997940e-01 -7.143447e-01  0.000000e+00
   outer loop
     vertex  5.063238e+01  6.663742e+00  1.220000e+01
     vertex  5.063238e+01  6.663742e+00  1.040000e+01
     vertex  5.064806e+01  6.679102e+00  1.040000e+01
   endloop
 endfacet
 facet normal  6.997940e-01 -7.143447e-01  6.102545e-20
   outer loop
     vertex  5.063238e+01  6.663742e+00  1.220000e+01
     vertex  5.064806e+01  6.679102e+00  1.040000e+01
     vertex  5.064806e+01  6.679102e+00  1.220000e+01
   endloop
 endfacet
 facet normal  7.191280e-01 -6.948776e-01  8.971112e-20
   outer loop
     vertex  5.061713e+01  6.647958e+00  1.220000e+01
     vertex  5.063238e+01  6.663742e+00  1.040000e+01
     vertex  5.063238e+01  6.663742e+00  1.220000e+01
   endloop
 endfacet
 facet normal  7.191280e-01 -6.948776e-01  0.000000e+00
   outer loop
     vertex  5.061713e+01  6.647958e+00  1.220000e+01
     vertex  5.061713e+01  6.647958e+00  1.040000e+01
     vertex  5.063238e+01  6.663742e+00  1.040000e+01
   endloop
 endfacet
 facet normal  7.379206e-01 -6.748875e-01  0.000000e+00
   outer loop
     vertex  5.061713e+01  6.647958e+00  1.220000e+01
     vertex  5.060231e+01  6.631761e+00  1.040000e+01
     vertex  5.061713e+01  6.647958e+00  1.040000e+01
   endloop
 endfacet
 facet normal  7.379206e-01 -6.748875e-01  0.000000e+00
   outer loop
     vertex  5.060231e+01  6.631761e+00  1.220000e+01
     vertex  5.060231e+01  6.631761e+00  1.040000e+01
     vertex  5.061713e+01  6.647958e+00  1.220000e+01
   endloop
 endfacet
 facet normal  7.561578e-01 -6.543893e-01 -6.667517e-20
   outer loop
     vertex  5.058795e+01  6.615164e+00  1.220000e+01
     vertex  5.060231e+01  6.631761e+00  1.040000e+01
     vertex  5.060231e+01  6.631761e+00  1.220000e+01
   endloop
 endfacet
 facet normal  7.561578e-01 -6.543893e-01  0.000000e+00
   outer loop
     vertex  5.058795e+01  6.615164e+00  1.220000e+01
     vertex  5.058795e+01  6.615164e+00  1.040000e+01
     vertex  5.060231e+01  6.631761e+00  1.040000e+01
   endloop
 endfacet
 facet normal  7.738257e-01 -6.333986e-01  0.000000e+00
   outer loop
     vertex  5.058795e+01  6.615164e+00  1.220000e+01
     vertex  5.057405e+01  6.598179e+00  1.040000e+01
     vertex  5.058795e+01  6.615164e+00  1.040000e+01
   endloop
 endfacet
 facet normal  7.909112e-01 -6.119310e-01  0.000000e+00
   outer loop
     vertex  5.057405e+01  6.598179e+00  1.220000e+01
     vertex  5.056061e+01  6.580819e+00  1.040000e+01
     vertex  5.057405e+01  6.598179e+00  1.040000e+01
   endloop
 endfacet
 facet normal  7.738257e-01 -6.333986e-01  0.000000e+00
   outer loop
     vertex  5.057405e+01  6.598179e+00  1.220000e+01
     vertex  5.057405e+01  6.598179e+00  1.040000e+01
     vertex  5.058795e+01  6.615164e+00  1.220000e+01
   endloop
 endfacet
 facet normal  7.909112e-01 -6.119310e-01  0.000000e+00
   outer loop
     vertex  5.056061e+01  6.580819e+00  1.220000e+01
     vertex  5.056061e+01  6.580819e+00  1.040000e+01
     vertex  5.057405e+01  6.598179e+00  1.220000e+01
   endloop
 endfacet
 facet normal  8.074012e-01 -5.900028e-01  0.000000e+00
   outer loop
     vertex  5.054766e+01  6.563097e+00  1.220000e+01
     vertex  5.054766e+01  6.563097e+00  1.040000e+01
     vertex  5.056061e+01  6.580819e+00  1.040000e+01
   endloop
 endfacet
 facet normal  8.074012e-01 -5.900028e-01  2.789586e-19
   outer loop
     vertex  5.054766e+01  6.563097e+00  1.220000e+01
     vertex  5.056061e+01  6.580819e+00  1.040000e+01
     vertex  5.056061e+01  6.580819e+00  1.220000e+01
   endloop
 endfacet
 facet normal  8.232835e-01 -5.676304e-01  0.000000e+00
   outer loop
     vertex  5.053521e+01  6.545026e+00  1.220000e+01
     vertex  5.053521e+01  6.545026e+00  1.040000e+01
     vertex  5.054766e+01  6.563097e+00  1.040000e+01
   endloop
 endfacet
 facet normal  8.232835e-01 -5.676304e-01 -2.357644e-19
   outer loop
     vertex  5.053521e+01  6.545026e+00  1.220000e+01
     vertex  5.054766e+01  6.563097e+00  1.040000e+01
     vertex  5.054766e+01  6.563097e+00  1.220000e+01
   endloop
 endfacet
 facet normal  8.385460e-01 -5.448308e-01  0.000000e+00
   outer loop
     vertex  5.052325e+01  6.526621e+00  1.220000e+01
     vertex  5.052325e+01  6.526621e+00  1.040000e+01
     vertex  5.053521e+01  6.545026e+00  1.040000e+01
   endloop
 endfacet
 facet normal  8.531773e-01 -5.216210e-01  0.000000e+00
   outer loop
     vertex  5.052325e+01  6.526621e+00  1.220000e+01
     vertex  5.051180e+01  6.507894e+00  1.040000e+01
     vertex  5.052325e+01  6.526621e+00  1.040000e+01
   endloop
 endfacet
 facet normal  8.385460e-01 -5.448308e-01 -2.154992e-19
   outer loop
     vertex  5.052325e+01  6.526621e+00  1.220000e+01
     vertex  5.053521e+01  6.545026e+00  1.040000e+01
     vertex  5.053521e+01  6.545026e+00  1.220000e+01
   endloop
 endfacet
 facet normal  8.531773e-01 -5.216210e-01  0.000000e+00
   outer loop
     vertex  5.051180e+01  6.507894e+00  1.220000e+01
     vertex  5.051180e+01  6.507894e+00  1.040000e+01
     vertex  5.052325e+01  6.526621e+00  1.220000e+01
   endloop
 endfacet
 facet normal  8.671664e-01 -4.980186e-01  0.000000e+00
   outer loop
     vertex  5.050087e+01  6.488861e+00  1.220000e+01
     vertex  5.050087e+01  6.488861e+00  1.040000e+01
     vertex  5.051180e+01  6.507894e+00  1.040000e+01
   endloop
 endfacet
 facet normal  8.671664e-01 -4.980186e-01  1.796147e-19
   outer loop
     vertex  5.050087e+01  6.488861e+00  1.220000e+01
     vertex  5.051180e+01  6.507894e+00  1.040000e+01
     vertex  5.051180e+01  6.507894e+00  1.220000e+01
   endloop
 endfacet
 facet normal  8.805026e-01 -4.740412e-01  0.000000e+00
   outer loop
     vertex  5.049046e+01  6.469534e+00  1.220000e+01
     vertex  5.049046e+01  6.469534e+00  1.040000e+01
     vertex  5.050087e+01  6.488861e+00  1.040000e+01
   endloop
 endfacet
 facet normal  8.805026e-01 -4.740412e-01  9.840942e-20
   outer loop
     vertex  5.049046e+01  6.469534e+00  1.220000e+01
     vertex  5.050087e+01  6.488861e+00  1.040000e+01
     vertex  5.050087e+01  6.488861e+00  1.220000e+01
   endloop
 endfacet
 facet normal  8.931761e-01 -4.497071e-01  0.000000e+00
   outer loop
     vertex  5.048059e+01  6.449929e+00  1.220000e+01
     vertex  5.048059e+01  6.449929e+00  1.040000e+01
     vertex  5.049046e+01  6.469534e+00  1.040000e+01
   endloop
 endfacet
 facet normal  8.931761e-01 -4.497071e-01  9.495535e-20
   outer loop
     vertex  5.048059e+01  6.449929e+00  1.220000e+01
     vertex  5.049046e+01  6.469534e+00  1.040000e+01
     vertex  5.049046e+01  6.469534e+00  1.220000e+01
   endloop
 endfacet
 facet normal  9.051772e-01 -4.250344e-01  0.000000e+00
   outer loop
     vertex  5.047126e+01  6.430061e+00  1.220000e+01
     vertex  5.047126e+01  6.430061e+00  1.040000e+01
     vertex  5.048059e+01  6.449929e+00  1.040000e+01
   endloop
 endfacet
 facet normal  9.051772e-01 -4.250344e-01 -1.399687e-19
   outer loop
     vertex  5.047126e+01  6.430061e+00  1.220000e+01
     vertex  5.048059e+01  6.449929e+00  1.040000e+01
     vertex  5.048059e+01  6.449929e+00  1.220000e+01
   endloop
 endfacet
 facet normal  9.164969e-01 -4.000417e-01  0.000000e+00
   outer loop
     vertex  5.046248e+01  6.409945e+00  1.220000e+01
     vertex  5.046248e+01  6.409945e+00  1.040000e+01
     vertex  5.047126e+01  6.430061e+00  1.040000e+01
   endloop
 endfacet
 facet normal  9.164969e-01 -4.000417e-01 -4.933887e-21
   outer loop
     vertex  5.046248e+01  6.409945e+00  1.220000e+01
     vertex  5.047126e+01  6.430061e+00  1.040000e+01
     vertex  5.047126e+01  6.430061e+00  1.220000e+01
   endloop
 endfacet
 facet normal  9.271267e-01 -3.747479e-01  0.000000e+00
   outer loop
     vertex  5.045426e+01  6.389595e+00  1.220000e+01
     vertex  5.045426e+01  6.389595e+00  1.040000e+01
     vertex  5.046248e+01  6.409945e+00  1.040000e+01
   endloop
 endfacet
 facet normal  9.271267e-01 -3.747479e-01 -9.976576e-20
   outer loop
     vertex  5.045426e+01  6.389595e+00  1.220000e+01
     vertex  5.046248e+01  6.409945e+00  1.040000e+01
     vertex  5.046248e+01  6.409945e+00  1.220000e+01
   endloop
 endfacet
 facet normal  9.370586e-01 -3.491720e-01  0.000000e+00
   outer loop
     vertex  5.044659e+01  6.369027e+00  1.220000e+01
     vertex  5.044659e+01  6.369027e+00  1.040000e+01
     vertex  5.045426e+01  6.389595e+00  1.040000e+01
   endloop
 endfacet
 facet normal  9.462851e-01 -3.233333e-01  0.000000e+00
   outer loop
     vertex  5.044659e+01  6.369027e+00  1.220000e+01
     vertex  5.043949e+01  6.348257e+00  1.040000e+01
     vertex  5.044659e+01  6.369027e+00  1.040000e+01
   endloop
 endfacet
 facet normal  9.370586e-01 -3.491720e-01 -1.385177e-20
   outer loop
     vertex  5.044659e+01  6.369027e+00  1.220000e+01
     vertex  5.045426e+01  6.389595e+00  1.040000e+01
     vertex  5.045426e+01  6.389595e+00  1.220000e+01
   endloop
 endfacet
 facet normal  9.547993e-01 -2.972512e-01  0.000000e+00
   outer loop
     vertex  5.043949e+01  6.348257e+00  1.220000e+01
     vertex  5.043297e+01  6.327300e+00  1.040000e+01
     vertex  5.043949e+01  6.348257e+00  1.040000e+01
   endloop
 endfacet
 facet normal  9.462851e-01 -3.233333e-01  0.000000e+00
   outer loop
     vertex  5.043949e+01  6.348257e+00  1.220000e+01
     vertex  5.043949e+01  6.348257e+00  1.040000e+01
     vertex  5.044659e+01  6.369027e+00  1.220000e+01
   endloop
 endfacet
 facet normal  9.547993e-01 -2.972512e-01  0.000000e+00
   outer loop
     vertex  5.043297e+01  6.327300e+00  1.220000e+01
     vertex  5.043297e+01  6.327300e+00  1.040000e+01
     vertex  5.043949e+01  6.348257e+00  1.220000e+01
   endloop
 endfacet
 facet normal  9.625948e-01 -2.709453e-01  0.000000e+00
   outer loop
     vertex  5.042702e+01  6.306172e+00  1.220000e+01
     vertex  5.042702e+01  6.306172e+00  1.040000e+01
     vertex  5.043297e+01  6.327300e+00  1.040000e+01
   endloop
 endfacet
 facet normal  9.696656e-01 -2.444354e-01  0.000000e+00
   outer loop
     vertex  5.042702e+01  6.306172e+00  1.220000e+01
     vertex  5.042166e+01  6.284888e+00  1.040000e+01
     vertex  5.042702e+01  6.306172e+00  1.040000e+01
   endloop
 endfacet
 facet normal  9.625948e-01 -2.709453e-01  1.746397e-19
   outer loop
     vertex  5.042702e+01  6.306172e+00  1.220000e+01
     vertex  5.043297e+01  6.327300e+00  1.040000e+01
     vertex  5.043297e+01  6.327300e+00  1.220000e+01
   endloop
 endfacet
 facet normal  9.696656e-01 -2.444354e-01  0.000000e+00
   outer loop
     vertex  5.042166e+01  6.284888e+00  1.220000e+01
     vertex  5.042166e+01  6.284888e+00  1.040000e+01
     vertex  5.042702e+01  6.306172e+00  1.220000e+01
   endloop
 endfacet
 facet normal  9.760065e-01 -2.177416e-01  0.000000e+00
   outer loop
     vertex  5.041688e+01  6.263466e+00  1.220000e+01
     vertex  5.041688e+01  6.263466e+00  1.040000e+01
     vertex  5.042166e+01  6.284888e+00  1.040000e+01
   endloop
 endfacet
 facet normal  9.760065e-01 -2.177416e-01  1.663322e-19
   outer loop
     vertex  5.041688e+01  6.263466e+00  1.220000e+01
     vertex  5.042166e+01  6.284888e+00  1.040000e+01
     vertex  5.042166e+01  6.284888e+00  1.220000e+01
   endloop
 endfacet
 facet normal  9.816126e-01 -1.908838e-01  0.000000e+00
   outer loop
     vertex  5.041269e+01  6.241920e+00  1.220000e+01
     vertex  5.041269e+01  6.241920e+00  1.040000e+01
     vertex  5.041688e+01  6.263466e+00  1.040000e+01
   endloop
 endfacet
 facet normal  9.816126e-01 -1.908838e-01 -1.537447e-19
   outer loop
     vertex  5.041269e+01  6.241920e+00  1.220000e+01
     vertex  5.041688e+01  6.263466e+00  1.040000e+01
     vertex  5.041688e+01  6.263466e+00  1.220000e+01
   endloop
 endfacet
 facet normal  9.864799e-01 -1.638824e-01  0.000000e+00
   outer loop
     vertex  5.040909e+01  6.220267e+00  1.220000e+01
     vertex  5.040909e+01  6.220267e+00  1.040000e+01
     vertex  5.041269e+01  6.241920e+00  1.040000e+01
   endloop
 endfacet
 facet normal  9.906046e-01 -1.367575e-01  0.000000e+00
   outer loop
     vertex  5.040909e+01  6.220267e+00  1.220000e+01
     vertex  5.040609e+01  6.198524e+00  1.040000e+01
     vertex  5.040909e+01  6.220267e+00  1.040000e+01
   endloop
 endfacet
 facet normal  9.864799e-01 -1.638824e-01 -1.381162e-19
   outer loop
     vertex  5.040909e+01  6.220267e+00  1.220000e+01
     vertex  5.041269e+01  6.241920e+00  1.040000e+01
     vertex  5.041269e+01  6.241920e+00  1.220000e+01
   endloop
 endfacet
 facet normal  9.939835e-01 -1.095298e-01  0.000000e+00
   outer loop
     vertex  5.040609e+01  6.198524e+00  1.220000e+01
     vertex  5.040369e+01  6.176707e+00  1.040000e+01
     vertex  5.040609e+01  6.198524e+00  1.040000e+01
   endloop
 endfacet
 facet normal  9.906046e-01 -1.367575e-01  0.000000e+00
   outer loop
     vertex  5.040609e+01  6.198524e+00  1.220000e+01
     vertex  5.040609e+01  6.198524e+00  1.040000e+01
     vertex  5.040909e+01  6.220267e+00  1.220000e+01
   endloop
 endfacet
 facet normal  9.939835e-01 -1.095298e-01  0.000000e+00
   outer loop
     vertex  5.040369e+01  6.176707e+00  1.220000e+01
     vertex  5.040369e+01  6.176707e+00  1.040000e+01
     vertex  5.040609e+01  6.198524e+00  1.220000e+01
   endloop
 endfacet
 facet normal  9.966142e-01 -8.221955e-02 -4.130542e-21
   outer loop
     vertex  5.040188e+01  6.154832e+00  1.220000e+01
     vertex  5.040369e+01  6.176707e+00  1.040000e+01
     vertex  5.040369e+01  6.176707e+00  1.220000e+01
   endloop
 endfacet
 facet normal  9.966142e-01 -8.221955e-02  0.000000e+00
   outer loop
     vertex  5.040188e+01  6.154832e+00  1.220000e+01
     vertex  5.040188e+01  6.154832e+00  1.040000e+01
     vertex  5.040369e+01  6.176707e+00  1.040000e+01
   endloop
 endfacet
 facet normal  9.984947e-01 -5.484744e-02 -9.265076e-21
   outer loop
     vertex  5.040068e+01  6.132916e+00  1.220000e+01
     vertex  5.040188e+01  6.154832e+00  1.040000e+01
     vertex  5.040188e+01  6.154832e+00  1.220000e+01
   endloop
 endfacet
 facet normal  9.984947e-01 -5.484744e-02  0.000000e+00
   outer loop
     vertex  5.040068e+01  6.132916e+00  1.220000e+01
     vertex  5.040068e+01  6.132916e+00  1.040000e+01
     vertex  5.040188e+01  6.154832e+00  1.040000e+01
   endloop
 endfacet
 facet normal  9.996236e-01 -2.743405e-02  0.000000e+00
   outer loop
     vertex  5.040068e+01  6.132916e+00  1.220000e+01
     vertex  5.040008e+01  6.110975e+00  1.040000e+01
     vertex  5.040068e+01  6.132916e+00  1.040000e+01
   endloop
 endfacet
 facet normal  9.996236e-01 -2.743405e-02  0.000000e+00
   outer loop
     vertex  5.040008e+01  6.110975e+00  1.220000e+01
     vertex  5.040008e+01  6.110975e+00  1.040000e+01
     vertex  5.040068e+01  6.132916e+00  1.220000e+01
   endloop
 endfacet
 facet normal  1.000000e+00 -0.000000e+00  0.000000e+00
   outer loop
     vertex  5.040008e+01  6.089025e+00  1.220000e+01
     vertex  5.040008e+01  6.110975e+00  1.040000e+01
     vertex  5.040008e+01  6.110975e+00  1.220000e+01
   endloop
 endfacet
 facet normal  1.000000e+00  0.000000e+00  0.000000e+00
   outer loop
     vertex  5.040008e+01  6.089025e+00  1.220000e+01
     vertex  5.040008e+01  6.089025e+00  1.040000e+01
     vertex  5.040008e+01  6.110975e+00  1.040000e+01
   endloop
 endfacet
 facet normal  9.996236e-01  2.743405e-02  1.028680e-20
   outer loop
     vertex  5.040068e+01  6.067084e+00  1.220000e+01
     vertex  5.040008e+01  6.089025e+00  1.040000e+01
     vertex  5.040008e+01  6.089025e+00  1.220000e+01
   endloop
 endfacet
 facet normal  9.996236e-01  2.743405e-02  0.000000e+00
   outer loop
     vertex  5.040068e+01  6.067084e+00  1.220000e+01
     vertex  5.040068e+01  6.067084e+00  1.040000e+01
     vertex  5.040008e+01  6.089025e+00  1.040000e+01
   endloop
 endfacet
 facet normal  9.984947e-01  5.484744e-02  9.265076e-21
   outer loop
     vertex  5.040188e+01  6.045168e+00  1.220000e+01
     vertex  5.040068e+01  6.067084e+00  1.040000e+01
     vertex  5.040068e+01  6.067084e+00  1.220000e+01
   endloop
 endfacet
 facet normal  9.984947e-01  5.484744e-02  0.000000e+00
   outer loop
     vertex  5.040188e+01  6.045168e+00  1.220000e+01
     vertex  5.040188e+01  6.045168e+00  1.040000e+01
     vertex  5.040068e+01  6.067084e+00  1.040000e+01
   endloop
 endfacet
 facet normal  9.966142e-01  8.221955e-02  0.000000e+00
   outer loop
     vertex  5.040188e+01  6.045168e+00  1.220000e+01
     vertex  5.040369e+01  6.023293e+00  1.040000e+01
     vertex  5.040188e+01  6.045168e+00  1.040000e+01
   endloop
 endfacet
 facet normal  9.966142e-01  8.221955e-02  0.000000e+00
   outer loop
     vertex  5.040369e+01  6.023293e+00  1.220000e+01
     vertex  5.040369e+01  6.023293e+00  1.040000e+01
     vertex  5.040188e+01  6.045168e+00  1.220000e+01
   endloop
 endfacet
 facet normal  9.939835e-01  1.095298e-01  3.533901e-20
   outer loop
     vertex  5.040609e+01  6.001476e+00  1.220000e+01
     vertex  5.040369e+01  6.023293e+00  1.040000e+01
     vertex  5.040369e+01  6.023293e+00  1.220000e+01
   endloop
 endfacet
 facet normal  9.939835e-01  1.095298e-01  0.000000e+00
   outer loop
     vertex  5.040609e+01  6.001476e+00  1.220000e+01
     vertex  5.040609e+01  6.001476e+00  1.040000e+01
     vertex  5.040369e+01  6.023293e+00  1.040000e+01
   endloop
 endfacet
 facet normal  9.906046e-01  1.367575e-01  0.000000e+00
   outer loop
     vertex  5.040609e+01  6.001476e+00  1.220000e+01
     vertex  5.040909e+01  5.979733e+00  1.040000e+01
     vertex  5.040609e+01  6.001476e+00  1.040000e+01
   endloop
 endfacet
 facet normal  9.906046e-01  1.367575e-01  0.000000e+00
   outer loop
     vertex  5.040909e+01  5.979733e+00  1.220000e+01
     vertex  5.040909e+01  5.979733e+00  1.040000e+01
     vertex  5.040609e+01  6.001476e+00  1.220000e+01
   endloop
 endfacet
 facet normal  9.864799e-01  1.638824e-01  0.000000e+00
   outer loop
     vertex  5.040909e+01  5.979733e+00  1.220000e+01
     vertex  5.041269e+01  5.958080e+00  1.040000e+01
     vertex  5.040909e+01  5.979733e+00  1.040000e+01
   endloop
 endfacet
 facet normal  9.864799e-01  1.638824e-01  0.000000e+00
   outer loop
     vertex  5.041269e+01  5.958080e+00  1.220000e+01
     vertex  5.041269e+01  5.958080e+00  1.040000e+01
     vertex  5.040909e+01  5.979733e+00  1.220000e+01
   endloop
 endfacet
 facet normal  9.816126e-01  1.908838e-01  1.537447e-19
   outer loop
     vertex  5.041688e+01  5.936534e+00  1.220000e+01
     vertex  5.041269e+01  5.958080e+00  1.040000e+01
     vertex  5.041269e+01  5.958080e+00  1.220000e+01
   endloop
 endfacet
 facet normal  9.816126e-01  1.908838e-01  0.000000e+00
   outer loop
     vertex  5.041688e+01  5.936534e+00  1.220000e+01
     vertex  5.041688e+01  5.936534e+00  1.040000e+01
     vertex  5.041269e+01  5.958080e+00  1.040000e+01
   endloop
 endfacet
 facet normal  9.760065e-01  2.177416e-01  0.000000e+00
   outer loop
     vertex  5.041688e+01  5.936534e+00  1.220000e+01
     vertex  5.042166e+01  5.915112e+00  1.040000e+01
     vertex  5.041688e+01  5.936534e+00  1.040000e+01
   endloop
 endfacet
 facet normal  9.760065e-01  2.177416e-01  0.000000e+00
   outer loop
     vertex  5.042166e+01  5.915112e+00  1.220000e+01
     vertex  5.042166e+01  5.915112e+00  1.040000e+01
     vertex  5.041688e+01  5.936534e+00  1.220000e+01
   endloop
 endfacet
 facet normal  9.696656e-01  2.444354e-01  0.000000e+00
   outer loop
     vertex  5.042702e+01  5.893828e+00  1.220000e+01
     vertex  5.042702e+01  5.893828e+00  1.040000e+01
     vertex  5.042166e+01  5.915112e+00  1.040000e+01
   endloop
 endfacet
 facet normal  9.696656e-01  2.444354e-01  4.527271e-20
   outer loop
     vertex  5.042702e+01  5.893828e+00  1.220000e+01
     vertex  5.042166e+01  5.915112e+00  1.040000e+01
     vertex  5.042166e+01  5.915112e+00  1.220000e+01
   endloop
 endfacet
 facet normal  9.625948e-01  2.709453e-01  0.000000e+00
   outer loop
     vertex  5.043297e+01  5.872700e+00  1.220000e+01
     vertex  5.043297e+01  5.872700e+00  1.040000e+01
     vertex  5.042702e+01  5.893828e+00  1.040000e+01
   endloop
 endfacet
 facet normal  9.547993e-01  2.972512e-01  0.000000e+00
   outer loop
     vertex  5.043297e+01  5.872700e+00  1.220000e+01
     vertex  5.043949e+01  5.851743e+00  1.040000e+01
     vertex  5.043297e+01  5.872700e+00  1.040000e+01
   endloop
 endfacet
 facet normal  9.625948e-01  2.709453e-01 -1.746397e-19
   outer loop
     vertex  5.043297e+01  5.872700e+00  1.220000e+01
     vertex  5.042702e+01  5.893828e+00  1.040000e+01
     vertex  5.042702e+01  5.893828e+00  1.220000e+01
   endloop
 endfacet
 facet normal  9.547993e-01  2.972512e-01  0.000000e+00
   outer loop
     vertex  5.043949e+01  5.851743e+00  1.220000e+01
     vertex  5.043949e+01  5.851743e+00  1.040000e+01
     vertex  5.043297e+01  5.872700e+00  1.220000e+01
   endloop
 endfacet
 facet normal  9.462851e-01  3.233333e-01  0.000000e+00
   outer loop
     vertex  5.044659e+01  5.830973e+00  1.220000e+01
     vertex  5.044659e+01  5.830973e+00  1.040000e+01
     vertex  5.043949e+01  5.851743e+00  1.040000e+01
   endloop
 endfacet
 facet normal  9.370586e-01  3.491720e-01  0.000000e+00
   outer loop
     vertex  5.044659e+01  5.830973e+00  1.220000e+01
     vertex  5.045426e+01  5.810405e+00  1.040000e+01
     vertex  5.044659e+01  5.830973e+00  1.040000e+01
   endloop
 endfacet
 facet normal  9.462851e-01  3.233333e-01 -1.874363e-19
   outer loop
     vertex  5.044659e+01  5.830973e+00  1.220000e+01
     vertex  5.043949e+01  5.851743e+00  1.040000e+01
     vertex  5.043949e+01  5.851743e+00  1.220000e+01
   endloop
 endfacet
 facet normal  9.370586e-01  3.491720e-01  0.000000e+00
   outer loop
     vertex  5.045426e+01  5.810405e+00  1.220000e+01
     vertex  5.045426e+01  5.810405e+00  1.040000e+01
     vertex  5.044659e+01  5.830973e+00  1.220000e+01
   endloop
 endfacet
 facet normal  9.271267e-01  3.747479e-01  0.000000e+00
   outer loop
     vertex  5.046248e+01  5.790055e+00  1.220000e+01
     vertex  5.046248e+01  5.790055e+00  1.040000e+01
     vertex  5.045426e+01  5.810405e+00  1.040000e+01
   endloop
 endfacet
 facet normal  9.271267e-01  3.747479e-01 -2.650362e-19
   outer loop
     vertex  5.046248e+01  5.790055e+00  1.220000e+01
     vertex  5.045426e+01  5.810405e+00  1.040000e+01
     vertex  5.045426e+01  5.810405e+00  1.220000e+01
   endloop
 endfacet
 facet normal  9.164969e-01  4.000417e-01  0.000000e+00
   outer loop
     vertex  5.047126e+01  5.769939e+00  1.220000e+01
     vertex  5.047126e+01  5.769939e+00  1.040000e+01
     vertex  5.046248e+01  5.790055e+00  1.040000e+01
   endloop
 endfacet
 facet normal  9.164969e-01  4.000417e-01 -1.844749e-19
   outer loop
     vertex  5.047126e+01  5.769939e+00  1.220000e+01
     vertex  5.046248e+01  5.790055e+00  1.040000e+01
     vertex  5.046248e+01  5.790055e+00  1.220000e+01
   endloop
 endfacet
 facet normal  9.051772e-01  4.250344e-01  0.000000e+00
   outer loop
     vertex  5.048059e+01  5.750071e+00  1.220000e+01
     vertex  5.048059e+01  5.750071e+00  1.040000e+01
     vertex  5.047126e+01  5.769939e+00  1.040000e+01
   endloop
 endfacet
 facet normal  8.931761e-01  4.497071e-01  0.000000e+00
   outer loop
     vertex  5.048059e+01  5.750071e+00  1.220000e+01
     vertex  5.049046e+01  5.730466e+00  1.040000e+01
     vertex  5.048059e+01  5.750071e+00  1.040000e+01
   endloop
 endfacet
 facet normal  9.051772e-01  4.250344e-01  3.317483e-19
   outer loop
     vertex  5.048059e+01  5.750071e+00  1.220000e+01
     vertex  5.047126e+01  5.769939e+00  1.040000e+01
     vertex  5.047126e+01  5.769939e+00  1.220000e+01
   endloop
 endfacet
 facet normal  8.931761e-01  4.497071e-01  0.000000e+00
   outer loop
     vertex  5.049046e+01  5.730466e+00  1.220000e+01
     vertex  5.049046e+01  5.730466e+00  1.040000e+01
     vertex  5.048059e+01  5.750071e+00  1.220000e+01
   endloop
 endfacet
 facet normal  8.805026e-01  4.740412e-01  0.000000e+00
   outer loop
     vertex  5.050087e+01  5.711139e+00  1.220000e+01
     vertex  5.050087e+01  5.711139e+00  1.040000e+01
     vertex  5.049046e+01  5.730466e+00  1.040000e+01
   endloop
 endfacet
 facet normal  8.805026e-01  4.740412e-01 -9.840942e-20
   outer loop
     vertex  5.050087e+01  5.711139e+00  1.220000e+01
     vertex  5.049046e+01  5.730466e+00  1.040000e+01
     vertex  5.049046e+01  5.730466e+00  1.220000e+01
   endloop
 endfacet
 facet normal  8.671664e-01  4.980186e-01  0.000000e+00
   outer loop
     vertex  5.051180e+01  5.692106e+00  1.220000e+01
     vertex  5.051180e+01  5.692106e+00  1.040000e+01
     vertex  5.050087e+01  5.711139e+00  1.040000e+01
   endloop
 endfacet
 facet normal  8.671664e-01  4.980186e-01 -1.796147e-19
   outer loop
     vertex  5.051180e+01  5.692106e+00  1.220000e+01
     vertex  5.050087e+01  5.711139e+00  1.040000e+01
     vertex  5.050087e+01  5.711139e+00  1.220000e+01
   endloop
 endfacet
 facet normal  8.531773e-01  5.216210e-01  0.000000e+00
   outer loop
     vertex  5.052325e+01  5.673379e+00  1.220000e+01
     vertex  5.052325e+01  5.673379e+00  1.040000e+01
     vertex  5.051180e+01  5.692106e+00  1.040000e+01
   endloop
 endfacet
 facet normal  8.531773e-01  5.216210e-01  3.472187e-20
   outer loop
     vertex  5.052325e+01  5.673379e+00  1.220000e+01
     vertex  5.051180e+01  5.692106e+00  1.040000e+01
     vertex  5.051180e+01  5.692106e+00  1.220000e+01
   endloop
 endfacet
 facet normal  8.385460e-01  5.448308e-01  0.000000e+00
   outer loop
     vertex  5.053521e+01  5.654974e+00  1.220000e+01
     vertex  5.053521e+01  5.654974e+00  1.040000e+01
     vertex  5.052325e+01  5.673379e+00  1.040000e+01
   endloop
 endfacet
 facet normal  8.385460e-01  5.448308e-01  1.412217e-19
   outer loop
     vertex  5.053521e+01  5.654974e+00  1.220000e+01
     vertex  5.052325e+01  5.673379e+00  1.040000e+01
     vertex  5.052325e+01  5.673379e+00  1.220000e+01
   endloop
 endfacet
 facet normal  8.232835e-01  5.676304e-01  1.856855e-19
   outer loop
     vertex  5.054766e+01  5.636903e+00  1.220000e+01
     vertex  5.053521e+01  5.654974e+00  1.040000e+01
     vertex  5.053521e+01  5.654974e+00  1.220000e+01
   endloop
 endfacet
 facet normal  8.232835e-01  5.676304e-01  0.000000e+00
   outer loop
     vertex  5.054766e+01  5.636903e+00  1.220000e+01
     vertex  5.054766e+01  5.636903e+00  1.040000e+01
     vertex  5.053521e+01  5.654974e+00  1.040000e+01
   endloop
 endfacet
 facet normal  8.074012e-01  5.900028e-01  0.000000e+00
   outer loop
     vertex  5.054766e+01  5.636903e+00  1.220000e+01
     vertex  5.056061e+01  5.619181e+00  1.040000e+01
     vertex  5.054766e+01  5.636903e+00  1.040000e+01
   endloop
 endfacet
 facet normal  8.074012e-01  5.900028e-01  0.000000e+00
   outer loop
     vertex  5.056061e+01  5.619181e+00  1.220000e+01
     vertex  5.056061e+01  5.619181e+00  1.040000e+01
     vertex  5.054766e+01  5.636903e+00  1.220000e+01
   endloop
 endfacet
 facet normal  7.909112e-01  6.119310e-01  0.000000e+00
   outer loop
     vertex  5.056061e+01  5.619181e+00  1.220000e+01
     vertex  5.057405e+01  5.601821e+00  1.040000e+01
     vertex  5.056061e+01  5.619181e+00  1.040000e+01
   endloop
 endfacet
 facet normal  7.909112e-01  6.119310e-01  0.000000e+00
   outer loop
     vertex  5.057405e+01  5.601821e+00  1.220000e+01
     vertex  5.057405e+01  5.601821e+00  1.040000e+01
     vertex  5.056061e+01  5.619181e+00  1.220000e+01
   endloop
 endfacet
 facet normal  7.738257e-01  6.333986e-01  1.008646e-19
   outer loop
     vertex  5.058795e+01  5.584836e+00  1.220000e+01
     vertex  5.057405e+01  5.601821e+00  1.040000e+01
     vertex  5.057405e+01  5.601821e+00  1.220000e+01
   endloop
 endfacet
 facet normal  7.738257e-01  6.333986e-01  0.000000e+00
   outer loop
     vertex  5.058795e+01  5.584836e+00  1.220000e+01
     vertex  5.058795e+01  5.584836e+00  1.040000e+01
     vertex  5.057405e+01  5.601821e+00  1.040000e+01
   endloop
 endfacet
 facet normal  7.561578e-01  6.543893e-01  0.000000e+00
   outer loop
     vertex  5.058795e+01  5.584836e+00  1.220000e+01
     vertex  5.060231e+01  5.568239e+00  1.040000e+01
     vertex  5.058795e+01  5.584836e+00  1.040000e+01
   endloop
 endfacet
 facet normal  7.561578e-01  6.543893e-01  0.000000e+00
   outer loop
     vertex  5.060231e+01  5.568239e+00  1.220000e+01
     vertex  5.060231e+01  5.568239e+00  1.040000e+01
     vertex  5.058795e+01  5.584836e+00  1.220000e+01
   endloop
 endfacet
 facet normal  7.379206e-01  6.748875e-01 -1.467786e-19
   outer loop
     vertex  5.061713e+01  5.552042e+00  1.220000e+01
     vertex  5.060231e+01  5.568239e+00  1.040000e+01
     vertex  5.060231e+01  5.568239e+00  1.220000e+01
   endloop
 endfacet
 facet normal  7.379206e-01  6.748875e-01  0.000000e+00
   outer loop
     vertex  5.061713e+01  5.552042e+00  1.220000e+01
     vertex  5.061713e+01  5.552042e+00  1.040000e+01
     vertex  5.060231e+01  5.568239e+00  1.040000e+01
   endloop
 endfacet
 facet normal  7.191280e-01  6.948776e-01  6.468155e-20
   outer loop
     vertex  5.063238e+01  5.536258e+00  1.220000e+01
     vertex  5.061713e+01  5.552042e+00  1.040000e+01
     vertex  5.061713e+01  5.552042e+00  1.220000e+01
   endloop
 endfacet
 facet normal  7.191280e-01  6.948776e-01  0.000000e+00
   outer loop
     vertex  5.063238e+01  5.536258e+00  1.220000e+01
     vertex  5.063238e+01  5.536258e+00  1.040000e+01
     vertex  5.061713e+01  5.552042e+00  1.040000e+01
   endloop
 endfacet
 facet normal  6.997940e-01  7.143447e-01  0.000000e+00
   outer loop
     vertex  5.063238e+01  5.536258e+00  1.220000e+01
     vertex  5.064806e+01  5.520898e+00  1.040000e+01
     vertex  5.063238e+01  5.536258e+00  1.040000e+01
   endloop
 endfacet
 facet normal  6.997940e-01  7.143447e-01  0.000000e+00
   outer loop
     vertex  5.064806e+01  5.520898e+00  1.220000e+01
     vertex  5.064806e+01  5.520898e+00  1.040000e+01
     vertex  5.063238e+01  5.536258e+00  1.220000e+01
   endloop
 endfacet
 facet normal  6.799333e-01  7.332740e-01 -3.034306e-19
   outer loop
     vertex  5.066415e+01  5.505974e+00  1.220000e+01
     vertex  5.064806e+01  5.520898e+00  1.040000e+01
     vertex  5.064806e+01  5.520898e+00  1.220000e+01
   endloop
 endfacet
 facet normal  6.799333e-01  7.332740e-01  0.000000e+00
   outer loop
     vertex  5.066415e+01  5.505974e+00  1.220000e+01
     vertex  5.066415e+01  5.505974e+00  1.040000e+01
     vertex  5.064806e+01  5.520898e+00  1.040000e+01
   endloop
 endfacet
 facet normal  6.595607e-01  7.516513e-01 -2.841838e-19
   outer loop
     vertex  5.068065e+01  5.491497e+00  1.220000e+01
     vertex  5.066415e+01  5.505974e+00  1.040000e+01
     vertex  5.066415e+01  5.505974e+00  1.220000e+01
   endloop
 endfacet
 facet normal  6.595607e-01  7.516513e-01  0.000000e+00
   outer loop
     vertex  5.068065e+01  5.491497e+00  1.220000e+01
     vertex  5.068065e+01  5.491497e+00  1.040000e+01
     vertex  5.066415e+01  5.505974e+00  1.040000e+01
   endloop
 endfacet
 facet normal  6.386916e-01  7.694628e-01 -1.070646e-20
   outer loop
     vertex  5.069754e+01  5.477478e+00  1.220000e+01
     vertex  5.068065e+01  5.491497e+00  1.040000e+01
     vertex  5.068065e+01  5.491497e+00  1.220000e+01
   endloop
 endfacet
 facet normal  6.386916e-01  7.694628e-01  0.000000e+00
   outer loop
     vertex  5.069754e+01  5.477478e+00  1.220000e+01
     vertex  5.069754e+01  5.477478e+00  1.040000e+01
     vertex  5.068065e+01  5.491497e+00  1.040000e+01
   endloop
 endfacet
 facet normal  6.173417e-01  7.866951e-01  3.184430e-20
   outer loop
     vertex  5.071481e+01  5.463928e+00  1.220000e+01
     vertex  5.069754e+01  5.477478e+00  1.040000e+01
     vertex  5.069754e+01  5.477478e+00  1.220000e+01
   endloop
 endfacet
 facet normal  6.173417e-01  7.866951e-01  0.000000e+00
   outer loop
     vertex  5.071481e+01  5.463928e+00  1.220000e+01
     vertex  5.071481e+01  5.463928e+00  1.040000e+01
     vertex  5.069754e+01  5.477478e+00  1.040000e+01
   endloop
 endfacet
 facet normal  5.955271e-01  8.033352e-01  0.000000e+00
   outer loop
     vertex  5.071481e+01  5.463928e+00  1.220000e+01
     vertex  5.073244e+01  5.450857e+00  1.040000e+01
     vertex  5.071481e+01  5.463928e+00  1.040000e+01
   endloop
 endfacet
 facet normal  5.955271e-01  8.033352e-01  0.000000e+00
   outer loop
     vertex  5.073244e+01  5.450857e+00  1.220000e+01
     vertex  5.073244e+01  5.450857e+00  1.040000e+01
     vertex  5.071481e+01  5.463928e+00  1.220000e+01
   endloop
 endfacet
 facet normal  5.732642e-01  8.193706e-01  3.562841e-21
   outer loop
     vertex  5.075042e+01  5.438274e+00  1.220000e+01
     vertex  5.073244e+01  5.450857e+00  1.040000e+01
     vertex  5.073244e+01  5.450857e+00  1.220000e+01
   endloop
 endfacet
 facet normal  5.732642e-01  8.193706e-01  0.000000e+00
   outer loop
     vertex  5.075042e+01  5.438274e+00  1.220000e+01
     vertex  5.075042e+01  5.438274e+00  1.040000e+01
     vertex  5.073244e+01  5.450857e+00  1.040000e+01
   endloop
 endfacet
 facet normal  5.505698e-01  8.347891e-01  0.000000e+00
   outer loop
     vertex  5.075042e+01  5.438274e+00  1.220000e+01
     vertex  5.076875e+01  5.426189e+00  1.040000e+01
     vertex  5.075042e+01  5.438274e+00  1.040000e+01
   endloop
 endfacet
 facet normal  5.505698e-01  8.347891e-01  0.000000e+00
   outer loop
     vertex  5.076875e+01  5.426189e+00  1.220000e+01
     vertex  5.076875e+01  5.426189e+00  1.040000e+01
     vertex  5.075042e+01  5.438274e+00  1.220000e+01
   endloop
 endfacet
 facet normal  5.274609e-01  8.495793e-01  2.234193e-19
   outer loop
     vertex  5.078739e+01  5.414612e+00  1.220000e+01
     vertex  5.076875e+01  5.426189e+00  1.040000e+01
     vertex  5.076875e+01  5.426189e+00  1.220000e+01
   endloop
 endfacet
 facet normal  5.274609e-01  8.495793e-01  0.000000e+00
   outer loop
     vertex  5.078739e+01  5.414612e+00  1.220000e+01
     vertex  5.078739e+01  5.414612e+00  1.040000e+01
     vertex  5.076875e+01  5.426189e+00  1.040000e+01
   endloop
 endfacet
 facet normal  5.039550e-01  8.637299e-01  5.744257e-20
   outer loop
     vertex  5.080635e+01  5.403550e+00  1.220000e+01
     vertex  5.078739e+01  5.414612e+00  1.040000e+01
     vertex  5.078739e+01  5.414612e+00  1.220000e+01
   endloop
 endfacet
 facet normal  5.039550e-01  8.637299e-01  0.000000e+00
   outer loop
     vertex  5.080635e+01  5.403550e+00  1.220000e+01
     vertex  5.080635e+01  5.403550e+00  1.040000e+01
     vertex  5.078739e+01  5.414612e+00  1.040000e+01
   endloop
 endfacet
 facet normal  4.800697e-01  8.772303e-01  0.000000e+00
   outer loop
     vertex  5.080635e+01  5.403550e+00  1.220000e+01
     vertex  5.082561e+01  5.393013e+00  1.040000e+01
     vertex  5.080635e+01  5.403550e+00  1.040000e+01
   endloop
 endfacet
 facet normal  4.800697e-01  8.772303e-01  0.000000e+00
   outer loop
     vertex  5.082561e+01  5.393013e+00  1.220000e+01
     vertex  5.082561e+01  5.393013e+00  1.040000e+01
     vertex  5.080635e+01  5.403550e+00  1.220000e+01
   endloop
 endfacet
 facet normal  4.558231e-01  8.900704e-01 -9.795974e-20
   outer loop
     vertex  5.084514e+01  5.383008e+00  1.220000e+01
     vertex  5.082561e+01  5.393013e+00  1.040000e+01
     vertex  5.082561e+01  5.393013e+00  1.220000e+01
   endloop
 endfacet
 facet normal  4.558231e-01  8.900704e-01  0.000000e+00
   outer loop
     vertex  5.084514e+01  5.383008e+00  1.220000e+01
     vertex  5.084514e+01  5.383008e+00  1.040000e+01
     vertex  5.082561e+01  5.393013e+00  1.040000e+01
   endloop
 endfacet
 facet normal  4.312333e-01  9.022405e-01  0.000000e+00
   outer loop
     vertex  5.084514e+01  5.383008e+00  1.220000e+01
     vertex  5.086495e+01  5.373543e+00  1.040000e+01
     vertex  5.084514e+01  5.383008e+00  1.040000e+01
   endloop
 endfacet
 facet normal  4.312333e-01  9.022405e-01  0.000000e+00
   outer loop
     vertex  5.086495e+01  5.373543e+00  1.220000e+01
     vertex  5.086495e+01  5.373543e+00  1.040000e+01
     vertex  5.084514e+01  5.383008e+00  1.220000e+01
   endloop
 endfacet
 facet normal  4.063188e-01  9.137314e-01 -2.751958e-20
   outer loop
     vertex  5.088500e+01  5.364624e+00  1.220000e+01
     vertex  5.086495e+01  5.373543e+00  1.040000e+01
     vertex  5.086495e+01  5.373543e+00  1.220000e+01
   endloop
 endfacet
 facet normal  4.063188e-01  9.137314e-01  0.000000e+00
   outer loop
     vertex  5.088500e+01  5.364624e+00  1.220000e+01
     vertex  5.088500e+01  5.364624e+00  1.040000e+01
     vertex  5.086495e+01  5.373543e+00  1.040000e+01
   endloop
 endfacet
 facet normal  3.810986e-01  9.245344e-01  0.000000e+00
   outer loop
     vertex  5.090530e+01  5.356260e+00  1.220000e+01
     vertex  5.090530e+01  5.356260e+00  1.040000e+01
     vertex  5.088500e+01  5.364624e+00  1.040000e+01
   endloop
 endfacet
 facet normal  3.810986e-01  9.245344e-01  2.710314e-20
   outer loop
     vertex  5.090530e+01  5.356260e+00  1.220000e+01
     vertex  5.088500e+01  5.364624e+00  1.040000e+01
     vertex  5.088500e+01  5.364624e+00  1.220000e+01
   endloop
 endfacet
 facet normal  3.555914e-01  9.346415e-01  0.000000e+00
   outer loop
     vertex  5.090530e+01  5.356260e+00  1.220000e+01
     vertex  5.092581e+01  5.348455e+00  1.040000e+01
     vertex  5.090530e+01  5.356260e+00  1.040000e+01
   endloop
 endfacet
 facet normal  3.298166e-01  9.440450e-01  0.000000e+00
   outer loop
     vertex  5.092581e+01  5.348455e+00  1.220000e+01
     vertex  5.094653e+01  5.341215e+00  1.040000e+01
     vertex  5.092581e+01  5.348455e+00  1.040000e+01
   endloop
 endfacet
 facet normal  3.555914e-01  9.346415e-01  0.000000e+00
   outer loop
     vertex  5.092581e+01  5.348455e+00  1.220000e+01
     vertex  5.092581e+01  5.348455e+00  1.040000e+01
     vertex  5.090530e+01  5.356260e+00  1.220000e+01
   endloop
 endfacet
 facet normal  3.298166e-01  9.440450e-01  0.000000e+00
   outer loop
     vertex  5.094653e+01  5.341215e+00  1.220000e+01
     vertex  5.094653e+01  5.341215e+00  1.040000e+01
     vertex  5.092581e+01  5.348455e+00  1.220000e+01
   endloop
 endfacet
 facet normal  3.037934e-01  9.527379e-01  0.000000e+00
   outer loop
     vertex  5.096744e+01  5.334547e+00  1.220000e+01
     vertex  5.096744e+01  5.334547e+00  1.040000e+01
     vertex  5.094653e+01  5.341215e+00  1.040000e+01
   endloop
 endfacet
 facet normal  3.037934e-01  9.527379e-01  1.463748e-19
   outer loop
     vertex  5.096744e+01  5.334547e+00  1.220000e+01
     vertex  5.094653e+01  5.341215e+00  1.040000e+01
     vertex  5.094653e+01  5.341215e+00  1.220000e+01
   endloop
 endfacet
 facet normal  2.775416e-01  9.607136e-01  2.830213e-19
   outer loop
     vertex  5.098853e+01  5.328456e+00  1.220000e+01
     vertex  5.096744e+01  5.334547e+00  1.040000e+01
     vertex  5.096744e+01  5.334547e+00  1.220000e+01
   endloop
 endfacet
 facet normal  2.775416e-01  9.607136e-01  0.000000e+00
   outer loop
     vertex  5.098853e+01  5.328456e+00  1.220000e+01
     vertex  5.098853e+01  5.328456e+00  1.040000e+01
     vertex  5.096744e+01  5.334547e+00  1.040000e+01
   endloop
 endfacet
 facet normal  2.510809e-01  9.679661e-01  4.586794e-20
   outer loop
     vertex  5.100978e+01  5.322944e+00  1.220000e+01
     vertex  5.098853e+01  5.328456e+00  1.040000e+01
     vertex  5.098853e+01  5.328456e+00  1.220000e+01
   endloop
 endfacet
 facet normal  2.510809e-01  9.679661e-01  0.000000e+00
   outer loop
     vertex  5.100978e+01  5.322944e+00  1.220000e+01
     vertex  5.100978e+01  5.322944e+00  1.040000e+01
     vertex  5.098853e+01  5.328456e+00  1.040000e+01
   endloop
 endfacet
 facet normal  2.244312e-01  9.744899e-01 -1.562946e-19
   outer loop
     vertex  5.103117e+01  5.318018e+00  1.220000e+01
     vertex  5.100978e+01  5.322944e+00  1.040000e+01
     vertex  5.100978e+01  5.322944e+00  1.220000e+01
   endloop
 endfacet
 facet normal  2.244312e-01  9.744899e-01  0.000000e+00
   outer loop
     vertex  5.103117e+01  5.318018e+00  1.220000e+01
     vertex  5.103117e+01  5.318018e+00  1.040000e+01
     vertex  5.100978e+01  5.322944e+00  1.040000e+01
   endloop
 endfacet
 facet normal  1.976125e-01  9.802802e-01 -1.827026e-20
   outer loop
     vertex  5.105268e+01  5.313681e+00  1.220000e+01
     vertex  5.103117e+01  5.318018e+00  1.040000e+01
     vertex  5.103117e+01  5.318018e+00  1.220000e+01
   endloop
 endfacet
 facet normal  1.976125e-01  9.802802e-01  0.000000e+00
   outer loop
     vertex  5.105268e+01  5.313681e+00  1.220000e+01
     vertex  5.105268e+01  5.313681e+00  1.040000e+01
     vertex  5.103117e+01  5.318018e+00  1.040000e+01
   endloop
 endfacet
 facet normal  1.706451e-01  9.853326e-01  5.204744e-20
   outer loop
     vertex  5.107431e+01  5.309935e+00  1.220000e+01
     vertex  5.105268e+01  5.313681e+00  1.040000e+01
     vertex  5.105268e+01  5.313681e+00  1.220000e+01
   endloop
 endfacet
 facet normal  1.706451e-01  9.853326e-01  0.000000e+00
   outer loop
     vertex  5.107431e+01  5.309935e+00  1.220000e+01
     vertex  5.107431e+01  5.309935e+00  1.040000e+01
     vertex  5.105268e+01  5.313681e+00  1.040000e+01
   endloop
 endfacet
 facet normal  1.435492e-01  9.896432e-01 -1.183995e-19
   outer loop
     vertex  5.109603e+01  5.306785e+00  1.220000e+01
     vertex  5.107431e+01  5.309935e+00  1.040000e+01
     vertex  5.107431e+01  5.309935e+00  1.220000e+01
   endloop
 endfacet
 facet normal  1.435492e-01  9.896432e-01  0.000000e+00
   outer loop
     vertex  5.109603e+01  5.306785e+00  1.220000e+01
     vertex  5.109603e+01  5.306785e+00  1.040000e+01
     vertex  5.107431e+01  5.309935e+00  1.040000e+01
   endloop
 endfacet
 facet normal  1.163452e-01  9.932088e-01  0.000000e+00
   outer loop
     vertex  5.109603e+01  5.306785e+00  1.220000e+01
     vertex  5.111783e+01  5.304231e+00  1.040000e+01
     vertex  5.109603e+01  5.306785e+00  1.040000e+01
   endloop
 endfacet
 facet normal  1.163452e-01  9.932088e-01  0.000000e+00
   outer loop
     vertex  5.111783e+01  5.304231e+00  1.220000e+01
     vertex  5.111783e+01  5.304231e+00  1.040000e+01
     vertex  5.109603e+01  5.306785e+00  1.220000e+01
   endloop
 endfacet
 facet normal  8.905371e-02  9.960268e-01 -6.300453e-20
   outer loop
     vertex  5.113969e+01  5.302276e+00  1.220000e+01
     vertex  5.111783e+01  5.304231e+00  1.040000e+01
     vertex  5.111783e+01  5.304231e+00  1.220000e+01
   endloop
 endfacet
 facet normal  8.905371e-02  9.960268e-01  0.000000e+00
   outer loop
     vertex  5.113969e+01  5.302276e+00  1.220000e+01
     vertex  5.113969e+01  5.302276e+00  1.040000e+01
     vertex  5.111783e+01  5.304231e+00  1.040000e+01
   endloop
 endfacet
 facet normal  6.169515e-02  9.980950e-01  0.000000e+00
   outer loop
     vertex  5.113969e+01  5.302276e+00  1.220000e+01
     vertex  5.116160e+01  5.300922e+00  1.040000e+01
     vertex  5.113969e+01  5.302276e+00  1.040000e+01
   endloop
 endfacet
 facet normal  6.169515e-02  9.980950e-01  0.000000e+00
   outer loop
     vertex  5.116160e+01  5.300922e+00  1.220000e+01
     vertex  5.116160e+01  5.300922e+00  1.040000e+01
     vertex  5.113969e+01  5.302276e+00  1.220000e+01
   endloop
 endfacet
 facet normal  3.429014e-02  9.994119e-01  3.306806e-20
   outer loop
     vertex  5.118354e+01  5.300169e+00  1.220000e+01
     vertex  5.116160e+01  5.300922e+00  1.040000e+01
     vertex  5.116160e+01  5.300922e+00  1.220000e+01
   endloop
 endfacet
 facet normal  3.429014e-02  9.994119e-01  0.000000e+00
   outer loop
     vertex  5.118354e+01  5.300169e+00  1.220000e+01
     vertex  5.118354e+01  5.300169e+00  1.040000e+01
     vertex  5.116160e+01  5.300922e+00  1.040000e+01
   endloop
 endfacet
 facet normal  6.859319e-03  9.999765e-01  0.000000e+00
   outer loop
     vertex  5.118354e+01  5.300169e+00  1.220000e+01
     vertex  5.120549e+01  5.300019e+00  1.040000e+01
     vertex  5.118354e+01  5.300169e+00  1.040000e+01
   endloop
 endfacet
 facet normal  6.859319e-03  9.999765e-01  0.000000e+00
   outer loop
     vertex  5.120549e+01  5.300019e+00  1.220000e+01
     vertex  5.120549e+01  5.300019e+00  1.040000e+01
     vertex  5.118354e+01  5.300169e+00  1.220000e+01
   endloop
 endfacet
 facet normal -2.057667e-02  9.997883e-01  7.496393e-23
   outer loop
     vertex  5.122743e+01  5.300470e+00  1.220000e+01
     vertex  5.120549e+01  5.300019e+00  1.040000e+01
     vertex  5.120549e+01  5.300019e+00  1.220000e+01
   endloop
 endfacet
 facet normal -2.057667e-02  9.997883e-01  0.000000e+00
   outer loop
     vertex  5.122743e+01  5.300470e+00  1.220000e+01
     vertex  5.122743e+01  5.300470e+00  1.040000e+01
     vertex  5.120549e+01  5.300019e+00  1.040000e+01
   endloop
 endfacet
 facet normal -4.799716e-02  9.988475e-01  0.000000e+00
   outer loop
     vertex  5.124936e+01  5.301524e+00  1.220000e+01
     vertex  5.124936e+01  5.301524e+00  1.040000e+01
     vertex  5.122743e+01  5.300470e+00  1.040000e+01
   endloop
 endfacet
 facet normal -4.799716e-02  9.988475e-01 -3.219975e-20
   outer loop
     vertex  5.124936e+01  5.301524e+00  1.220000e+01
     vertex  5.122743e+01  5.300470e+00  1.040000e+01
     vertex  5.122743e+01  5.300470e+00  1.220000e+01
   endloop
 endfacet
 facet normal -7.538152e-02  9.971548e-01  0.000000e+00
   outer loop
     vertex  5.127124e+01  5.303179e+00  1.220000e+01
     vertex  5.127124e+01  5.303179e+00  1.040000e+01
     vertex  5.124936e+01  5.301524e+00  1.040000e+01
   endloop
 endfacet
 facet normal -7.538152e-02  9.971548e-01  1.629082e-20
   outer loop
     vertex  5.127124e+01  5.303179e+00  1.220000e+01
     vertex  5.124936e+01  5.301524e+00  1.040000e+01
     vertex  5.124936e+01  5.301524e+00  1.220000e+01
   endloop
 endfacet
 facet normal -1.027091e-01  9.947114e-01  0.000000e+00
   outer loop
     vertex  5.129308e+01  5.305433e+00  1.220000e+01
     vertex  5.129308e+01  5.305433e+00  1.040000e+01
     vertex  5.127124e+01  5.303179e+00  1.040000e+01
   endloop
 endfacet
 facet normal -1.027091e-01  9.947114e-01  1.672996e-20
   outer loop
     vertex  5.129308e+01  5.305433e+00  1.220000e+01
     vertex  5.127124e+01  5.303179e+00  1.040000e+01
     vertex  5.127124e+01  5.303179e+00  1.220000e+01
   endloop
 endfacet
 facet normal -1.299594e-01  9.915193e-01  0.000000e+00
   outer loop
     vertex  5.131484e+01  5.308285e+00  1.220000e+01
     vertex  5.131484e+01  5.308285e+00  1.040000e+01
     vertex  5.129308e+01  5.305433e+00  1.040000e+01
   endloop
 endfacet
 facet normal -1.571119e-01  9.875808e-01  0.000000e+00
   outer loop
     vertex  5.131484e+01  5.308285e+00  1.220000e+01
     vertex  5.133652e+01  5.311734e+00  1.040000e+01
     vertex  5.131484e+01  5.308285e+00  1.040000e+01
   endloop
 endfacet
 facet normal -1.299594e-01  9.915193e-01  1.070555e-19
   outer loop
     vertex  5.131484e+01  5.308285e+00  1.220000e+01
     vertex  5.129308e+01  5.305433e+00  1.040000e+01
     vertex  5.129308e+01  5.305433e+00  1.220000e+01
   endloop
 endfacet
 facet normal -1.571119e-01  9.875808e-01  0.000000e+00
   outer loop
     vertex  5.133652e+01  5.311734e+00  1.220000e+01
     vertex  5.133652e+01  5.311734e+00  1.040000e+01
     vertex  5.131484e+01  5.308285e+00  1.220000e+01
   endloop
 endfacet
 facet normal -1.841461e-01  9.828989e-01  0.000000e+00
   outer loop
     vertex  5.135809e+01  5.315776e+00  1.220000e+01
     vertex  5.135809e+01  5.315776e+00  1.040000e+01
     vertex  5.133652e+01  5.311734e+00  1.040000e+01
   endloop
 endfacet
 facet normal -2.110417e-01  9.774771e-01  0.000000e+00
   outer loop
     vertex  5.135809e+01  5.315776e+00  1.220000e+01
     vertex  5.137954e+01  5.320408e+00  1.040000e+01
     vertex  5.135809e+01  5.315776e+00  1.040000e+01
   endloop
 endfacet
 facet normal -1.841461e-01  9.828989e-01  1.417133e-19
   outer loop
     vertex  5.135809e+01  5.315776e+00  1.220000e+01
     vertex  5.133652e+01  5.311734e+00  1.040000e+01
     vertex  5.133652e+01  5.311734e+00  1.220000e+01
   endloop
 endfacet
 facet normal -2.110417e-01  9.774771e-01  0.000000e+00
   outer loop
     vertex  5.137954e+01  5.320408e+00  1.220000e+01
     vertex  5.137954e+01  5.320408e+00  1.040000e+01
     vertex  5.135809e+01  5.315776e+00  1.220000e+01
   endloop
 endfacet
 facet normal -2.377784e-01  9.713194e-01  0.000000e+00
   outer loop
     vertex  5.140086e+01  5.325627e+00  1.220000e+01
     vertex  5.140086e+01  5.325627e+00  1.040000e+01
     vertex  5.137954e+01  5.320408e+00  1.040000e+01
   endloop
 endfacet
 facet normal -2.643362e-01  9.644306e-01  0.000000e+00
   outer loop
     vertex  5.140086e+01  5.325627e+00  1.220000e+01
     vertex  5.142203e+01  5.331429e+00  1.040000e+01
     vertex  5.140086e+01  5.325627e+00  1.040000e+01
   endloop
 endfacet
 facet normal -2.377784e-01  9.713194e-01  1.211459e-19
   outer loop
     vertex  5.140086e+01  5.325627e+00  1.220000e+01
     vertex  5.137954e+01  5.320408e+00  1.040000e+01
     vertex  5.137954e+01  5.320408e+00  1.220000e+01
   endloop
 endfacet
 facet normal -2.906949e-01  9.568158e-01  0.000000e+00
   outer loop
     vertex  5.142203e+01  5.331429e+00  1.220000e+01
     vertex  5.144303e+01  5.337810e+00  1.040000e+01
     vertex  5.142203e+01  5.331429e+00  1.040000e+01
   endloop
 endfacet
 facet normal -2.643362e-01  9.644306e-01  0.000000e+00
   outer loop
     vertex  5.142203e+01  5.331429e+00  1.220000e+01
     vertex  5.142203e+01  5.331429e+00  1.040000e+01
     vertex  5.140086e+01  5.325627e+00  1.220000e+01
   endloop
 endfacet
 facet normal -2.906949e-01  9.568158e-01  0.000000e+00
   outer loop
     vertex  5.144303e+01  5.337810e+00  1.220000e+01
     vertex  5.144303e+01  5.337810e+00  1.040000e+01
     vertex  5.142203e+01  5.331429e+00  1.220000e+01
   endloop
 endfacet
 facet normal -3.168348e-01  9.484807e-01  0.000000e+00
   outer loop
     vertex  5.146385e+01  5.344764e+00  1.220000e+01
     vertex  5.146385e+01  5.344764e+00  1.040000e+01
     vertex  5.144303e+01  5.337810e+00  1.040000e+01
   endloop
 endfacet
 facet normal -3.168348e-01  9.484807e-01 -1.094182e-19
   outer loop
     vertex  5.146385e+01  5.344764e+00  1.220000e+01
     vertex  5.144303e+01  5.337810e+00  1.040000e+01
     vertex  5.144303e+01  5.337810e+00  1.220000e+01
   endloop
 endfacet
 facet normal -3.427362e-01  9.394317e-01  0.000000e+00
   outer loop
     vertex  5.148447e+01  5.352287e+00  1.220000e+01
     vertex  5.148447e+01  5.352287e+00  1.040000e+01
     vertex  5.146385e+01  5.344764e+00  1.040000e+01
   endloop
 endfacet
 facet normal -3.683796e-01  9.296754e-01  0.000000e+00
   outer loop
     vertex  5.148447e+01  5.352287e+00  1.220000e+01
     vertex  5.150488e+01  5.360372e+00  1.040000e+01
     vertex  5.148447e+01  5.352287e+00  1.040000e+01
   endloop
 endfacet
 facet normal -3.427362e-01  9.394317e-01  2.002348e-19
   outer loop
     vertex  5.148447e+01  5.352287e+00  1.220000e+01
     vertex  5.146385e+01  5.344764e+00  1.040000e+01
     vertex  5.146385e+01  5.344764e+00  1.220000e+01
   endloop
 endfacet
 facet normal -3.683796e-01  9.296754e-01  0.000000e+00
   outer loop
     vertex  5.150488e+01  5.360372e+00  1.220000e+01
     vertex  5.150488e+01  5.360372e+00  1.040000e+01
     vertex  5.148447e+01  5.352287e+00  1.220000e+01
   endloop
 endfacet
 facet normal -3.937458e-01  9.192194e-01 -1.286796e-19
   outer loop
     vertex  5.152506e+01  5.369015e+00  1.220000e+01
     vertex  5.150488e+01  5.360372e+00  1.040000e+01
     vertex  5.150488e+01  5.360372e+00  1.220000e+01
   endloop
 endfacet
 facet normal -3.937458e-01  9.192194e-01  0.000000e+00
   outer loop
     vertex  5.152506e+01  5.369015e+00  1.220000e+01
     vertex  5.152506e+01  5.369015e+00  1.040000e+01
     vertex  5.150488e+01  5.360372e+00  1.040000e+01
   endloop
 endfacet
 facet normal -4.188155e-01  9.080714e-01 -1.255291e-20
   outer loop
     vertex  5.154499e+01  5.378208e+00  1.220000e+01
     vertex  5.152506e+01  5.369015e+00  1.040000e+01
     vertex  5.152506e+01  5.369015e+00  1.220000e+01
   endloop
 endfacet
 facet normal -4.188155e-01  9.080714e-01  0.000000e+00
   outer loop
     vertex  5.154499e+01  5.378208e+00  1.220000e+01
     vertex  5.154499e+01  5.378208e+00  1.040000e+01
     vertex  5.152506e+01  5.369015e+00  1.040000e+01
   endloop
 endfacet
 facet normal -4.435699e-01  8.962398e-01  0.000000e+00
   outer loop
     vertex  5.154499e+01  5.378208e+00  1.220000e+01
     vertex  5.156466e+01  5.387944e+00  1.040000e+01
     vertex  5.154499e+01  5.378208e+00  1.040000e+01
   endloop
 endfacet
 facet normal -4.435699e-01  8.962398e-01  0.000000e+00
   outer loop
     vertex  5.156466e+01  5.387944e+00  1.220000e+01
     vertex  5.156466e+01  5.387944e+00  1.040000e+01
     vertex  5.154499e+01  5.378208e+00  1.220000e+01
   endloop
 endfacet
 facet normal -4.679904e-01  8.837335e-01  1.372852e-19
   outer loop
     vertex  5.158406e+01  5.398216e+00  1.220000e+01
     vertex  5.156466e+01  5.387944e+00  1.040000e+01
     vertex  5.156466e+01  5.387944e+00  1.220000e+01
   endloop
 endfacet
 facet normal -4.679904e-01  8.837335e-01  0.000000e+00
   outer loop
     vertex  5.158406e+01  5.398216e+00  1.220000e+01
     vertex  5.158406e+01  5.398216e+00  1.040000e+01
     vertex  5.156466e+01  5.387944e+00  1.040000e+01
   endloop
 endfacet
 facet normal -4.920587e-01  8.705620e-01  0.000000e+00
   outer loop
     vertex  5.158406e+01  5.398216e+00  1.220000e+01
     vertex  5.160316e+01  5.409016e+00  1.040000e+01
     vertex  5.158406e+01  5.398216e+00  1.040000e+01
   endloop
 endfacet
 facet normal -4.920587e-01  8.705620e-01  0.000000e+00
   outer loop
     vertex  5.160316e+01  5.409016e+00  1.220000e+01
     vertex  5.160316e+01  5.409016e+00  1.040000e+01
     vertex  5.158406e+01  5.398216e+00  1.220000e+01
   endloop
 endfacet
 facet normal -5.157565e-01  8.567352e-01  0.000000e+00
   outer loop
     vertex  5.162197e+01  5.420337e+00  1.220000e+01
     vertex  5.162197e+01  5.420337e+00  1.040000e+01
     vertex  5.160316e+01  5.409016e+00  1.040000e+01
   endloop
 endfacet
 facet normal -5.157565e-01  8.567352e-01  2.066322e-19
   outer loop
     vertex  5.162197e+01  5.420337e+00  1.220000e+01
     vertex  5.160316e+01  5.409016e+00  1.040000e+01
     vertex  5.160316e+01  5.409016e+00  1.220000e+01
   endloop
 endfacet
 facet normal -5.390661e-01  8.422635e-01  0.000000e+00
   outer loop
     vertex  5.164046e+01  5.432169e+00  1.220000e+01
     vertex  5.164046e+01  5.432169e+00  1.040000e+01
     vertex  5.162197e+01  5.420337e+00  1.040000e+01
   endloop
 endfacet
 facet normal -5.390661e-01  8.422635e-01  2.044125e-19
   outer loop
     vertex  5.164046e+01  5.432169e+00  1.220000e+01
     vertex  5.162197e+01  5.420337e+00  1.040000e+01
     vertex  5.162197e+01  5.420337e+00  1.220000e+01
   endloop
 endfacet
 facet normal -5.619699e-01  8.271577e-01  0.000000e+00
   outer loop
     vertex  5.165861e+01  5.444504e+00  1.220000e+01
     vertex  5.165861e+01  5.444504e+00  1.040000e+01
     vertex  5.164046e+01  5.432169e+00  1.040000e+01
   endloop
 endfacet
 facet normal -5.619699e-01  8.271577e-01 -1.680477e-19
   outer loop
     vertex  5.165861e+01  5.444504e+00  1.220000e+01
     vertex  5.164046e+01  5.432169e+00  1.040000e+01
     vertex  5.164046e+01  5.432169e+00  1.220000e+01
   endloop
 endfacet
 facet normal -5.844507e-01  8.114292e-01  0.000000e+00
   outer loop
     vertex  5.167642e+01  5.457332e+00  1.220000e+01
     vertex  5.167642e+01  5.457332e+00  1.040000e+01
     vertex  5.165861e+01  5.444504e+00  1.040000e+01
   endloop
 endfacet
 facet normal -6.064915e-01  7.950900e-01  0.000000e+00
   outer loop
     vertex  5.167642e+01  5.457332e+00  1.220000e+01
     vertex  5.169387e+01  5.470644e+00  1.040000e+01
     vertex  5.167642e+01  5.457332e+00  1.040000e+01
   endloop
 endfacet
 facet normal -5.844507e-01  8.114292e-01 -1.448306e-19
   outer loop
     vertex  5.167642e+01  5.457332e+00  1.220000e+01
     vertex  5.165861e+01  5.444504e+00  1.040000e+01
     vertex  5.165861e+01  5.444504e+00  1.220000e+01
   endloop
 endfacet
 facet normal -6.064915e-01  7.950900e-01  0.000000e+00
   outer loop
     vertex  5.169387e+01  5.470644e+00  1.220000e+01
     vertex  5.169387e+01  5.470644e+00  1.040000e+01
     vertex  5.167642e+01  5.457332e+00  1.220000e+01
   endloop
 endfacet
 facet normal -6.280757e-01  7.781522e-01  0.000000e+00
   outer loop
     vertex  5.171095e+01  5.484430e+00  1.220000e+01
     vertex  5.171095e+01  5.484430e+00  1.040000e+01
     vertex  5.169387e+01  5.470644e+00  1.040000e+01
   endloop
 endfacet
 facet normal -6.491872e-01  7.606287e-01  0.000000e+00
   outer loop
     vertex  5.171095e+01  5.484430e+00  1.220000e+01
     vertex  5.172765e+01  5.498679e+00  1.040000e+01
     vertex  5.171095e+01  5.484430e+00  1.040000e+01
   endloop
 endfacet
 facet normal -6.280757e-01  7.781522e-01  1.131484e-19
   outer loop
     vertex  5.171095e+01  5.484430e+00  1.220000e+01
     vertex  5.169387e+01  5.470644e+00  1.040000e+01
     vertex  5.169387e+01  5.470644e+00  1.220000e+01
   endloop
 endfacet
 facet normal -6.491872e-01  7.606287e-01  0.000000e+00
   outer loop
     vertex  5.172765e+01  5.498679e+00  1.220000e+01
     vertex  5.172765e+01  5.498679e+00  1.040000e+01
     vertex  5.171095e+01  5.484430e+00  1.220000e+01
   endloop
 endfacet
 facet normal -6.698100e-01  7.425325e-01  0.000000e+00
   outer loop
     vertex  5.174395e+01  5.513381e+00  1.220000e+01
     vertex  5.174395e+01  5.513381e+00  1.040000e+01
     vertex  5.172765e+01  5.498679e+00  1.040000e+01
   endloop
 endfacet
 facet normal -6.698100e-01  7.425325e-01  2.999839e-19
   outer loop
     vertex  5.174395e+01  5.513381e+00  1.220000e+01
     vertex  5.172765e+01  5.498679e+00  1.040000e+01
     vertex  5.172765e+01  5.498679e+00  1.220000e+01
   endloop
 endfacet
 facet normal -6.899286e-01  7.238775e-01  0.000000e+00
   outer loop
     vertex  5.175984e+01  5.528524e+00  1.220000e+01
     vertex  5.175984e+01  5.528524e+00  1.040000e+01
     vertex  5.174395e+01  5.513381e+00  1.040000e+01
   endloop
 endfacet
 facet normal -6.899286e-01  7.238775e-01 -1.486193e-19
   outer loop
     vertex  5.175984e+01  5.528524e+00  1.220000e+01
     vertex  5.174395e+01  5.513381e+00  1.040000e+01
     vertex  5.174395e+01  5.513381e+00  1.220000e+01
   endloop
 endfacet
 facet normal -7.095278e-01  7.046775e-01  0.000000e+00
   outer loop
     vertex  5.177530e+01  5.544098e+00  1.220000e+01
     vertex  5.177530e+01  5.544098e+00  1.040000e+01
     vertex  5.175984e+01  5.528524e+00  1.040000e+01
   endloop
 endfacet
 facet normal -7.095278e-01  7.046775e-01  1.455731e-19
   outer loop
     vertex  5.177530e+01  5.544098e+00  1.220000e+01
     vertex  5.175984e+01  5.528524e+00  1.040000e+01
     vertex  5.175984e+01  5.528524e+00  1.220000e+01
   endloop
 endfacet
 facet normal -7.285929e-01  6.849470e-01  0.000000e+00
   outer loop
     vertex  5.179034e+01  5.560090e+00  1.220000e+01
     vertex  5.179034e+01  5.560090e+00  1.040000e+01
     vertex  5.177530e+01  5.544098e+00  1.040000e+01
   endloop
 endfacet
 facet normal -7.471095e-01  6.647010e-01  0.000000e+00
   outer loop
     vertex  5.179034e+01  5.560090e+00  1.220000e+01
     vertex  5.180493e+01  5.576489e+00  1.040000e+01
     vertex  5.179034e+01  5.560090e+00  1.040000e+01
   endloop
 endfacet
 facet normal -7.285929e-01  6.849470e-01 -3.264595e-19
   outer loop
     vertex  5.179034e+01  5.560090e+00  1.220000e+01
     vertex  5.177530e+01  5.544098e+00  1.040000e+01
     vertex  5.177530e+01  5.544098e+00  1.220000e+01
   endloop
 endfacet
 facet normal -7.471095e-01  6.647010e-01  0.000000e+00
   outer loop
     vertex  5.180493e+01  5.576489e+00  1.220000e+01
     vertex  5.180493e+01  5.576489e+00  1.040000e+01
     vertex  5.179034e+01  5.560090e+00  1.220000e+01
   endloop
 endfacet
 facet normal -7.650637e-01  6.439545e-01  0.000000e+00
   outer loop
     vertex  5.181906e+01  5.593281e+00  1.220000e+01
     vertex  5.181906e+01  5.593281e+00  1.040000e+01
     vertex  5.180493e+01  5.576489e+00  1.040000e+01
   endloop
 endfacet
 facet normal -7.650637e-01  6.439545e-01 -6.307274e-20
   outer loop
     vertex  5.181906e+01  5.593281e+00  1.220000e+01
     vertex  5.180493e+01  5.576489e+00  1.040000e+01
     vertex  5.180493e+01  5.576489e+00  1.220000e+01
   endloop
 endfacet
 facet normal -7.824421e-01  6.227234e-01  0.000000e+00
   outer loop
     vertex  5.183273e+01  5.610455e+00  1.220000e+01
     vertex  5.183273e+01  5.610455e+00  1.040000e+01
     vertex  5.181906e+01  5.593281e+00  1.040000e+01
   endloop
 endfacet
 facet normal -7.824421e-01  6.227234e-01  3.313308e-19
   outer loop
     vertex  5.183273e+01  5.610455e+00  1.220000e+01
     vertex  5.181906e+01  5.593281e+00  1.040000e+01
     vertex  5.181906e+01  5.593281e+00  1.220000e+01
   endloop
 endfacet
 facet normal -7.992314e-01  6.010234e-01  0.000000e+00
   outer loop
     vertex  5.184592e+01  5.627998e+00  1.220000e+01
     vertex  5.184592e+01  5.627998e+00  1.040000e+01
     vertex  5.183273e+01  5.610455e+00  1.040000e+01
   endloop
 endfacet
 facet normal -7.992314e-01  6.010234e-01 -2.073965e-19
   outer loop
     vertex  5.184592e+01  5.627998e+00  1.220000e+01
     vertex  5.183273e+01  5.610455e+00  1.040000e+01
     vertex  5.183273e+01  5.610455e+00  1.220000e+01
   endloop
 endfacet
 facet normal -8.154191e-01  5.788711e-01  0.000000e+00
   outer loop
     vertex  5.185863e+01  5.645896e+00  1.220000e+01
     vertex  5.185863e+01  5.645896e+00  1.040000e+01
     vertex  5.184592e+01  5.627998e+00  1.040000e+01
   endloop
 endfacet
 facet normal -8.154191e-01  5.788711e-01 -2.466210e-19
   outer loop
     vertex  5.185863e+01  5.645896e+00  1.220000e+01
     vertex  5.184592e+01  5.627998e+00  1.040000e+01
     vertex  5.184592e+01  5.627998e+00  1.220000e+01
   endloop
 endfacet
 facet normal -8.309929e-01  5.562829e-01  0.000000e+00
   outer loop
     vertex  5.187084e+01  5.664135e+00  1.220000e+01
     vertex  5.187084e+01  5.664135e+00  1.040000e+01
     vertex  5.185863e+01  5.645896e+00  1.040000e+01
   endloop
 endfacet
 facet normal -8.459413e-01  5.332761e-01  0.000000e+00
   outer loop
     vertex  5.187084e+01  5.664135e+00  1.220000e+01
     vertex  5.188254e+01  5.682703e+00  1.040000e+01
     vertex  5.187084e+01  5.664135e+00  1.040000e+01
   endloop
 endfacet
 facet normal -8.309929e-01  5.562829e-01 -1.627535e-20
   outer loop
     vertex  5.187084e+01  5.664135e+00  1.220000e+01
     vertex  5.185863e+01  5.645896e+00  1.040000e+01
     vertex  5.185863e+01  5.645896e+00  1.220000e+01
   endloop
 endfacet
 facet normal -8.459413e-01  5.332761e-01  0.000000e+00
   outer loop
     vertex  5.188254e+01  5.682703e+00  1.220000e+01
     vertex  5.188254e+01  5.682703e+00  1.040000e+01
     vertex  5.187084e+01  5.664135e+00  1.220000e+01
   endloop
 endfacet
 facet normal -8.602528e-01  5.098678e-01  0.000000e+00
   outer loop
     vertex  5.189373e+01  5.701585e+00  1.220000e+01
     vertex  5.189373e+01  5.701585e+00  1.040000e+01
     vertex  5.188254e+01  5.682703e+00  1.040000e+01
   endloop
 endfacet
 facet normal -8.602528e-01  5.098678e-01 -2.999406e-20
   outer loop
     vertex  5.189373e+01  5.701585e+00  1.220000e+01
     vertex  5.188254e+01  5.682703e+00  1.040000e+01
     vertex  5.188254e+01  5.682703e+00  1.220000e+01
   endloop
 endfacet
 facet normal -8.739167e-01  4.860756e-01  0.000000e+00
   outer loop
     vertex  5.190440e+01  5.720767e+00  1.220000e+01
     vertex  5.190440e+01  5.720767e+00  1.040000e+01
     vertex  5.189373e+01  5.701585e+00  1.040000e+01
   endloop
 endfacet
 facet normal -8.739167e-01  4.860756e-01  3.344140e-19
   outer loop
     vertex  5.190440e+01  5.720767e+00  1.220000e+01
     vertex  5.189373e+01  5.701585e+00  1.040000e+01
     vertex  5.189373e+01  5.701585e+00  1.220000e+01
   endloop
 endfacet
 facet normal -8.869228e-01  4.619176e-01 -2.047483e-19
   outer loop
     vertex  5.191454e+01  5.740234e+00  1.220000e+01
     vertex  5.190440e+01  5.720767e+00  1.040000e+01
     vertex  5.190440e+01  5.720767e+00  1.220000e+01
   endloop
 endfacet
 facet normal -8.869228e-01  4.619176e-01  0.000000e+00
   outer loop
     vertex  5.191454e+01  5.740234e+00  1.220000e+01
     vertex  5.191454e+01  5.740234e+00  1.040000e+01
     vertex  5.190440e+01  5.720767e+00  1.040000e+01
   endloop
 endfacet
 facet normal -8.992613e-01  4.374119e-01 -1.155851e-19
   outer loop
     vertex  5.192414e+01  5.759973e+00  1.220000e+01
     vertex  5.191454e+01  5.740234e+00  1.040000e+01
     vertex  5.191454e+01  5.740234e+00  1.220000e+01
   endloop
 endfacet
 facet normal -8.992613e-01  4.374119e-01  0.000000e+00
   outer loop
     vertex  5.192414e+01  5.759973e+00  1.220000e+01
     vertex  5.192414e+01  5.759973e+00  1.040000e+01
     vertex  5.191454e+01  5.740234e+00  1.040000e+01
   endloop
 endfacet
 facet normal -9.109228e-01  4.125769e-01  0.000000e+00
   outer loop
     vertex  5.192414e+01  5.759973e+00  1.220000e+01
     vertex  5.193320e+01  5.779967e+00  1.040000e+01
     vertex  5.192414e+01  5.759973e+00  1.040000e+01
   endloop
 endfacet
 facet normal -9.109228e-01  4.125769e-01  0.000000e+00
   outer loop
     vertex  5.193320e+01  5.779967e+00  1.220000e+01
     vertex  5.193320e+01  5.779967e+00  1.040000e+01
     vertex  5.192414e+01  5.759973e+00  1.220000e+01
   endloop
 endfacet
 facet normal -9.218986e-01  3.874313e-01  3.108297e-20
   outer loop
     vertex  5.194170e+01  5.800202e+00  1.220000e+01
     vertex  5.193320e+01  5.779967e+00  1.040000e+01
     vertex  5.193320e+01  5.779967e+00  1.220000e+01
   endloop
 endfacet
 facet normal -9.218986e-01  3.874313e-01  0.000000e+00
   outer loop
     vertex  5.194170e+01  5.800202e+00  1.220000e+01
     vertex  5.194170e+01  5.800202e+00  1.040000e+01
     vertex  5.193320e+01  5.779967e+00  1.040000e+01
   endloop
 endfacet
 facet normal -9.321804e-01  3.619940e-01  0.000000e+00
   outer loop
     vertex  5.194170e+01  5.800202e+00  1.220000e+01
     vertex  5.194965e+01  5.820662e+00  1.040000e+01
     vertex  5.194170e+01  5.800202e+00  1.040000e+01
   endloop
 endfacet
 facet normal -9.321804e-01  3.619940e-01  0.000000e+00
   outer loop
     vertex  5.194965e+01  5.820662e+00  1.220000e+01
     vertex  5.194965e+01  5.820662e+00  1.040000e+01
     vertex  5.194170e+01  5.800202e+00  1.220000e+01
   endloop
 endfacet
 facet normal -9.417605e-01  3.362843e-01 -6.471863e-20
   outer loop
     vertex  5.195703e+01  5.841333e+00  1.220000e+01
     vertex  5.194965e+01  5.820662e+00  1.040000e+01
     vertex  5.194965e+01  5.820662e+00  1.220000e+01
   endloop
 endfacet
 facet normal -9.417605e-01  3.362843e-01  0.000000e+00
   outer loop
     vertex  5.195703e+01  5.841333e+00  1.220000e+01
     vertex  5.195703e+01  5.841333e+00  1.040000e+01
     vertex  5.194965e+01  5.820662e+00  1.040000e+01
   endloop
 endfacet
 facet normal -9.506317e-01  3.103214e-01 -7.803942e-20
   outer loop
     vertex  5.196384e+01  5.862199e+00  1.220000e+01
     vertex  5.195703e+01  5.841333e+00  1.040000e+01
     vertex  5.195703e+01  5.841333e+00  1.220000e+01
   endloop
 endfacet
 facet normal -9.506317e-01  3.103214e-01  0.000000e+00
   outer loop
     vertex  5.196384e+01  5.862199e+00  1.220000e+01
     vertex  5.196384e+01  5.862199e+00  1.040000e+01
     vertex  5.195703e+01  5.841333e+00  1.040000e+01
   endloop
 endfacet
 facet normal -9.587873e-01  2.841250e-01 -9.991503e-20
   outer loop
     vertex  5.197008e+01  5.883244e+00  1.220000e+01
     vertex  5.196384e+01  5.862199e+00  1.040000e+01
     vertex  5.196384e+01  5.862199e+00  1.220000e+01
   endloop
 endfacet
 facet normal -9.587873e-01  2.841250e-01  0.000000e+00
   outer loop
     vertex  5.197008e+01  5.883244e+00  1.220000e+01
     vertex  5.197008e+01  5.883244e+00  1.040000e+01
     vertex  5.196384e+01  5.862199e+00  1.040000e+01
   endloop
 endfacet
 facet normal -9.662211e-01  2.577146e-01  0.000000e+00
   outer loop
     vertex  5.197008e+01  5.883244e+00  1.220000e+01
     vertex  5.197573e+01  5.904452e+00  1.040000e+01
     vertex  5.197008e+01  5.883244e+00  1.040000e+01
   endloop
 endfacet
 facet normal -9.662211e-01  2.577146e-01  0.000000e+00
   outer loop
     vertex  5.197573e+01  5.904452e+00  1.220000e+01
     vertex  5.197573e+01  5.904452e+00  1.040000e+01
     vertex  5.197008e+01  5.883244e+00  1.220000e+01
   endloop
 endfacet
 facet normal -9.729276e-01  2.311102e-01 -6.411933e-21
   outer loop
     vertex  5.198081e+01  5.925807e+00  1.220000e+01
     vertex  5.197573e+01  5.904452e+00  1.040000e+01
     vertex  5.197573e+01  5.904452e+00  1.220000e+01
   endloop
 endfacet
 facet normal -9.729276e-01  2.311102e-01  0.000000e+00
   outer loop
     vertex  5.198081e+01  5.925807e+00  1.220000e+01
     vertex  5.198081e+01  5.925807e+00  1.040000e+01
     vertex  5.197573e+01  5.904452e+00  1.040000e+01
   endloop
 endfacet
 facet normal -9.789017e-01  2.043319e-01  6.466933e-20
   outer loop
     vertex  5.198529e+01  5.947293e+00  1.220000e+01
     vertex  5.198081e+01  5.925807e+00  1.040000e+01
     vertex  5.198081e+01  5.925807e+00  1.220000e+01
   endloop
 endfacet
 facet normal -9.789017e-01  2.043319e-01  0.000000e+00
   outer loop
     vertex  5.198529e+01  5.947293e+00  1.220000e+01
     vertex  5.198529e+01  5.947293e+00  1.040000e+01
     vertex  5.198081e+01  5.925807e+00  1.040000e+01
   endloop
 endfacet
 facet normal -9.841389e-01  1.773998e-01  8.876387e-20
   outer loop
     vertex  5.198918e+01  5.968894e+00  1.220000e+01
     vertex  5.198529e+01  5.947293e+00  1.040000e+01
     vertex  5.198529e+01  5.947293e+00  1.220000e+01
   endloop
 endfacet
 facet normal -9.841389e-01  1.773998e-01  0.000000e+00
   outer loop
     vertex  5.198918e+01  5.968894e+00  1.220000e+01
     vertex  5.198918e+01  5.968894e+00  1.040000e+01
     vertex  5.198529e+01  5.947293e+00  1.040000e+01
   endloop
 endfacet
 facet normal -9.886353e-01  1.503341e-01  1.659250e-19
   outer loop
     vertex  5.199248e+01  5.990594e+00  1.220000e+01
     vertex  5.198918e+01  5.968894e+00  1.040000e+01
     vertex  5.198918e+01  5.968894e+00  1.220000e+01
   endloop
 endfacet
 facet normal -9.886353e-01  1.503341e-01  0.000000e+00
   outer loop
     vertex  5.199248e+01  5.990594e+00  1.220000e+01
     vertex  5.199248e+01  5.990594e+00  1.040000e+01
     vertex  5.198918e+01  5.968894e+00  1.040000e+01
   endloop
 endfacet
 facet normal -9.923874e-01  1.231552e-01 -4.200643e-20
   outer loop
     vertex  5.199519e+01  6.012376e+00  1.220000e+01
     vertex  5.199248e+01  5.990594e+00  1.040000e+01
     vertex  5.199248e+01  5.990594e+00  1.220000e+01
   endloop
 endfacet
 facet normal -9.923874e-01  1.231552e-01  0.000000e+00
   outer loop
     vertex  5.199519e+01  6.012376e+00  1.220000e+01
     vertex  5.199519e+01  6.012376e+00  1.040000e+01
     vertex  5.199248e+01  5.990594e+00  1.040000e+01
   endloop
 endfacet
 facet normal -9.953925e-01  9.588368e-02  0.000000e+00
   outer loop
     vertex  5.199519e+01  6.012376e+00  1.220000e+01
     vertex  5.199729e+01  6.034224e+00  1.040000e+01
     vertex  5.199519e+01  6.012376e+00  1.040000e+01
   endloop
 endfacet
 facet normal -9.953925e-01  9.588368e-02  0.000000e+00
   outer loop
     vertex  5.199729e+01  6.034224e+00  1.220000e+01
     vertex  5.199729e+01  6.034224e+00  1.040000e+01
     vertex  5.199519e+01  6.012376e+00  1.220000e+01
   endloop
 endfacet
 facet normal -9.976484e-01  6.853995e-02  0.000000e+00
   outer loop
     vertex  5.199880e+01  6.056122e+00  1.220000e+01
     vertex  5.199880e+01  6.056122e+00  1.040000e+01
     vertex  5.199729e+01  6.034224e+00  1.040000e+01
   endloop
 endfacet
 facet normal -9.976484e-01  6.853995e-02  2.933104e-20
   outer loop
     vertex  5.199880e+01  6.056122e+00  1.220000e+01
     vertex  5.199729e+01  6.034224e+00  1.040000e+01
     vertex  5.199729e+01  6.034224e+00  1.220000e+01
   endloop
 endfacet
 facet normal -9.991532e-01  4.114462e-02  0.000000e+00
   outer loop
     vertex  5.199970e+01  6.078053e+00  1.220000e+01
     vertex  5.199970e+01  6.078053e+00  1.040000e+01
     vertex  5.199880e+01  6.056122e+00  1.040000e+01
   endloop
 endfacet
 facet normal -9.999059e-01  1.371831e-02  0.000000e+00
   outer loop
     vertex  5.199970e+01  6.078053e+00  1.220000e+01
     vertex  5.200000e+01  6.100000e+00  1.040000e+01
     vertex  5.199970e+01  6.078053e+00  1.040000e+01
   endloop
 endfacet
 facet normal -9.991532e-01  4.114462e-02  2.951576e-20
   outer loop
     vertex  5.199970e+01  6.078053e+00  1.220000e+01
     vertex  5.199880e+01  6.056122e+00  1.040000e+01
     vertex  5.199880e+01  6.056122e+00  1.220000e+01
   endloop
 endfacet
 facet normal -9.999059e-01  1.371831e-02  0.000000e+00
   outer loop
     vertex  5.200000e+01  6.100000e+00  1.220000e+01
     vertex  5.200000e+01  6.100000e+00  1.040000e+01
     vertex  5.199970e+01  6.078053e+00  1.220000e+01
   endloop
 endfacet
 facet normal -0.000000e+00 -1.000000e+00  0.000000e+00
   outer loop
     vertex  1.000000e+01  2.240000e+01  5.100000e+00
     vertex  0.000000e+00  2.240000e+01  5.100000e+00
     vertex  0.000000e+00  2.240000e+01  3.300000e+00
   endloop
 endfacet
 facet normal -0.000000e+00 -1.000000e+00  0.000000e+00
   outer loop
     vertex  5.640000e+01  2.240000e+01  1.040000e+01
     vertex  1.000000e+01  2.240000e+01  1.040000e+01
     vertex  1.000000e+01  2.240000e+01  5.100000e+00
   endloop
 endfacet
 facet normal  0.000000e+00 -1.000000e+00 -0.000000e+00
   outer loop
     vertex  5.640000e+01  2.240000e+01  1.040000e+01
     vertex  1.000000e+01  2.240000e+01  5.100000e+00
     vertex  5.640000e+01  2.240000e+01  5.100000e+00
   endloop
 endfacet
 facet normal -0.000000e+00 -1.000000e+00 -0.000000e+00
   outer loop
     vertex  6.640000e+01  2.240000e+01  5.100000e+00
     vertex  5.640000e+01  2.240000e+01  5.100000e+00
     vertex  6.640000e+01  2.240000e+01  3.300000e+00
   endloop
 endfacet
 facet normal  0.000000e+00 -1.000000e+00  0.000000e+00
   outer loop
     vertex  6.640000e+01  2.240000e+01  3.300000e+00
     vertex  1.000000e+01  2.240000e+01  5.100000e+00
     vertex  0.000000e+00  2.240000e+01  3.300000e+00
   endloop
 endfacet
 facet normal  0.000000e+00 -1.000000e+00  0.000000e+00
   outer loop
     vertex  6.640000e+01  2.240000e+01  3.300000e+00
     vertex  5.640000e+01  2.240000e+01  5.100000e+00
     vertex  1.000000e+01  2.240000e+01  5.100000e+00
   endloop
 endfacet
 facet normal -0.000000e+00  0.000000e+00 -1.000000e+00
   outer loop
     vertex  1.000000e+01  2.140000e+01  1.040000e+01
     vertex  0.000000e+00  2.800000e+00  1.040000e+01
     vertex  0.000000e+00  2.140000e+01  1.040000e+01
   endloop
 endfacet
 facet normal  0.000000e+00 -0.000000e+00 -1.000000e+00
   outer loop
     vertex  1.000000e+01  2.140000e+01  1.040000e+01
     vertex  1.000000e+01  2.800000e+00  1.040000e+01
     vertex  0.000000e+00  2.800000e+00  1.040000e+01
   endloop
 endfacet
 facet normal -0.000000e+00  0.000000e+00 -1.000000e+00
   outer loop
     vertex  5.064806e+01  5.520898e+00  1.040000e+01
     vertex  1.000000e+01  1.800000e+00  1.040000e+01
     vertex  5.063238e+01  5.536258e+00  1.040000e+01
   endloop
 endfacet
 facet normal  0.000000e+00 -0.000000e+00 -1.000000e+00
   outer loop
     vertex  5.061713e+01  5.552042e+00  1.040000e+01
     vertex  5.063238e+01  5.536258e+00  1.040000e+01
     vertex  1.000000e+01  1.800000e+00  1.040000e+01
   endloop
 endfacet
 facet normal -0.000000e+00  0.000000e+00 -1.000000e+00
   outer loop
     vertex  5.066415e+01  5.505974e+00  1.040000e+01
     vertex  1.000000e+01  1.800000e+00  1.040000e+01
     vertex  5.064806e+01  5.520898e+00  1.040000e+01
   endloop
 endfacet
 facet normal  0.000000e+00 -0.000000e+00 -1.000000e+00
   outer loop
     vertex  5.060231e+01  5.568239e+00  1.040000e+01
     vertex  5.061713e+01  5.552042e+00  1.040000e+01
     vertex  1.000000e+01  1.800000e+00  1.040000e+01
   endloop
 endfacet
 facet normal -0.000000e+00  0.000000e+00 -1.000000e+00
   outer loop
     vertex  5.068065e+01  5.491497e+00  1.040000e+01
     vertex  1.000000e+01  1.800000e+00  1.040000e+01
     vertex  5.066415e+01  5.505974e+00  1.040000e+01
   endloop
 endfacet
 facet normal  0.000000e+00 -0.000000e+00 -1.000000e+00
   outer loop
     vertex  5.058795e+01  5.584836e+00  1.040000e+01
     vertex  5.060231e+01  5.568239e+00  1.040000e+01
     vertex  1.000000e+01  1.800000e+00  1.040000e+01
   endloop
 endfacet
 facet normal -0.000000e+00  0.000000e+00 -1.000000e+00
   outer loop
     vertex  5.069754e+01  5.477478e+00  1.040000e+01
     vertex  1.000000e+01  1.800000e+00  1.040000e+01
     vertex  5.068065e+01  5.491497e+00  1.040000e+01
   endloop
 endfacet
 facet normal  0.000000e+00 -0.000000e+00 -1.000000e+00
   outer loop
     vertex  5.057405e+01  5.601821e+00  1.040000e+01
     vertex  5.058795e+01  5.584836e+00  1.040000e+01
     vertex  1.000000e+01  1.800000e+00  1.040000e+01
   endloop
 endfacet
 facet normal -0.000000e+00  0.000000e+00 -1.000000e+00
   outer loop
     vertex  5.071481e+01  5.463928e+00  1.040000e+01
     vertex  1.000000e+01  1.800000e+00  1.040000e+01
     vertex  5.069754e+01  5.477478e+00  1.040000e+01
   endloop
 endfacet
 facet normal  0.000000e+00 -0.000000e+00 -1.000000e+00
   outer loop
     vertex  5.056061e+01  5.619181e+00  1.040000e+01
     vertex  5.057405e+01  5.601821e+00  1.040000e+01
     vertex  1.000000e+01  1.800000e+00  1.040000e+01
   endloop
 endfacet
 facet normal -0.000000e+00  0.000000e+00 -1.000000e+00
   outer loop
     vertex  5.073244e+01  5.450857e+00  1.040000e+01
     vertex  1.000000e+01  1.800000e+00  1.040000e+01
     vertex  5.071481e+01  5.463928e+00  1.040000e+01
   endloop
 endfacet
 facet normal  0.000000e+00 -0.000000e+00 -1.000000e+00
   outer loop
     vertex  5.054766e+01  5.636903e+00  1.040000e+01
     vertex  5.056061e+01  5.619181e+00  1.040000e+01
     vertex  1.000000e+01  1.800000e+00  1.040000e+01
   endloop
 endfacet
 facet normal -0.000000e+00  0.000000e+00 -1.000000e+00
   outer loop
     vertex  5.075042e+01  5.438274e+00  1.040000e+01
     vertex  1.000000e+01  1.800000e+00  1.040000e+01
     vertex  5.073244e+01  5.450857e+00  1.040000e+01
   endloop
 endfacet
 facet normal  0.000000e+00 -0.000000e+00 -1.000000e+00
   outer loop
     vertex  5.053521e+01  5.654974e+00  1.040000e+01
     vertex  5.054766e+01  5.636903e+00  1.040000e+01
     vertex  1.000000e+01  1.800000e+00  1.040000e+01
   endloop
 endfacet
 facet normal -0.000000e+00  0.000000e+00 -1.000000e+00
   outer loop
     vertex  5.076875e+01  5.426189e+00  1.040000e+01
     vertex  1.000000e+01  1.800000e+00  1.040000e+01
     vertex  5.075042e+01  5.438274e+00  1.040000e+01
   endloop
 endfacet
 facet normal  0.000000e+00 -0.000000e+00 -1.000000e+00
   outer loop
     vertex  5.052325e+01  5.673379e+00  1.040000e+01
     vertex  5.053521e+01  5.654974e+00  1.040000e+01
     vertex  1.000000e+01  1.800000e+00  1.040000e+01
   endloop
 endfacet
 facet normal -0.000000e+00  0.000000e+00 -1.000000e+00
   outer loop
     vertex  5.078739e+01  5.414612e+00  1.040000e+01
     vertex  1.000000e+01  1.800000e+00  1.040000e+01
     vertex  5.076875e+01  5.426189e+00  1.040000e+01
   endloop
 endfacet
 facet normal  0.000000e+00 -0.000000e+00 -1.000000e+00
   outer loop
     vertex  5.051180e+01  5.692106e+00  1.040000e+01
     vertex  5.052325e+01  5.673379e+00  1.040000e+01
     vertex  1.000000e+01  1.800000e+00  1.040000e+01
   endloop
 endfacet
 facet normal -0.000000e+00  0.000000e+00 -1.000000e+00
   outer loop
     vertex  5.080635e+01  5.403550e+00  1.040000e+01
     vertex  1.000000e+01  1.800000e+00  1.040000e+01
     vertex  5.078739e+01  5.414612e+00  1.040000e+01
   endloop
 endfacet
 facet normal  0.000000e+00 -0.000000e+00 -1.000000e+00
   outer loop
     vertex  5.050087e+01  5.711139e+00  1.040000e+01
     vertex  5.051180e+01  5.692106e+00  1.040000e+01
     vertex  1.000000e+01  1.800000e+00  1.040000e+01
   endloop
 endfacet
 facet normal -0.000000e+00  0.000000e+00 -1.000000e+00
   outer loop
     vertex  5.082561e+01  5.393013e+00  1.040000e+01
     vertex  1.000000e+01  1.800000e+00  1.040000e+01
     vertex  5.080635e+01  5.403550e+00  1.040000e+01
   endloop
 endfacet
 facet normal  0.000000e+00 -0.000000e+00 -1.000000e+00
   outer loop
     vertex  5.049046e+01  5.730466e+00  1.040000e+01
     vertex  5.050087e+01  5.711139e+00  1.040000e+01
     vertex  1.000000e+01  1.800000e+00  1.040000e+01
   endloop
 endfacet
 facet normal  0.000000e+00 -0.000000e+00 -1.000000e+00
   outer loop
     vertex  5.048059e+01  5.750071e+00  1.040000e+01
     vertex  5.049046e+01  5.730466e+00  1.040000e+01
     vertex  1.000000e+01  1.800000e+00  1.040000e+01
   endloop
 endfacet
 facet normal  0.000000e+00 -0.000000e+00 -1.000000e+00
   outer loop
     vertex  5.047126e+01  5.769939e+00  1.040000e+01
     vertex  5.048059e+01  5.750071e+00  1.040000e+01
     vertex  1.000000e+01  1.800000e+00  1.040000e+01
   endloop
 endfacet
 facet normal  0.000000e+00 -0.000000e+00 -1.000000e+00
   outer loop
     vertex  5.046248e+01  5.790055e+00  1.040000e+01
     vertex  5.047126e+01  5.769939e+00  1.040000e+01
     vertex  1.000000e+01  1.800000e+00  1.040000e+01
   endloop
 endfacet
 facet normal  0.000000e+00 -0.000000e+00 -1.000000e+00
   outer loop
     vertex  5.045426e+01  5.810405e+00  1.040000e+01
     vertex  5.046248e+01  5.790055e+00  1.040000e+01
     vertex  1.000000e+01  1.800000e+00  1.040000e+01
   endloop
 endfacet
 facet normal  0.000000e+00 -0.000000e+00 -1.000000e+00
   outer loop
     vertex  5.044659e+01  5.830973e+00  1.040000e+01
     vertex  5.045426e+01  5.810405e+00  1.040000e+01
     vertex  1.000000e+01  1.800000e+00  1.040000e+01
   endloop
 endfacet
 facet normal  0.000000e+00 -0.000000e+00 -1.000000e+00
   outer loop
     vertex  5.043949e+01  5.851743e+00  1.040000e+01
     vertex  5.044659e+01  5.830973e+00  1.040000e+01
     vertex  1.000000e+01  1.800000e+00  1.040000e+01
   endloop
 endfacet
 facet normal  0.000000e+00 -0.000000e+00 -1.000000e+00
   outer loop
     vertex  5.043297e+01  5.872700e+00  1.040000e+01
     vertex  5.043949e+01  5.851743e+00  1.040000e+01
     vertex  1.000000e+01  1.800000e+00  1.040000e+01
   endloop
 endfacet
 facet normal  0.000000e+00 -0.000000e+00 -1.000000e+00
   outer loop
     vertex  5.042702e+01  5.893828e+00  1.040000e+01
     vertex  5.043297e+01  5.872700e+00  1.040000e+01
     vertex  1.000000e+01  1.800000e+00  1.040000e+01
   endloop
 endfacet
 facet normal  0.000000e+00 -0.000000e+00 -1.000000e+00
   outer loop
     vertex  5.042166e+01  5.915112e+00  1.040000e+01
     vertex  5.042702e+01  5.893828e+00  1.040000e+01
     vertex  1.000000e+01  1.800000e+00  1.040000e+01
   endloop
 endfacet
 facet normal  0.000000e+00 -0.000000e+00 -1.000000e+00
   outer loop
     vertex  5.041688e+01  5.936534e+00  1.040000e+01
     vertex  5.042166e+01  5.915112e+00  1.040000e+01
     vertex  1.000000e+01  1.800000e+00  1.040000e+01
   endloop
 endfacet
 facet normal  0.000000e+00  0.000000e+00 -1.000000e+00
   outer loop
     vertex  5.041269e+01  5.958080e+00  1.040000e+01
     vertex  1.000000e+01  1.800000e+00  1.040000e+01
     vertex  1.000000e+01  2.800000e+00  1.040000e+01
   endloop
 endfacet
 facet normal  0.000000e+00 -0.000000e+00 -1.000000e+00
   outer loop
     vertex  5.041269e+01  5.958080e+00  1.040000e+01
     vertex  5.041688e+01  5.936534e+00  1.040000e+01
     vertex  1.000000e+01  1.800000e+00  1.040000e+01
   endloop
 endfacet
 facet normal  0.000000e+00 -0.000000e+00 -1.000000e+00
   outer loop
     vertex  5.040909e+01  5.979733e+00  1.040000e+01
     vertex  5.041269e+01  5.958080e+00  1.040000e+01
     vertex  1.000000e+01  2.800000e+00  1.040000e+01
   endloop
 endfacet
 facet normal  0.000000e+00 -0.000000e+00 -1.000000e+00
   outer loop
     vertex  5.040609e+01  6.001476e+00  1.040000e+01
     vertex  5.040909e+01  5.979733e+00  1.040000e+01
     vertex  1.000000e+01  2.800000e+00  1.040000e+01
   endloop
 endfacet
 facet normal  0.000000e+00 -0.000000e+00 -1.000000e+00
   outer loop
     vertex  5.040369e+01  6.023293e+00  1.040000e+01
     vertex  5.040609e+01  6.001476e+00  1.040000e+01
     vertex  1.000000e+01  2.800000e+00  1.040000e+01
   endloop
 endfacet
 facet normal  0.000000e+00 -0.000000e+00 -1.000000e+00
   outer loop
     vertex  5.040188e+01  6.045168e+00  1.040000e+01
     vertex  5.040369e+01  6.023293e+00  1.040000e+01
     vertex  1.000000e+01  2.800000e+00  1.040000e+01
   endloop
 endfacet
 facet normal  0.000000e+00 -0.000000e+00 -1.000000e+00
   outer loop
     vertex  5.040068e+01  6.067084e+00  1.040000e+01
     vertex  5.040188e+01  6.045168e+00  1.040000e+01
     vertex  1.000000e+01  2.800000e+00  1.040000e+01
   endloop
 endfacet
 facet normal  0.000000e+00 -0.000000e+00 -1.000000e+00
   outer loop
     vertex  5.040008e+01  6.089025e+00  1.040000e+01
     vertex  5.040068e+01  6.067084e+00  1.040000e+01
     vertex  1.000000e+01  2.800000e+00  1.040000e+01
   endloop
 endfacet
 facet normal  0.000000e+00 -0.000000e+00 -1.000000e+00
   outer loop
     vertex  5.040008e+01  6.110975e+00  1.040000e+01
     vertex  5.040008e+01  6.089025e+00  1.040000e+01
     vertex  1.000000e+01  2.800000e+00  1.040000e+01
   endloop
 endfacet
 facet normal  0.000000e+00  0.000000e+00 -1.000000e+00
   outer loop
     vertex  5.040068e+01  6.132916e+00  1.040000e+01
     vertex  5.040008e+01  6.110975e+00  1.040000e+01
     vertex  1.000000e+01  2.800000e+00  1.040000e+01
   endloop
 endfacet
 facet normal  0.000000e+00  0.000000e+00 -1.000000e+00
   outer loop
     vertex  5.040188e+01  6.154832e+00  1.040000e+01
     vertex  5.040068e+01  6.132916e+00  1.040000e+01
     vertex  1.000000e+01  2.800000e+00  1.040000e+01
   endloop
 endfacet
 facet normal  0.000000e+00  0.000000e+00 -1.000000e+00
   outer loop
     vertex  5.040369e+01  6.176707e+00  1.040000e+01
     vertex  5.040188e+01  6.154832e+00  1.040000e+01
     vertex  1.000000e+01  2.800000e+00  1.040000e+01
   endloop
 endfacet
 facet normal  0.000000e+00  0.000000e+00 -1.000000e+00
   outer loop
     vertex  5.040609e+01  6.198524e+00  1.040000e+01
     vertex  5.040369e+01  6.176707e+00  1.040000e+01
     vertex  1.000000e+01  2.800000e+00  1.040000e+01
   endloop
 endfacet
 facet normal  0.000000e+00  0.000000e+00 -1.000000e+00
   outer loop
     vertex  5.040909e+01  6.220267e+00  1.040000e+01
     vertex  5.040609e+01  6.198524e+00  1.040000e+01
     vertex  1.000000e+01  2.800000e+00  1.040000e+01
   endloop
 endfacet
 facet normal  0.000000e+00  0.000000e+00 -1.000000e+00
   outer loop
     vertex  5.041269e+01  6.241920e+00  1.040000e+01
     vertex  5.040909e+01  6.220267e+00  1.040000e+01
     vertex  1.000000e+01  2.800000e+00  1.040000e+01
   endloop
 endfacet
 facet normal  0.000000e+00  0.000000e+00 -1.000000e+00
   outer loop
     vertex  5.041688e+01  6.263466e+00  1.040000e+01
     vertex  5.041269e+01  6.241920e+00  1.040000e+01
     vertex  1.000000e+01  2.800000e+00  1.040000e+01
   endloop
 endfacet
 facet normal  0.000000e+00  0.000000e+00 -1.000000e+00
   outer loop
     vertex  5.640000e+01  1.800000e+00  1.040000e+01
     vertex  1.000000e+01  1.800000e+00  1.040000e+01
     vertex  5.082561e+01  5.393013e+00  1.040000e+01
   endloop
 endfacet
 facet normal  0.000000e+00  0.000000e+00 -1.000000e+00
   outer loop
     vertex  5.640000e+01  1.800000e+00  1.040000e+01
     vertex  5.082561e+01  5.393013e+00  1.040000e+01
     vertex  5.084514e+01  5.383008e+00  1.040000e+01
   endloop
 endfacet
 facet normal  0.000000e+00  0.000000e+00 -1.000000e+00
   outer loop
     vertex  5.640000e+01  1.800000e+00  1.040000e+01
     vertex  5.084514e+01  5.383008e+00  1.040000e+01
     vertex  5.086495e+01  5.373543e+00  1.040000e+01
   endloop
 endfacet
 facet normal  0.000000e+00  0.000000e+00 -1.000000e+00
   outer loop
     vertex  5.640000e+01  1.800000e+00  1.040000e+01
     vertex  5.086495e+01  5.373543e+00  1.040000e+01
     vertex  5.088500e+01  5.364624e+00  1.040000e+01
   endloop
 endfacet
 facet normal  0.000000e+00  0.000000e+00 -1.000000e+00
   outer loop
     vertex  5.640000e+01  1.800000e+00  1.040000e+01
     vertex  5.088500e+01  5.364624e+00  1.040000e+01
     vertex  5.090530e+01  5.356260e+00  1.040000e+01
   endloop
 endfacet
 facet normal  0.000000e+00  0.000000e+00 -1.000000e+00
   outer loop
     vertex  5.640000e+01  1.800000e+00  1.040000e+01
     vertex  5.090530e+01  5.356260e+00  1.040000e+01
     vertex  5.092581e+01  5.348455e+00  1.040000e+01
   endloop
 endfacet
 facet normal  0.000000e+00  0.000000e+00 -1.000000e+00
   outer loop
     vertex  5.640000e+01  1.800000e+00  1.040000e+01
     vertex  5.092581e+01  5.348455e+00  1.040000e+01
     vertex  5.094653e+01  5.341215e+00  1.040000e+01
   endloop
 endfacet
 facet normal  0.000000e+00  0.000000e+00 -1.000000e+00
   outer loop
     vertex  5.640000e+01  1.800000e+00  1.040000e+01
     vertex  5.094653e+01  5.341215e+00  1.040000e+01
     vertex  5.096744e+01  5.334547e+00  1.040000e+01
   endloop
 endfacet
 facet normal  0.000000e+00  0.000000e+00 -1.000000e+00
   outer loop
     vertex  5.640000e+01  1.800000e+00  1.040000e+01
     vertex  5.096744e+01  5.334547e+00  1.040000e+01
     vertex  5.098853e+01  5.328456e+00  1.040000e+01
   endloop
 endfacet
 facet normal  0.000000e+00  0.000000e+00 -1.000000e+00
   outer loop
     vertex  5.640000e+01  1.800000e+00  1.040000e+01
     vertex  5.098853e+01  5.328456e+00  1.040000e+01
     vertex  5.100978e+01  5.322944e+00  1.040000e+01
   endloop
 endfacet
 facet normal  0.000000e+00  0.000000e+00 -1.000000e+00
   outer loop
     vertex  5.640000e+01  1.800000e+00  1.040000e+01
     vertex  5.100978e+01  5.322944e+00  1.040000e+01
     vertex  5.103117e+01  5.318018e+00  1.040000e+01
   endloop
 endfacet
 facet normal  0.000000e+00  0.000000e+00 -1.000000e+00
   outer loop
     vertex  5.640000e+01  1.800000e+00  1.040000e+01
     vertex  5.103117e+01  5.318018e+00  1.040000e+01
     vertex  5.105268e+01  5.313681e+00  1.040000e+01
   endloop
 endfacet
 facet normal  0.000000e+00  0.000000e+00 -1.000000e+00
   outer loop
     vertex  5.640000e+01  1.800000e+00  1.040000e+01
     vertex  5.105268e+01  5.313681e+00  1.040000e+01
     vertex  5.107431e+01  5.309935e+00  1.040000e+01
   endloop
 endfacet
 facet normal  0.000000e+00  0.000000e+00 -1.000000e+00
   outer loop
     vertex  5.640000e+01  1.800000e+00  1.040000e+01
     vertex  5.107431e+01  5.309935e+00  1.040000e+01
     vertex  5.109603e+01  5.306785e+00  1.040000e+01
   endloop
 endfacet
 facet normal  0.000000e+00  0.000000e+00 -1.000000e+00
   outer loop
     vertex  5.640000e+01  1.800000e+00  1.040000e+01
     vertex  5.109603e+01  5.306785e+00  1.040000e+01
     vertex  5.111783e+01  5.304231e+00  1.040000e+01
   endloop
 endfacet
 facet normal  0.000000e+00  0.000000e+00 -1.000000e+00
   outer loop
     vertex  5.640000e+01  1.800000e+00  1.040000e+01
     vertex  5.111783e+01  5.304231e+00  1.040000e+01
     vertex  5.113969e+01  5.302276e+00  1.040000e+01
   endloop
 endfacet
 facet normal  0.000000e+00  0.000000e+00 -1.000000e+00
   outer loop
     vertex  5.640000e+01  1.800000e+00  1.040000e+01
     vertex  5.113969e+01  5.302276e+00  1.040000e+01
     vertex  5.116160e+01  5.300922e+00  1.040000e+01
   endloop
 endfacet
 facet normal  0.000000e+00  0.000000e+00 -1.000000e+00
   outer loop
     vertex  5.640000e+01  1.800000e+00  1.040000e+01
     vertex  5.116160e+01  5.300922e+00  1.040000e+01
     vertex  5.118354e+01  5.300169e+00  1.040000e+01
   endloop
 endfacet
 facet normal  0.000000e+00  0.000000e+00 -1.000000e+00
   outer loop
     vertex  5.640000e+01  1.800000e+00  1.040000e+01
     vertex  5.118354e+01  5.300169e+00  1.040000e+01
     vertex  5.120549e+01  5.300019e+00  1.040000e+01
   endloop
 endfacet
 facet normal  0.000000e+00  0.000000e+00 -1.000000e+00
   outer loop
     vertex  5.640000e+01  1.800000e+00  1.040000e+01
     vertex  5.120549e+01  5.300019e+00  1.040000e+01
     vertex  5.122743e+01  5.300470e+00  1.040000e+01
   endloop
 endfacet
 facet normal  0.000000e+00  0.000000e+00 -1.000000e+00
   outer loop
     vertex  5.640000e+01  1.800000e+00  1.040000e+01
     vertex  5.122743e+01  5.300470e+00  1.040000e+01
     vertex  5.124936e+01  5.301524e+00  1.040000e+01
   endloop
 endfacet
 facet normal  0.000000e+00  0.000000e+00 -1.000000e+00
   outer loop
     vertex  5.640000e+01  1.800000e+00  1.040000e+01
     vertex  5.124936e+01  5.301524e+00  1.040000e+01
     vertex  5.127124e+01  5.303179e+00  1.040000e+01
   endloop
 endfacet
 facet normal  0.000000e+00  0.000000e+00 -1.000000e+00
   outer loop
     vertex  5.640000e+01  1.800000e+00  1.040000e+01
     vertex  5.127124e+01  5.303179e+00  1.040000e+01
     vertex  5.129308e+01  5.305433e+00  1.040000e+01
   endloop
 endfacet
 facet normal  0.000000e+00  0.000000e+00 -1.000000e+00
   outer loop
     vertex  5.640000e+01  1.800000e+00  1.040000e+01
     vertex  5.129308e+01  5.305433e+00  1.040000e+01
     vertex  5.131484e+01  5.308285e+00  1.040000e+01
   endloop
 endfacet
 facet normal  0.000000e+00  0.000000e+00 -1.000000e+00
   outer loop
     vertex  5.640000e+01  1.800000e+00  1.040000e+01
     vertex  5.131484e+01  5.308285e+00  1.040000e+01
     vertex  5.133652e+01  5.311734e+00  1.040000e+01
   endloop
 endfacet
 facet normal  0.000000e+00  0.000000e+00 -1.000000e+00
   outer loop
     vertex  5.640000e+01  1.800000e+00  1.040000e+01
     vertex  5.133652e+01  5.311734e+00  1.040000e+01
     vertex  5.135809e+01  5.315776e+00  1.040000e+01
   endloop
 endfacet
 facet normal  0.000000e+00  0.000000e+00 -1.000000e+00
   outer loop
     vertex  5.640000e+01  1.800000e+00  1.040000e+01
     vertex  5.135809e+01  5.315776e+00  1.040000e+01
     vertex  5.137954e+01  5.320408e+00  1.040000e+01
   endloop
 endfacet
 facet normal  0.000000e+00  0.000000e+00 -1.000000e+00
   outer loop
     vertex  5.640000e+01  1.800000e+00  1.040000e+01
     vertex  5.137954e+01  5.320408e+00  1.040000e+01
     vertex  5.140086e+01  5.325627e+00  1.040000e+01
   endloop
 endfacet
 facet normal  0.000000e+00  0.000000e+00 -1.000000e+00
   outer loop
     vertex  5.640000e+01  1.800000e+00  1.040000e+01
     vertex  5.140086e+01  5.325627e+00  1.040000e+01
     vertex  5.142203e+01  5.331429e+00  1.040000e+01
   endloop
 endfacet
 facet normal  0.000000e+00  0.000000e+00 -1.000000e+00
   outer loop
     vertex  5.640000e+01  1.800000e+00  1.040000e+01
     vertex  5.142203e+01  5.331429e+00  1.040000e+01
     vertex  5.144303e+01  5.337810e+00  1.040000e+01
   endloop
 endfacet
 facet normal  0.000000e+00  0.000000e+00 -1.000000e+00
   outer loop
     vertex  5.640000e+01  1.800000e+00  1.040000e+01
     vertex  5.144303e+01  5.337810e+00  1.040000e+01
     vertex  5.146385e+01  5.344764e+00  1.040000e+01
   endloop
 endfacet
 facet normal  0.000000e+00  0.000000e+00 -1.000000e+00
   outer loop
     vertex  5.640000e+01  1.800000e+00  1.040000e+01
     vertex  5.146385e+01  5.344764e+00  1.040000e+01
     vertex  5.148447e+01  5.352287e+00  1.040000e+01
   endloop
 endfacet
 facet normal  0.000000e+00  0.000000e+00 -1.000000e+00
   outer loop
     vertex  5.640000e+01  1.800000e+00  1.040000e+01
     vertex  5.148447e+01  5.352287e+00  1.040000e+01
     vertex  5.150488e+01  5.360372e+00  1.040000e+01
   endloop
 endfacet
 facet normal  0.000000e+00  0.000000e+00 -1.000000e+00
   outer loop
     vertex  5.640000e+01  1.800000e+00  1.040000e+01
     vertex  5.150488e+01  5.360372e+00  1.040000e+01
     vertex  5.152506e+01  5.369015e+00  1.040000e+01
   endloop
 endfacet
 facet normal  0.000000e+00  0.000000e+00 -1.000000e+00
   outer loop
     vertex  5.640000e+01  1.800000e+00  1.040000e+01
     vertex  5.152506e+01  5.369015e+00  1.040000e+01
     vertex  5.154499e+01  5.378208e+00  1.040000e+01
   endloop
 endfacet
 facet normal  0.000000e+00  0.000000e+00 -1.000000e+00
   outer loop
     vertex  5.640000e+01  2.800000e+00  1.040000e+01
     vertex  5.156466e+01  5.387944e+00  1.040000e+01
     vertex  5.158406e+01  5.398216e+00  1.040000e+01
   endloop
 endfacet
 facet normal  0.000000e+00  0.000000e+00 -1.000000e+00
   outer loop
     vertex  5.640000e+01  2.800000e+00  1.040000e+01
     vertex  5.158406e+01  5.398216e+00  1.040000e+01
     vertex  5.160316e+01  5.409016e+00  1.040000e+01
   endloop
 endfacet
 facet normal  0.000000e+00  0.000000e+00 -1.000000e+00
   outer loop
     vertex  5.640000e+01  2.800000e+00  1.040000e+01
     vertex  5.160316e+01  5.409016e+00  1.040000e+01
     vertex  5.162197e+01  5.420337e+00  1.040000e+01
   endloop
 endfacet
 facet normal  0.000000e+00  0.000000e+00 -1.000000e+00
   outer loop
     vertex  5.640000e+01  2.800000e+00  1.040000e+01
     vertex  5.162197e+01  5.420337e+00  1.040000e+01
     vertex  5.164046e+01  5.432169e+00  1.040000e+01
   endloop
 endfacet
 facet normal  0.000000e+00  0.000000e+00 -1.000000e+00
   outer loop
     vertex  5.640000e+01  2.800000e+00  1.040000e+01
     vertex  5.164046e+01  5.432169e+00  1.040000e+01
     vertex  5.165861e+01  5.444504e+00  1.040000e+01
   endloop
 endfacet
 facet normal  0.000000e+00  0.000000e+00 -1.000000e+00
   outer loop
     vertex  5.640000e+01  2.800000e+00  1.040000e+01
     vertex  5.165861e+01  5.444504e+00  1.040000e+01
     vertex  5.167642e+01  5.457332e+00  1.040000e+01
   endloop
 endfacet
 facet normal  0.000000e+00  0.000000e+00 -1.000000e+00
   outer loop
     vertex  5.640000e+01  2.800000e+00  1.040000e+01
     vertex  5.167642e+01  5.457332e+00  1.040000e+01
     vertex  5.169387e+01  5.470644e+00  1.040000e+01
   endloop
 endfacet
 facet normal  0.000000e+00  0.000000e+00 -1.000000e+00
   outer loop
     vertex  5.640000e+01  2.800000e+00  1.040000e+01
     vertex  5.169387e+01  5.470644e+00  1.040000e+01
     vertex  5.171095e+01  5.484430e+00  1.040000e+01
   endloop
 endfacet
 facet normal  0.000000e+00  0.000000e+00 -1.000000e+00
   outer loop
     vertex  5.640000e+01  2.800000e+00  1.040000e+01
     vertex  5.171095e+01  5.484430e+00  1.040000e+01
     vertex  5.172765e+01  5.498679e+00  1.040000e+01
   endloop
 endfacet
 facet normal  0.000000e+00  0.000000e+00 -1.000000e+00
   outer loop
     vertex  5.640000e+01  2.800000e+00  1.040000e+01
     vertex  5.172765e+01  5.498679e+00  1.040000e+01
     vertex  5.174395e+01  5.513381e+00  1.040000e+01
   endloop
 endfacet
 facet normal  0.000000e+00  0.000000e+00 -1.000000e+00
   outer loop
     vertex  5.640000e+01  2.800000e+00  1.040000e+01
     vertex  5.174395e+01  5.513381e+00  1.040000e+01
     vertex  5.175984e+01  5.528524e+00  1.040000e+01
   endloop
 endfacet
 facet normal  0.000000e+00  0.000000e+00 -1.000000e+00
   outer loop
     vertex  5.640000e+01  2.800000e+00  1.040000e+01
     vertex  5.175984e+01  5.528524e+00  1.040000e+01
     vertex  5.177530e+01  5.544098e+00  1.040000e+01
   endloop
 endfacet
 facet normal  0.000000e+00  0.000000e+00 -1.000000e+00
   outer loop
     vertex  5.640000e+01  2.800000e+00  1.040000e+01
     vertex  5.177530e+01  5.544098e+00  1.040000e+01
     vertex  5.179034e+01  5.560090e+00  1.040000e+01
   endloop
 endfacet
 facet normal  0.000000e+00  0.000000e+00 -1.000000e+00
   outer loop
     vertex  5.640000e+01  2.800000e+00  1.040000e+01
     vertex  5.179034e+01  5.560090e+00  1.040000e+01
     vertex  5.180493e+01  5.576489e+00  1.040000e+01
   endloop
 endfacet
 facet normal  0.000000e+00  0.000000e+00 -1.000000e+00
   outer loop
     vertex  5.640000e+01  2.800000e+00  1.040000e+01
     vertex  5.200000e+01  6.100000e+00  1.040000e+01
     vertex  5.199970e+01  6.121947e+00  1.040000e+01
   endloop
 endfacet
 facet normal  0.000000e+00  0.000000e+00 -1.000000e+00
   outer loop
     vertex  5.640000e+01  2.800000e+00  1.040000e+01
     vertex  5.180493e+01  5.576489e+00  1.040000e+01
     vertex  5.181906e+01  5.593281e+00  1.040000e+01
   endloop
 endfacet
 facet normal  0.000000e+00  0.000000e+00 -1.000000e+00
   outer loop
     vertex  5.640000e+01  2.800000e+00  1.040000e+01
     vertex  5.199970e+01  6.121947e+00  1.040000e+01
     vertex  5.199880e+01  6.143878e+00  1.040000e+01
   endloop
 endfacet
 facet normal  0.000000e+00  0.000000e+00 -1.000000e+00
   outer loop
     vertex  5.640000e+01  2.800000e+00  1.040000e+01
     vertex  5.181906e+01  5.593281e+00  1.040000e+01
     vertex  5.183273e+01  5.610455e+00  1.040000e+01
   endloop
 endfacet
 facet normal  0.000000e+00  0.000000e+00 -1.000000e+00
   outer loop
     vertex  5.640000e+01  2.800000e+00  1.040000e+01
     vertex  5.199880e+01  6.143878e+00  1.040000e+01
     vertex  5.199729e+01  6.165776e+00  1.040000e+01
   endloop
 endfacet
 facet normal  0.000000e+00  0.000000e+00 -1.000000e+00
   outer loop
     vertex  5.640000e+01  2.800000e+00  1.040000e+01
     vertex  5.183273e+01  5.610455e+00  1.040000e+01
     vertex  5.184592e+01  5.627998e+00  1.040000e+01
   endloop
 endfacet
 facet normal  0.000000e+00  0.000000e+00 -1.000000e+00
   outer loop
     vertex  5.640000e+01  2.800000e+00  1.040000e+01
     vertex  5.199729e+01  6.165776e+00  1.040000e+01
     vertex  5.199519e+01  6.187624e+00  1.040000e+01
   endloop
 endfacet
 facet normal  0.000000e+00  0.000000e+00 -1.000000e+00
   outer loop
     vertex  5.640000e+01  2.800000e+00  1.040000e+01
     vertex  5.184592e+01  5.627998e+00  1.040000e+01
     vertex  5.185863e+01  5.645896e+00  1.040000e+01
   endloop
 endfacet
 facet normal  0.000000e+00  0.000000e+00 -1.000000e+00
   outer loop
     vertex  5.640000e+01  2.800000e+00  1.040000e+01
     vertex  5.199519e+01  6.187624e+00  1.040000e+01
     vertex  5.199248e+01  6.209406e+00  1.040000e+01
   endloop
 endfacet
 facet normal  0.000000e+00  0.000000e+00 -1.000000e+00
   outer loop
     vertex  5.640000e+01  2.800000e+00  1.040000e+01
     vertex  5.185863e+01  5.645896e+00  1.040000e+01
     vertex  5.187084e+01  5.664135e+00  1.040000e+01
   endloop
 endfacet
 facet normal  0.000000e+00  0.000000e+00 -1.000000e+00
   outer loop
     vertex  5.640000e+01  2.800000e+00  1.040000e+01
     vertex  5.199248e+01  6.209406e+00  1.040000e+01
     vertex  5.198918e+01  6.231106e+00  1.040000e+01
   endloop
 endfacet
 facet normal  0.000000e+00  0.000000e+00 -1.000000e+00
   outer loop
     vertex  5.640000e+01  2.800000e+00  1.040000e+01
     vertex  5.187084e+01  5.664135e+00  1.040000e+01
     vertex  5.188254e+01  5.682703e+00  1.040000e+01
   endloop
 endfacet
 facet normal  0.000000e+00  0.000000e+00 -1.000000e+00
   outer loop
     vertex  5.640000e+01  2.800000e+00  1.040000e+01
     vertex  5.198918e+01  6.231106e+00  1.040000e+01
     vertex  5.198529e+01  6.252707e+00  1.040000e+01
   endloop
 endfacet
 facet normal  0.000000e+00  0.000000e+00 -1.000000e+00
   outer loop
     vertex  5.640000e+01  2.800000e+00  1.040000e+01
     vertex  5.188254e+01  5.682703e+00  1.040000e+01
     vertex  5.189373e+01  5.701585e+00  1.040000e+01
   endloop
 endfacet
 facet normal  0.000000e+00  0.000000e+00 -1.000000e+00
   outer loop
     vertex  5.640000e+01  2.800000e+00  1.040000e+01
     vertex  5.198529e+01  6.252707e+00  1.040000e+01
     vertex  5.198081e+01  6.274193e+00  1.040000e+01
   endloop
 endfacet
 facet normal  0.000000e+00  0.000000e+00 -1.000000e+00
   outer loop
     vertex  5.640000e+01  2.800000e+00  1.040000e+01
     vertex  5.189373e+01  5.701585e+00  1.040000e+01
     vertex  5.190440e+01  5.720767e+00  1.040000e+01
   endloop
 endfacet
 facet normal  0.000000e+00  0.000000e+00 -1.000000e+00
   outer loop
     vertex  5.640000e+01  2.800000e+00  1.040000e+01
     vertex  5.198081e+01  6.274193e+00  1.040000e+01
     vertex  5.197573e+01  6.295548e+00  1.040000e+01
   endloop
 endfacet
 facet normal  0.000000e+00  0.000000e+00 -1.000000e+00
   outer loop
     vertex  5.640000e+01  2.800000e+00  1.040000e+01
     vertex  5.190440e+01  5.720767e+00  1.040000e+01
     vertex  5.191454e+01  5.740234e+00  1.040000e+01
   endloop
 endfacet
 facet normal  0.000000e+00  0.000000e+00 -1.000000e+00
   outer loop
     vertex  5.640000e+01  2.800000e+00  1.040000e+01
     vertex  5.197573e+01  6.295548e+00  1.040000e+01
     vertex  5.197008e+01  6.316756e+00  1.040000e+01
   endloop
 endfacet
 facet normal  0.000000e+00  0.000000e+00 -1.000000e+00
   outer loop
     vertex  5.640000e+01  2.800000e+00  1.040000e+01
     vertex  5.191454e+01  5.740234e+00  1.040000e+01
     vertex  5.192414e+01  5.759973e+00  1.040000e+01
   endloop
 endfacet
 facet normal  0.000000e+00  0.000000e+00 -1.000000e+00
   outer loop
     vertex  5.640000e+01  2.800000e+00  1.040000e+01
     vertex  5.197008e+01  6.316756e+00  1.040000e+01
     vertex  5.196384e+01  6.337801e+00  1.040000e+01
   endloop
 endfacet
 facet normal  0.000000e+00  0.000000e+00 -1.000000e+00
   outer loop
     vertex  5.640000e+01  2.800000e+00  1.040000e+01
     vertex  5.192414e+01  5.759973e+00  1.040000e+01
     vertex  5.193320e+01  5.779967e+00  1.040000e+01
   endloop
 endfacet
 facet normal  0.000000e+00  0.000000e+00 -1.000000e+00
   outer loop
     vertex  5.640000e+01  2.800000e+00  1.040000e+01
     vertex  5.196384e+01  6.337801e+00  1.040000e+01
     vertex  5.195703e+01  6.358667e+00  1.040000e+01
   endloop
 endfacet
 facet normal  0.000000e+00  0.000000e+00 -1.000000e+00
   outer loop
     vertex  5.640000e+01  2.800000e+00  1.040000e+01
     vertex  5.193320e+01  5.779967e+00  1.040000e+01
     vertex  5.194170e+01  5.800202e+00  1.040000e+01
   endloop
 endfacet
 facet normal  0.000000e+00  0.000000e+00 -1.000000e+00
   outer loop
     vertex  5.640000e+01  2.800000e+00  1.040000e+01
     vertex  5.195703e+01  6.358667e+00  1.040000e+01
     vertex  5.194965e+01  6.379338e+00  1.040000e+01
   endloop
 endfacet
 facet normal  0.000000e+00  0.000000e+00 -1.000000e+00
   outer loop
     vertex  5.640000e+01  2.800000e+00  1.040000e+01
     vertex  5.194170e+01  5.800202e+00  1.040000e+01
     vertex  5.194965e+01  5.820662e+00  1.040000e+01
   endloop
 endfacet
 facet normal  0.000000e+00  0.000000e+00 -1.000000e+00
   outer loop
     vertex  5.640000e+01  2.800000e+00  1.040000e+01
     vertex  5.194965e+01  6.379338e+00  1.040000e+01
     vertex  5.194170e+01  6.399798e+00  1.040000e+01
   endloop
 endfacet
 facet normal  0.000000e+00  0.000000e+00 -1.000000e+00
   outer loop
     vertex  5.640000e+01  2.800000e+00  1.040000e+01
     vertex  5.194965e+01  5.820662e+00  1.040000e+01
     vertex  5.195703e+01  5.841333e+00  1.040000e+01
   endloop
 endfacet
 facet normal  0.000000e+00  0.000000e+00 -1.000000e+00
   outer loop
     vertex  5.640000e+01  2.800000e+00  1.040000e+01
     vertex  5.194170e+01  6.399798e+00  1.040000e+01
     vertex  5.193320e+01  6.420033e+00  1.040000e+01
   endloop
 endfacet
 facet normal  0.000000e+00  0.000000e+00 -1.000000e+00
   outer loop
     vertex  5.640000e+01  2.800000e+00  1.040000e+01
     vertex  5.195703e+01  5.841333e+00  1.040000e+01
     vertex  5.196384e+01  5.862199e+00  1.040000e+01
   endloop
 endfacet
 facet normal  0.000000e+00  0.000000e+00 -1.000000e+00
   outer loop
     vertex  5.640000e+01  2.800000e+00  1.040000e+01
     vertex  5.193320e+01  6.420033e+00  1.040000e+01
     vertex  5.192414e+01  6.440027e+00  1.040000e+01
   endloop
 endfacet
 facet normal  0.000000e+00  0.000000e+00 -1.000000e+00
   outer loop
     vertex  5.640000e+01  2.800000e+00  1.040000e+01
     vertex  5.196384e+01  5.862199e+00  1.040000e+01
     vertex  5.197008e+01  5.883244e+00  1.040000e+01
   endloop
 endfacet
 facet normal  0.000000e+00  0.000000e+00 -1.000000e+00
   outer loop
     vertex  5.640000e+01  2.800000e+00  1.040000e+01
     vertex  5.192414e+01  6.440027e+00  1.040000e+01
     vertex  5.191454e+01  6.459766e+00  1.040000e+01
   endloop
 endfacet
 facet normal  0.000000e+00  0.000000e+00 -1.000000e+00
   outer loop
     vertex  5.640000e+01  2.800000e+00  1.040000e+01
     vertex  5.197008e+01  5.883244e+00  1.040000e+01
     vertex  5.197573e+01  5.904452e+00  1.040000e+01
   endloop
 endfacet
 facet normal  0.000000e+00  0.000000e+00 -1.000000e+00
   outer loop
     vertex  5.640000e+01  2.800000e+00  1.040000e+01
     vertex  5.191454e+01  6.459766e+00  1.040000e+01
     vertex  5.190440e+01  6.479233e+00  1.040000e+01
   endloop
 endfacet
 facet normal  0.000000e+00  0.000000e+00 -1.000000e+00
   outer loop
     vertex  5.640000e+01  2.800000e+00  1.040000e+01
     vertex  5.197573e+01  5.904452e+00  1.040000e+01
     vertex  5.198081e+01  5.925807e+00  1.040000e+01
   endloop
 endfacet
 facet normal  0.000000e+00  0.000000e+00 -1.000000e+00
   outer loop
     vertex  5.640000e+01  2.800000e+00  1.040000e+01
     vertex  5.190440e+01  6.479233e+00  1.040000e+01
     vertex  5.189373e+01  6.498415e+00  1.040000e+01
   endloop
 endfacet
 facet normal  0.000000e+00  0.000000e+00 -1.000000e+00
   outer loop
     vertex  5.640000e+01  2.800000e+00  1.040000e+01
     vertex  5.198081e+01  5.925807e+00  1.040000e+01
     vertex  5.198529e+01  5.947293e+00  1.040000e+01
   endloop
 endfacet
 facet normal  0.000000e+00  0.000000e+00 -1.000000e+00
   outer loop
     vertex  5.640000e+01  2.800000e+00  1.040000e+01
     vertex  5.189373e+01  6.498415e+00  1.040000e+01
     vertex  5.188254e+01  6.517297e+00  1.040000e+01
   endloop
 endfacet
 facet normal  0.000000e+00  0.000000e+00 -1.000000e+00
   outer loop
     vertex  5.640000e+01  2.800000e+00  1.040000e+01
     vertex  5.198529e+01  5.947293e+00  1.040000e+01
     vertex  5.198918e+01  5.968894e+00  1.040000e+01
   endloop
 endfacet
 facet normal  0.000000e+00  0.000000e+00 -1.000000e+00
   outer loop
     vertex  5.640000e+01  2.800000e+00  1.040000e+01
     vertex  5.198918e+01  5.968894e+00  1.040000e+01
     vertex  5.199248e+01  5.990594e+00  1.040000e+01
   endloop
 endfacet
 facet normal  0.000000e+00  0.000000e+00 -1.000000e+00
   outer loop
     vertex  5.640000e+01  2.800000e+00  1.040000e+01
     vertex  5.199248e+01  5.990594e+00  1.040000e+01
     vertex  5.199519e+01  6.012376e+00  1.040000e+01
   endloop
 endfacet
 facet normal  0.000000e+00  0.000000e+00 -1.000000e+00
   outer loop
     vertex  5.640000e+01  2.800000e+00  1.040000e+01
     vertex  5.199519e+01  6.012376e+00  1.040000e+01
     vertex  5.199729e+01  6.034224e+00  1.040000e+01
   endloop
 endfacet
 facet normal  0.000000e+00  0.000000e+00 -1.000000e+00
   outer loop
     vertex  5.640000e+01  2.800000e+00  1.040000e+01
     vertex  5.199729e+01  6.034224e+00  1.040000e+01
     vertex  5.199880e+01  6.056122e+00  1.040000e+01
   endloop
 endfacet
 facet normal  0.000000e+00  0.000000e+00 -1.000000e+00
   outer loop
     vertex  5.640000e+01  2.800000e+00  1.040000e+01
     vertex  5.199880e+01  6.056122e+00  1.040000e+01
     vertex  5.199970e+01  6.078053e+00  1.040000e+01
   endloop
 endfacet
 facet normal  0.000000e+00  0.000000e+00 -1.000000e+00
   outer loop
     vertex  5.640000e+01  2.800000e+00  1.040000e+01
     vertex  5.199970e+01  6.078053e+00  1.040000e+01
     vertex  5.200000e+01  6.100000e+00  1.040000e+01
   endloop
 endfacet
 facet normal -0.000000e+00 -0.000000e+00 -1.000000e+00
   outer loop
     vertex  5.640000e+01  2.800000e+00  1.040000e+01
     vertex  5.640000e+01  1.800000e+00  1.040000e+01
     vertex  5.154499e+01  5.378208e+00  1.040000e+01
   endloop
 endfacet
 facet normal  0.000000e+00  0.000000e+00 -1.000000e+00
   outer loop
     vertex  5.640000e+01  2.800000e+00  1.040000e+01
     vertex  5.154499e+01  5.378208e+00  1.040000e+01
     vertex  5.156466e+01  5.387944e+00  1.040000e+01
   endloop
 endfacet
 facet normal  0.000000e+00  0.000000e+00 -1.000000e+00
   outer loop
     vertex  5.006476e+01  1.697252e+01  1.040000e+01
     vertex  5.058795e+01  6.615164e+00  1.040000e+01
     vertex  5.057405e+01  6.598179e+00  1.040000e+01
   endloop
 endfacet
 facet normal  0.000000e+00  0.000000e+00 -1.000000e+00
   outer loop
     vertex  5.009611e+01  1.694180e+01  1.040000e+01
     vertex  5.060231e+01  6.631761e+00  1.040000e+01
     vertex  5.058795e+01  6.615164e+00  1.040000e+01
   endloop
 endfacet
 facet normal -0.000000e+00 -0.000000e+00 -1.000000e+00
   outer loop
     vertex  5.009611e+01  1.694180e+01  1.040000e+01
     vertex  5.058795e+01  6.615164e+00  1.040000e+01
     vertex  5.006476e+01  1.697252e+01  1.040000e+01
   endloop
 endfacet
 facet normal  0.000000e+00  0.000000e+00 -1.000000e+00
   outer loop
     vertex  5.003425e+01  1.700408e+01  1.040000e+01
     vertex  5.057405e+01  6.598179e+00  1.040000e+01
     vertex  5.056061e+01  6.580819e+00  1.040000e+01
   endloop
 endfacet
 facet normal  0.000000e+00  0.000000e+00 -1.000000e+00
   outer loop
     vertex  5.003425e+01  1.700408e+01  1.040000e+01
     vertex  5.006476e+01  1.697252e+01  1.040000e+01
     vertex  5.057405e+01  6.598179e+00  1.040000e+01
   endloop
 endfacet
 facet normal -0.000000e+00 -0.000000e+00 -1.000000e+00
   outer loop
     vertex  5.012830e+01  1.691195e+01  1.040000e+01
     vertex  5.060231e+01  6.631761e+00  1.040000e+01
     vertex  5.009611e+01  1.694180e+01  1.040000e+01
   endloop
 endfacet
 facet normal  0.000000e+00  0.000000e+00 -1.000000e+00
   outer loop
     vertex  5.012830e+01  1.691195e+01  1.040000e+01
     vertex  5.061713e+01  6.647958e+00  1.040000e+01
     vertex  5.060231e+01  6.631761e+00  1.040000e+01
   endloop
 endfacet
 facet normal  0.000000e+00  0.000000e+00 -1.000000e+00
   outer loop
     vertex  5.000462e+01  1.703648e+01  1.040000e+01
     vertex  5.056061e+01  6.580819e+00  1.040000e+01
     vertex  5.054766e+01  6.563097e+00  1.040000e+01
   endloop
 endfacet
 facet normal  0.000000e+00  0.000000e+00 -1.000000e+00
   outer loop
     vertex  5.000462e+01  1.703648e+01  1.040000e+01
     vertex  5.003425e+01  1.700408e+01  1.040000e+01
     vertex  5.056061e+01  6.580819e+00  1.040000e+01
   endloop
 endfacet
 facet normal -0.000000e+00 -0.000000e+00 -1.000000e+00
   outer loop
     vertex  5.016130e+01  1.688299e+01  1.040000e+01
     vertex  5.061713e+01  6.647958e+00  1.040000e+01
     vertex  5.012830e+01  1.691195e+01  1.040000e+01
   endloop
 endfacet
 facet normal  0.000000e+00  0.000000e+00 -1.000000e+00
   outer loop
     vertex  5.016130e+01  1.688299e+01  1.040000e+01
     vertex  5.063238e+01  6.663742e+00  1.040000e+01
     vertex  5.061713e+01  6.647958e+00  1.040000e+01
   endloop
 endfacet
 facet normal  0.000000e+00  0.000000e+00 -1.000000e+00
   outer loop
     vertex  4.997590e+01  1.706967e+01  1.040000e+01
     vertex  5.054766e+01  6.563097e+00  1.040000e+01
     vertex  5.053521e+01  6.545026e+00  1.040000e+01
   endloop
 endfacet
 facet normal  0.000000e+00  0.000000e+00 -1.000000e+00
   outer loop
     vertex  4.997590e+01  1.706967e+01  1.040000e+01
     vertex  5.000462e+01  1.703648e+01  1.040000e+01
     vertex  5.054766e+01  6.563097e+00  1.040000e+01
   endloop
 endfacet
 facet normal -0.000000e+00 -0.000000e+00 -1.000000e+00
   outer loop
     vertex  5.019508e+01  1.685496e+01  1.040000e+01
     vertex  5.063238e+01  6.663742e+00  1.040000e+01
     vertex  5.016130e+01  1.688299e+01  1.040000e+01
   endloop
 endfacet
 facet normal  0.000000e+00  0.000000e+00 -1.000000e+00
   outer loop
     vertex  5.019508e+01  1.685496e+01  1.040000e+01
     vertex  5.064806e+01  6.679102e+00  1.040000e+01
     vertex  5.063238e+01  6.663742e+00  1.040000e+01
   endloop
 endfacet
 facet normal  0.000000e+00  0.000000e+00 -1.000000e+00
   outer loop
     vertex  4.994809e+01  1.710364e+01  1.040000e+01
     vertex  5.053521e+01  6.545026e+00  1.040000e+01
     vertex  5.052325e+01  6.526621e+00  1.040000e+01
   endloop
 endfacet
 facet normal  0.000000e+00  0.000000e+00 -1.000000e+00
   outer loop
     vertex  4.994809e+01  1.710364e+01  1.040000e+01
     vertex  5.052325e+01  6.526621e+00  1.040000e+01
     vertex  5.051180e+01  6.507894e+00  1.040000e+01
   endloop
 endfacet
 facet normal  0.000000e+00  0.000000e+00 -1.000000e+00
   outer loop
     vertex  4.994809e+01  1.710364e+01  1.040000e+01
     vertex  4.997590e+01  1.706967e+01  1.040000e+01
     vertex  5.053521e+01  6.545026e+00  1.040000e+01
   endloop
 endfacet
 facet normal -0.000000e+00 -0.000000e+00 -1.000000e+00
   outer loop
     vertex  5.022961e+01  1.682786e+01  1.040000e+01
     vertex  5.064806e+01  6.679102e+00  1.040000e+01
     vertex  5.019508e+01  1.685496e+01  1.040000e+01
   endloop
 endfacet
 facet normal  0.000000e+00  0.000000e+00 -1.000000e+00
   outer loop
     vertex  5.022961e+01  1.682786e+01  1.040000e+01
     vertex  5.066415e+01  6.694026e+00  1.040000e+01
     vertex  5.064806e+01  6.679102e+00  1.040000e+01
   endloop
 endfacet
 facet normal  0.000000e+00  0.000000e+00 -1.000000e+00
   outer loop
     vertex  4.992123e+01  1.713836e+01  1.040000e+01
     vertex  5.051180e+01  6.507894e+00  1.040000e+01
     vertex  5.050087e+01  6.488861e+00  1.040000e+01
   endloop
 endfacet
 facet normal  0.000000e+00  0.000000e+00 -1.000000e+00
   outer loop
     vertex  4.992123e+01  1.713836e+01  1.040000e+01
     vertex  4.994809e+01  1.710364e+01  1.040000e+01
     vertex  5.051180e+01  6.507894e+00  1.040000e+01
   endloop
 endfacet
 facet normal -0.000000e+00 -0.000000e+00 -1.000000e+00
   outer loop
     vertex  5.026488e+01  1.680171e+01  1.040000e+01
     vertex  5.066415e+01  6.694026e+00  1.040000e+01
     vertex  5.022961e+01  1.682786e+01  1.040000e+01
   endloop
 endfacet
 facet normal  0.000000e+00  0.000000e+00 -1.000000e+00
   outer loop
     vertex  5.026488e+01  1.680171e+01  1.040000e+01
     vertex  5.069754e+01  6.722522e+00  1.040000e+01
     vertex  5.068065e+01  6.708503e+00  1.040000e+01
   endloop
 endfacet
 facet normal  0.000000e+00  0.000000e+00 -1.000000e+00
   outer loop
     vertex  5.026488e+01  1.680171e+01  1.040000e+01
     vertex  5.068065e+01  6.708503e+00  1.040000e+01
     vertex  5.066415e+01  6.694026e+00  1.040000e+01
   endloop
 endfacet
 facet normal  0.000000e+00  0.000000e+00 -1.000000e+00
   outer loop
     vertex  4.989533e+01  1.717381e+01  1.040000e+01
     vertex  5.050087e+01  6.488861e+00  1.040000e+01
     vertex  5.049046e+01  6.469534e+00  1.040000e+01
   endloop
 endfacet
 facet normal  0.000000e+00  0.000000e+00 -1.000000e+00
   outer loop
     vertex  4.989533e+01  1.717381e+01  1.040000e+01
     vertex  4.992123e+01  1.713836e+01  1.040000e+01
     vertex  5.050087e+01  6.488861e+00  1.040000e+01
   endloop
 endfacet
 facet normal -0.000000e+00 -0.000000e+00 -1.000000e+00
   outer loop
     vertex  5.030085e+01  1.677655e+01  1.040000e+01
     vertex  5.069754e+01  6.722522e+00  1.040000e+01
     vertex  5.026488e+01  1.680171e+01  1.040000e+01
   endloop
 endfacet
 facet normal  0.000000e+00  0.000000e+00 -1.000000e+00
   outer loop
     vertex  5.030085e+01  1.677655e+01  1.040000e+01
     vertex  5.071481e+01  6.736072e+00  1.040000e+01
     vertex  5.069754e+01  6.722522e+00  1.040000e+01
   endloop
 endfacet
 facet normal  0.000000e+00  0.000000e+00 -1.000000e+00
   outer loop
     vertex  4.987041e+01  1.720995e+01  1.040000e+01
     vertex  5.049046e+01  6.469534e+00  1.040000e+01
     vertex  5.048059e+01  6.449929e+00  1.040000e+01
   endloop
 endfacet
 facet normal  0.000000e+00  0.000000e+00 -1.000000e+00
   outer loop
     vertex  4.987041e+01  1.720995e+01  1.040000e+01
     vertex  4.989533e+01  1.717381e+01  1.040000e+01
     vertex  5.049046e+01  6.469534e+00  1.040000e+01
   endloop
 endfacet
 facet normal -0.000000e+00 -0.000000e+00 -1.000000e+00
   outer loop
     vertex  5.033749e+01  1.675238e+01  1.040000e+01
     vertex  5.071481e+01  6.736072e+00  1.040000e+01
     vertex  5.030085e+01  1.677655e+01  1.040000e+01
   endloop
 endfacet
 facet normal  0.000000e+00  0.000000e+00 -1.000000e+00
   outer loop
     vertex  5.033749e+01  1.675238e+01  1.040000e+01
     vertex  5.073244e+01  6.749143e+00  1.040000e+01
     vertex  5.071481e+01  6.736072e+00  1.040000e+01
   endloop
 endfacet
 facet normal  0.000000e+00  0.000000e+00 -1.000000e+00
   outer loop
     vertex  4.984649e+01  1.724676e+01  1.040000e+01
     vertex  5.048059e+01  6.449929e+00  1.040000e+01
     vertex  5.047126e+01  6.430061e+00  1.040000e+01
   endloop
 endfacet
 facet normal  0.000000e+00  0.000000e+00 -1.000000e+00
   outer loop
     vertex  4.984649e+01  1.724676e+01  1.040000e+01
     vertex  4.987041e+01  1.720995e+01  1.040000e+01
     vertex  5.048059e+01  6.449929e+00  1.040000e+01
   endloop
 endfacet
 facet normal -0.000000e+00 -0.000000e+00 -1.000000e+00
   outer loop
     vertex  5.037479e+01  1.672922e+01  1.040000e+01
     vertex  5.073244e+01  6.749143e+00  1.040000e+01
     vertex  5.033749e+01  1.675238e+01  1.040000e+01
   endloop
 endfacet
 facet normal  0.000000e+00  0.000000e+00 -1.000000e+00
   outer loop
     vertex  5.037479e+01  1.672922e+01  1.040000e+01
     vertex  5.075042e+01  6.761726e+00  1.040000e+01
     vertex  5.073244e+01  6.749143e+00  1.040000e+01
   endloop
 endfacet
 facet normal  0.000000e+00  0.000000e+00 -1.000000e+00
   outer loop
     vertex  4.982360e+01  1.728421e+01  1.040000e+01
     vertex  5.047126e+01  6.430061e+00  1.040000e+01
     vertex  5.046248e+01  6.409945e+00  1.040000e+01
   endloop
 endfacet
 facet normal  0.000000e+00  0.000000e+00 -1.000000e+00
   outer loop
     vertex  4.982360e+01  1.728421e+01  1.040000e+01
     vertex  4.984649e+01  1.724676e+01  1.040000e+01
     vertex  5.047126e+01  6.430061e+00  1.040000e+01
   endloop
 endfacet
 facet normal -0.000000e+00 -0.000000e+00 -1.000000e+00
   outer loop
     vertex  5.041271e+01  1.670710e+01  1.040000e+01
     vertex  5.075042e+01  6.761726e+00  1.040000e+01
     vertex  5.037479e+01  1.672922e+01  1.040000e+01
   endloop
 endfacet
 facet normal  0.000000e+00  0.000000e+00 -1.000000e+00
   outer loop
     vertex  5.041271e+01  1.670710e+01  1.040000e+01
     vertex  5.076875e+01  6.773811e+00  1.040000e+01
     vertex  5.075042e+01  6.761726e+00  1.040000e+01
   endloop
 endfacet
 facet normal  0.000000e+00  0.000000e+00 -1.000000e+00
   outer loop
     vertex  4.980173e+01  1.732228e+01  1.040000e+01
     vertex  4.982360e+01  1.728421e+01  1.040000e+01
     vertex  5.046248e+01  6.409945e+00  1.040000e+01
   endloop
 endfacet
 facet normal  0.000000e+00  0.000000e+00 -1.000000e+00
   outer loop
     vertex  4.980173e+01  1.732228e+01  1.040000e+01
     vertex  5.046248e+01  6.409945e+00  1.040000e+01
     vertex  5.045426e+01  6.389595e+00  1.040000e+01
   endloop
 endfacet
 facet normal -0.000000e+00 -0.000000e+00 -1.000000e+00
   outer loop
     vertex  5.045122e+01  1.668603e+01  1.040000e+01
     vertex  5.076875e+01  6.773811e+00  1.040000e+01
     vertex  5.041271e+01  1.670710e+01  1.040000e+01
   endloop
 endfacet
 facet normal  0.000000e+00  0.000000e+00 -1.000000e+00
   outer loop
     vertex  5.045122e+01  1.668603e+01  1.040000e+01
     vertex  5.078739e+01  6.785388e+00  1.040000e+01
     vertex  5.076875e+01  6.773811e+00  1.040000e+01
   endloop
 endfacet
 facet normal  0.000000e+00  0.000000e+00 -1.000000e+00
   outer loop
     vertex  4.978092e+01  1.736093e+01  1.040000e+01
     vertex  5.045426e+01  6.389595e+00  1.040000e+01
     vertex  5.044659e+01  6.369027e+00  1.040000e+01
   endloop
 endfacet
 facet normal  0.000000e+00  0.000000e+00 -1.000000e+00
   outer loop
     vertex  4.978092e+01  1.736093e+01  1.040000e+01
     vertex  4.980173e+01  1.732228e+01  1.040000e+01
     vertex  5.045426e+01  6.389595e+00  1.040000e+01
   endloop
 endfacet
 facet normal -0.000000e+00 -0.000000e+00 -1.000000e+00
   outer loop
     vertex  5.049029e+01  1.666602e+01  1.040000e+01
     vertex  5.078739e+01  6.785388e+00  1.040000e+01
     vertex  5.045122e+01  1.668603e+01  1.040000e+01
   endloop
 endfacet
 facet normal  0.000000e+00  0.000000e+00 -1.000000e+00
   outer loop
     vertex  5.049029e+01  1.666602e+01  1.040000e+01
     vertex  5.080635e+01  6.796450e+00  1.040000e+01
     vertex  5.078739e+01  6.785388e+00  1.040000e+01
   endloop
 endfacet
 facet normal  0.000000e+00  0.000000e+00 -1.000000e+00
   outer loop
     vertex  4.976118e+01  1.740014e+01  1.040000e+01
     vertex  5.044659e+01  6.369027e+00  1.040000e+01
     vertex  5.043949e+01  6.348257e+00  1.040000e+01
   endloop
 endfacet
 facet normal  0.000000e+00  0.000000e+00 -1.000000e+00
   outer loop
     vertex  4.976118e+01  1.740014e+01  1.040000e+01
     vertex  4.978092e+01  1.736093e+01  1.040000e+01
     vertex  5.044659e+01  6.369027e+00  1.040000e+01
   endloop
 endfacet
 facet normal -0.000000e+00 -0.000000e+00 -1.000000e+00
   outer loop
     vertex  5.052990e+01  1.664709e+01  1.040000e+01
     vertex  5.080635e+01  6.796450e+00  1.040000e+01
     vertex  5.049029e+01  1.666602e+01  1.040000e+01
   endloop
 endfacet
 facet normal  0.000000e+00  0.000000e+00 -1.000000e+00
   outer loop
     vertex  5.052990e+01  1.664709e+01  1.040000e+01
     vertex  5.082561e+01  6.806987e+00  1.040000e+01
     vertex  5.080635e+01  6.796450e+00  1.040000e+01
   endloop
 endfacet
 facet normal  0.000000e+00  0.000000e+00 -1.000000e+00
   outer loop
     vertex  4.974252e+01  1.743988e+01  1.040000e+01
     vertex  5.043949e+01  6.348257e+00  1.040000e+01
     vertex  5.043297e+01  6.327300e+00  1.040000e+01
   endloop
 endfacet
 facet normal  0.000000e+00  0.000000e+00 -1.000000e+00
   outer loop
     vertex  4.974252e+01  1.743988e+01  1.040000e+01
     vertex  4.976118e+01  1.740014e+01  1.040000e+01
     vertex  5.043949e+01  6.348257e+00  1.040000e+01
   endloop
 endfacet
 facet normal  0.000000e+00  0.000000e+00 -1.000000e+00
   outer loop
     vertex  5.057001e+01  1.662925e+01  1.040000e+01
     vertex  5.086495e+01  6.826457e+00  1.040000e+01
     vertex  5.084514e+01  6.816992e+00  1.040000e+01
   endloop
 endfacet
 facet normal  0.000000e+00  0.000000e+00 -1.000000e+00
   outer loop
     vertex  5.057001e+01  1.662925e+01  1.040000e+01
     vertex  5.084514e+01  6.816992e+00  1.040000e+01
     vertex  5.082561e+01  6.806987e+00  1.040000e+01
   endloop
 endfacet
 facet normal -0.000000e+00 -0.000000e+00 -1.000000e+00
   outer loop
     vertex  5.057001e+01  1.662925e+01  1.040000e+01
     vertex  5.082561e+01  6.806987e+00  1.040000e+01
     vertex  5.052990e+01  1.664709e+01  1.040000e+01
   endloop
 endfacet
 facet normal  0.000000e+00  0.000000e+00 -1.000000e+00
   outer loop
     vertex  4.972496e+01  1.748011e+01  1.040000e+01
     vertex  5.043297e+01  6.327300e+00  1.040000e+01
     vertex  5.042702e+01  6.306172e+00  1.040000e+01
   endloop
 endfacet
 facet normal  0.000000e+00  0.000000e+00 -1.000000e+00
   outer loop
     vertex  4.972496e+01  1.748011e+01  1.040000e+01
     vertex  4.974252e+01  1.743988e+01  1.040000e+01
     vertex  5.043297e+01  6.327300e+00  1.040000e+01
   endloop
 endfacet
 facet normal -0.000000e+00 -0.000000e+00 -1.000000e+00
   outer loop
     vertex  5.061059e+01  1.661252e+01  1.040000e+01
     vertex  5.086495e+01  6.826457e+00  1.040000e+01
     vertex  5.057001e+01  1.662925e+01  1.040000e+01
   endloop
 endfacet
 facet normal  0.000000e+00  0.000000e+00 -1.000000e+00
   outer loop
     vertex  5.061059e+01  1.661252e+01  1.040000e+01
     vertex  5.088500e+01  6.835376e+00  1.040000e+01
     vertex  5.086495e+01  6.826457e+00  1.040000e+01
   endloop
 endfacet
 facet normal  0.000000e+00  0.000000e+00 -1.000000e+00
   outer loop
     vertex  4.970851e+01  1.752081e+01  1.040000e+01
     vertex  5.042702e+01  6.306172e+00  1.040000e+01
     vertex  5.042166e+01  6.284888e+00  1.040000e+01
   endloop
 endfacet
 facet normal  0.000000e+00  0.000000e+00 -1.000000e+00
   outer loop
     vertex  4.970851e+01  1.752081e+01  1.040000e+01
     vertex  4.972496e+01  1.748011e+01  1.040000e+01
     vertex  5.042702e+01  6.306172e+00  1.040000e+01
   endloop
 endfacet
 facet normal  0.000000e+00  0.000000e+00 -1.000000e+00
   outer loop
     vertex  5.065162e+01  1.659691e+01  1.040000e+01
     vertex  5.090530e+01  6.843740e+00  1.040000e+01
     vertex  5.088500e+01  6.835376e+00  1.040000e+01
   endloop
 endfacet
 facet normal -0.000000e+00 -0.000000e+00 -1.000000e+00
   outer loop
     vertex  5.065162e+01  1.659691e+01  1.040000e+01
     vertex  5.088500e+01  6.835376e+00  1.040000e+01
     vertex  5.061059e+01  1.661252e+01  1.040000e+01
   endloop
 endfacet
 facet normal  0.000000e+00  0.000000e+00 -1.000000e+00
   outer loop
     vertex  4.969318e+01  1.756195e+01  1.040000e+01
     vertex  5.042166e+01  6.284888e+00  1.040000e+01
     vertex  5.041688e+01  6.263466e+00  1.040000e+01
   endloop
 endfacet
 facet normal  0.000000e+00 -0.000000e+00 -1.000000e+00
   outer loop
     vertex  4.969318e+01  1.756195e+01  1.040000e+01
     vertex  5.041688e+01  6.263466e+00  1.040000e+01
     vertex  1.000000e+01  2.800000e+00  1.040000e+01
   endloop
 endfacet
 facet normal  0.000000e+00  0.000000e+00 -1.000000e+00
   outer loop
     vertex  4.969318e+01  1.756195e+01  1.040000e+01
     vertex  4.970851e+01  1.752081e+01  1.040000e+01
     vertex  5.042166e+01  6.284888e+00  1.040000e+01
   endloop
 endfacet
 facet normal -0.000000e+00 -0.000000e+00 -1.000000e+00
   outer loop
     vertex  5.069306e+01  1.658243e+01  1.040000e+01
     vertex  5.090530e+01  6.843740e+00  1.040000e+01
     vertex  5.065162e+01  1.659691e+01  1.040000e+01
   endloop
 endfacet
 facet normal  0.000000e+00  0.000000e+00 -1.000000e+00
   outer loop
     vertex  5.069306e+01  1.658243e+01  1.040000e+01
     vertex  5.092581e+01  6.851545e+00  1.040000e+01
     vertex  5.090530e+01  6.843740e+00  1.040000e+01
   endloop
 endfacet
 facet normal  0.000000e+00 -0.000000e+00 -1.000000e+00
   outer loop
     vertex  4.967899e+01  1.760349e+01  1.040000e+01
     vertex  4.969318e+01  1.756195e+01  1.040000e+01
     vertex  1.000000e+01  2.800000e+00  1.040000e+01
   endloop
 endfacet
 facet normal -0.000000e+00 -0.000000e+00 -1.000000e+00
   outer loop
     vertex  5.073489e+01  1.656909e+01  1.040000e+01
     vertex  5.092581e+01  6.851545e+00  1.040000e+01
     vertex  5.069306e+01  1.658243e+01  1.040000e+01
   endloop
 endfacet
 facet normal  0.000000e+00  0.000000e+00 -1.000000e+00
   outer loop
     vertex  5.073489e+01  1.656909e+01  1.040000e+01
     vertex  5.094653e+01  6.858785e+00  1.040000e+01
     vertex  5.092581e+01  6.851545e+00  1.040000e+01
   endloop
 endfacet
 facet normal  0.000000e+00 -0.000000e+00 -1.000000e+00
   outer loop
     vertex  4.966594e+01  1.764540e+01  1.040000e+01
     vertex  4.967899e+01  1.760349e+01  1.040000e+01
     vertex  1.000000e+01  2.800000e+00  1.040000e+01
   endloop
 endfacet
 facet normal -0.000000e+00 -0.000000e+00 -1.000000e+00
   outer loop
     vertex  5.077706e+01  1.655691e+01  1.040000e+01
     vertex  5.094653e+01  6.858785e+00  1.040000e+01
     vertex  5.073489e+01  1.656909e+01  1.040000e+01
   endloop
 endfacet
 facet normal  0.000000e+00  0.000000e+00 -1.000000e+00
   outer loop
     vertex  5.077706e+01  1.655691e+01  1.040000e+01
     vertex  5.096744e+01  6.865453e+00  1.040000e+01
     vertex  5.094653e+01  6.858785e+00  1.040000e+01
   endloop
 endfacet
 facet normal -0.000000e+00  0.000000e+00 -1.000000e+00
   outer loop
     vertex  4.965405e+01  1.768766e+01  1.040000e+01
     vertex  1.000000e+01  2.800000e+00  1.040000e+01
     vertex  1.000000e+01  2.140000e+01  1.040000e+01
   endloop
 endfacet
 facet normal  0.000000e+00 -0.000000e+00 -1.000000e+00
   outer loop
     vertex  4.965405e+01  1.768766e+01  1.040000e+01
     vertex  4.966594e+01  1.764540e+01  1.040000e+01
     vertex  1.000000e+01  2.800000e+00  1.040000e+01
   endloop
 endfacet
 facet normal -0.000000e+00 -0.000000e+00 -1.000000e+00
   outer loop
     vertex  5.081955e+01  1.654589e+01  1.040000e+01
     vertex  5.096744e+01  6.865453e+00  1.040000e+01
     vertex  5.077706e+01  1.655691e+01  1.040000e+01
   endloop
 endfacet
 facet normal  0.000000e+00  0.000000e+00 -1.000000e+00
   outer loop
     vertex  5.081955e+01  1.654589e+01  1.040000e+01
     vertex  5.098853e+01  6.871544e+00  1.040000e+01
     vertex  5.096744e+01  6.865453e+00  1.040000e+01
   endloop
 endfacet
 facet normal -0.000000e+00 -0.000000e+00 -1.000000e+00
   outer loop
     vertex  4.964332e+01  1.773022e+01  1.040000e+01
     vertex  4.965405e+01  1.768766e+01  1.040000e+01
     vertex  1.000000e+01  2.140000e+01  1.040000e+01
   endloop
 endfacet
 facet normal -0.000000e+00 -0.000000e+00 -1.000000e+00
   outer loop
     vertex  5.086233e+01  1.653604e+01  1.040000e+01
     vertex  5.098853e+01  6.871544e+00  1.040000e+01
     vertex  5.081955e+01  1.654589e+01  1.040000e+01
   endloop
 endfacet
 facet normal  0.000000e+00  0.000000e+00 -1.000000e+00
   outer loop
     vertex  5.086233e+01  1.653604e+01  1.040000e+01
     vertex  5.100978e+01  6.877056e+00  1.040000e+01
     vertex  5.098853e+01  6.871544e+00  1.040000e+01
   endloop
 endfacet
 facet normal -0.000000e+00 -0.000000e+00 -1.000000e+00
   outer loop
     vertex  4.963376e+01  1.777307e+01  1.040000e+01
     vertex  4.964332e+01  1.773022e+01  1.040000e+01
     vertex  1.000000e+01  2.140000e+01  1.040000e+01
   endloop
 endfacet
 facet normal -0.000000e+00 -0.000000e+00 -1.000000e+00
   outer loop
     vertex  5.090537e+01  1.652736e+01  1.040000e+01
     vertex  5.100978e+01  6.877056e+00  1.040000e+01
     vertex  5.086233e+01  1.653604e+01  1.040000e+01
   endloop
 endfacet
 facet normal  0.000000e+00  0.000000e+00 -1.000000e+00
   outer loop
     vertex  5.090537e+01  1.652736e+01  1.040000e+01
     vertex  5.105268e+01  6.886319e+00  1.040000e+01
     vertex  5.103117e+01  6.881982e+00  1.040000e+01
   endloop
 endfacet
 facet normal  0.000000e+00  0.000000e+00 -1.000000e+00
   outer loop
     vertex  5.090537e+01  1.652736e+01  1.040000e+01
     vertex  5.103117e+01  6.881982e+00  1.040000e+01
     vertex  5.100978e+01  6.877056e+00  1.040000e+01
   endloop
 endfacet
 facet normal -0.000000e+00 -0.000000e+00 -1.000000e+00
   outer loop
     vertex  4.962538e+01  1.781616e+01  1.040000e+01
     vertex  4.963376e+01  1.777307e+01  1.040000e+01
     vertex  1.000000e+01  2.140000e+01  1.040000e+01
   endloop
 endfacet
 facet normal -0.000000e+00 -0.000000e+00 -1.000000e+00
   outer loop
     vertex  5.094862e+01  1.651987e+01  1.040000e+01
     vertex  5.105268e+01  6.886319e+00  1.040000e+01
     vertex  5.090537e+01  1.652736e+01  1.040000e+01
   endloop
 endfacet
 facet normal  0.000000e+00  0.000000e+00 -1.000000e+00
   outer loop
     vertex  5.094862e+01  1.651987e+01  1.040000e+01
     vertex  5.107431e+01  6.890065e+00  1.040000e+01
     vertex  5.105268e+01  6.886319e+00  1.040000e+01
   endloop
 endfacet
 facet normal -0.000000e+00 -0.000000e+00 -1.000000e+00
   outer loop
     vertex  4.961818e+01  1.785947e+01  1.040000e+01
     vertex  4.962538e+01  1.781616e+01  1.040000e+01
     vertex  1.000000e+01  2.140000e+01  1.040000e+01
   endloop
 endfacet
 facet normal -0.000000e+00 -0.000000e+00 -1.000000e+00
   outer loop
     vertex  5.099206e+01  1.651357e+01  1.040000e+01
     vertex  5.107431e+01  6.890065e+00  1.040000e+01
     vertex  5.094862e+01  1.651987e+01  1.040000e+01
   endloop
 endfacet
 facet normal  0.000000e+00  0.000000e+00 -1.000000e+00
   outer loop
     vertex  5.099206e+01  1.651357e+01  1.040000e+01
     vertex  5.109603e+01  6.893215e+00  1.040000e+01
     vertex  5.107431e+01  6.890065e+00  1.040000e+01
   endloop
 endfacet
 facet normal -0.000000e+00 -0.000000e+00 -1.000000e+00
   outer loop
     vertex  4.961218e+01  1.790295e+01  1.040000e+01
     vertex  4.961818e+01  1.785947e+01  1.040000e+01
     vertex  1.000000e+01  2.140000e+01  1.040000e+01
   endloop
 endfacet
 facet normal -0.000000e+00 -0.000000e+00 -1.000000e+00
   outer loop
     vertex  5.103567e+01  1.650846e+01  1.040000e+01
     vertex  5.109603e+01  6.893215e+00  1.040000e+01
     vertex  5.099206e+01  1.651357e+01  1.040000e+01
   endloop
 endfacet
 facet normal  0.000000e+00  0.000000e+00 -1.000000e+00
   outer loop
     vertex  5.103567e+01  1.650846e+01  1.040000e+01
     vertex  5.111783e+01  6.895769e+00  1.040000e+01
     vertex  5.109603e+01  6.893215e+00  1.040000e+01
   endloop
 endfacet
 facet normal -0.000000e+00 -0.000000e+00 -1.000000e+00
   outer loop
     vertex  4.960737e+01  1.794659e+01  1.040000e+01
     vertex  4.961218e+01  1.790295e+01  1.040000e+01
     vertex  1.000000e+01  2.140000e+01  1.040000e+01
   endloop
 endfacet
 facet normal -0.000000e+00 -0.000000e+00 -1.000000e+00
   outer loop
     vertex  5.107939e+01  1.650455e+01  1.040000e+01
     vertex  5.111783e+01  6.895769e+00  1.040000e+01
     vertex  5.103567e+01  1.650846e+01  1.040000e+01
   endloop
 endfacet
 facet normal  0.000000e+00  0.000000e+00 -1.000000e+00
   outer loop
     vertex  5.107939e+01  1.650455e+01  1.040000e+01
     vertex  5.113969e+01  6.897724e+00  1.040000e+01
     vertex  5.111783e+01  6.895769e+00  1.040000e+01
   endloop
 endfacet
 facet normal -0.000000e+00 -0.000000e+00 -1.000000e+00
   outer loop
     vertex  4.960376e+01  1.799034e+01  1.040000e+01
     vertex  4.960737e+01  1.794659e+01  1.040000e+01
     vertex  1.000000e+01  2.140000e+01  1.040000e+01
   endloop
 endfacet
 facet normal -0.000000e+00 -0.000000e+00 -1.000000e+00
   outer loop
     vertex  5.112320e+01  1.650184e+01  1.040000e+01
     vertex  5.113969e+01  6.897724e+00  1.040000e+01
     vertex  5.107939e+01  1.650455e+01  1.040000e+01
   endloop
 endfacet
 facet normal  0.000000e+00  0.000000e+00 -1.000000e+00
   outer loop
     vertex  5.112320e+01  1.650184e+01  1.040000e+01
     vertex  5.116160e+01  6.899078e+00  1.040000e+01
     vertex  5.113969e+01  6.897724e+00  1.040000e+01
   endloop
 endfacet
 facet normal -0.000000e+00 -0.000000e+00 -1.000000e+00
   outer loop
     vertex  4.960135e+01  1.803417e+01  1.040000e+01
     vertex  4.960376e+01  1.799034e+01  1.040000e+01
     vertex  1.000000e+01  2.140000e+01  1.040000e+01
   endloop
 endfacet
 facet normal -0.000000e+00  0.000000e+00 -1.000000e+00
   outer loop
     vertex  5.116708e+01  1.650034e+01  1.040000e+01
     vertex  5.116160e+01  6.899078e+00  1.040000e+01
     vertex  5.112320e+01  1.650184e+01  1.040000e+01
   endloop
 endfacet
 facet normal  0.000000e+00 -0.000000e+00 -1.000000e+00
   outer loop
     vertex  5.116708e+01  1.650034e+01  1.040000e+01
     vertex  5.118354e+01  6.899831e+00  1.040000e+01
     vertex  5.116160e+01  6.899078e+00  1.040000e+01
   endloop
 endfacet
 facet normal -0.000000e+00 -0.000000e+00 -1.000000e+00
   outer loop
     vertex  4.960015e+01  1.807805e+01  1.040000e+01
     vertex  4.960135e+01  1.803417e+01  1.040000e+01
     vertex  1.000000e+01  2.140000e+01  1.040000e+01
   endloop
 endfacet
 facet normal -0.000000e+00  0.000000e+00 -1.000000e+00
   outer loop
     vertex  5.121097e+01  1.650004e+01  1.040000e+01
     vertex  5.118354e+01  6.899831e+00  1.040000e+01
     vertex  5.116708e+01  1.650034e+01  1.040000e+01
   endloop
 endfacet
 facet normal  0.000000e+00 -0.000000e+00 -1.000000e+00
   outer loop
     vertex  5.121097e+01  1.650004e+01  1.040000e+01
     vertex  5.122743e+01  6.899530e+00  1.040000e+01
     vertex  5.120549e+01  6.899981e+00  1.040000e+01
   endloop
 endfacet
 facet normal  0.000000e+00  0.000000e+00 -1.000000e+00
   outer loop
     vertex  5.121097e+01  1.650004e+01  1.040000e+01
     vertex  5.120549e+01  6.899981e+00  1.040000e+01
     vertex  5.118354e+01  6.899831e+00  1.040000e+01
   endloop
 endfacet
 facet normal -0.000000e+00 -0.000000e+00 -1.000000e+00
   outer loop
     vertex  4.960015e+01  1.812195e+01  1.040000e+01
     vertex  4.960015e+01  1.807805e+01  1.040000e+01
     vertex  1.000000e+01  2.140000e+01  1.040000e+01
   endloop
 endfacet
 facet normal  0.000000e+00  0.000000e+00 -1.000000e+00
   outer loop
     vertex  5.125486e+01  1.650094e+01  1.040000e+01
     vertex  5.122743e+01  6.899530e+00  1.040000e+01
     vertex  5.121097e+01  1.650004e+01  1.040000e+01
   endloop
 endfacet
 facet normal  0.000000e+00  0.000000e+00 -1.000000e+00
   outer loop
     vertex  5.125486e+01  1.650094e+01  1.040000e+01
     vertex  5.124936e+01  6.898476e+00  1.040000e+01
     vertex  5.122743e+01  6.899530e+00  1.040000e+01
   endloop
 endfacet
 facet normal -0.000000e+00  0.000000e+00 -1.000000e+00
   outer loop
     vertex  4.960135e+01  1.816583e+01  1.040000e+01
     vertex  4.960015e+01  1.812195e+01  1.040000e+01
     vertex  1.000000e+01  2.140000e+01  1.040000e+01
   endloop
 endfacet
 facet normal  0.000000e+00  0.000000e+00 -1.000000e+00
   outer loop
     vertex  5.129871e+01  1.650305e+01  1.040000e+01
     vertex  5.124936e+01  6.898476e+00  1.040000e+01
     vertex  5.125486e+01  1.650094e+01  1.040000e+01
   endloop
 endfacet
 facet normal  0.000000e+00  0.000000e+00 -1.000000e+00
   outer loop
     vertex  5.129871e+01  1.650305e+01  1.040000e+01
     vertex  5.127124e+01  6.896821e+00  1.040000e+01
     vertex  5.124936e+01  6.898476e+00  1.040000e+01
   endloop
 endfacet
 facet normal -0.000000e+00  0.000000e+00 -1.000000e+00
   outer loop
     vertex  4.960376e+01  1.820966e+01  1.040000e+01
     vertex  4.960135e+01  1.816583e+01  1.040000e+01
     vertex  1.000000e+01  2.140000e+01  1.040000e+01
   endloop
 endfacet
 facet normal  0.000000e+00  0.000000e+00 -1.000000e+00
   outer loop
     vertex  5.134249e+01  1.650636e+01  1.040000e+01
     vertex  5.127124e+01  6.896821e+00  1.040000e+01
     vertex  5.129871e+01  1.650305e+01  1.040000e+01
   endloop
 endfacet
 facet normal  0.000000e+00  0.000000e+00 -1.000000e+00
   outer loop
     vertex  5.134249e+01  1.650636e+01  1.040000e+01
     vertex  5.129308e+01  6.894567e+00  1.040000e+01
     vertex  5.127124e+01  6.896821e+00  1.040000e+01
   endloop
 endfacet
 facet normal -0.000000e+00  0.000000e+00 -1.000000e+00
   outer loop
     vertex  4.960737e+01  1.825341e+01  1.040000e+01
     vertex  4.960376e+01  1.820966e+01  1.040000e+01
     vertex  1.000000e+01  2.140000e+01  1.040000e+01
   endloop
 endfacet
 facet normal  0.000000e+00  0.000000e+00 -1.000000e+00
   outer loop
     vertex  5.138615e+01  1.651087e+01  1.040000e+01
     vertex  5.131484e+01  6.891715e+00  1.040000e+01
     vertex  5.129308e+01  6.894567e+00  1.040000e+01
   endloop
 endfacet
 facet normal  0.000000e+00  0.000000e+00 -1.000000e+00
   outer loop
     vertex  5.138615e+01  1.651087e+01  1.040000e+01
     vertex  5.129308e+01  6.894567e+00  1.040000e+01
     vertex  5.134249e+01  1.650636e+01  1.040000e+01
   endloop
 endfacet
 facet normal -0.000000e+00  0.000000e+00 -1.000000e+00
   outer loop
     vertex  4.961218e+01  1.829705e+01  1.040000e+01
     vertex  4.960737e+01  1.825341e+01  1.040000e+01
     vertex  1.000000e+01  2.140000e+01  1.040000e+01
   endloop
 endfacet
 facet normal  0.000000e+00  0.000000e+00 -1.000000e+00
   outer loop
     vertex  5.142968e+01  1.651657e+01  1.040000e+01
     vertex  5.131484e+01  6.891715e+00  1.040000e+01
     vertex  5.138615e+01  1.651087e+01  1.040000e+01
   endloop
 endfacet
 facet normal  0.000000e+00  0.000000e+00 -1.000000e+00
   outer loop
     vertex  5.142968e+01  1.651657e+01  1.040000e+01
     vertex  5.133652e+01  6.888266e+00  1.040000e+01
     vertex  5.131484e+01  6.891715e+00  1.040000e+01
   endloop
 endfacet
 facet normal -0.000000e+00  0.000000e+00 -1.000000e+00
   outer loop
     vertex  4.961818e+01  1.834053e+01  1.040000e+01
     vertex  4.961218e+01  1.829705e+01  1.040000e+01
     vertex  1.000000e+01  2.140000e+01  1.040000e+01
   endloop
 endfacet
 facet normal  0.000000e+00  0.000000e+00 -1.000000e+00
   outer loop
     vertex  5.147303e+01  1.652347e+01  1.040000e+01
     vertex  5.135809e+01  6.884224e+00  1.040000e+01
     vertex  5.133652e+01  6.888266e+00  1.040000e+01
   endloop
 endfacet
 facet normal  0.000000e+00  0.000000e+00 -1.000000e+00
   outer loop
     vertex  5.147303e+01  1.652347e+01  1.040000e+01
     vertex  5.133652e+01  6.888266e+00  1.040000e+01
     vertex  5.142968e+01  1.651657e+01  1.040000e+01
   endloop
 endfacet
 facet normal  0.000000e+00  0.000000e+00 -1.000000e+00
   outer loop
     vertex  4.962538e+01  1.838384e+01  1.040000e+01
     vertex  1.000000e+01  2.140000e+01  1.040000e+01
     vertex  1.000000e+01  2.240000e+01  1.040000e+01
   endloop
 endfacet
 facet normal -0.000000e+00  0.000000e+00 -1.000000e+00
   outer loop
     vertex  4.962538e+01  1.838384e+01  1.040000e+01
     vertex  4.961818e+01  1.834053e+01  1.040000e+01
     vertex  1.000000e+01  2.140000e+01  1.040000e+01
   endloop
 endfacet
 facet normal  0.000000e+00  0.000000e+00 -1.000000e+00
   outer loop
     vertex  5.151618e+01  1.653155e+01  1.040000e+01
     vertex  5.135809e+01  6.884224e+00  1.040000e+01
     vertex  5.147303e+01  1.652347e+01  1.040000e+01
   endloop
 endfacet
 facet normal  0.000000e+00  0.000000e+00 -1.000000e+00
   outer loop
     vertex  5.151618e+01  1.653155e+01  1.040000e+01
     vertex  5.140086e+01  6.874373e+00  1.040000e+01
     vertex  5.137954e+01  6.879592e+00  1.040000e+01
   endloop
 endfacet
 facet normal  0.000000e+00  0.000000e+00 -1.000000e+00
   outer loop
     vertex  5.151618e+01  1.653155e+01  1.040000e+01
     vertex  5.137954e+01  6.879592e+00  1.040000e+01
     vertex  5.135809e+01  6.884224e+00  1.040000e+01
   endloop
 endfacet
 facet normal -0.000000e+00  0.000000e+00 -1.000000e+00
   outer loop
     vertex  4.963376e+01  1.842693e+01  1.040000e+01
     vertex  4.962538e+01  1.838384e+01  1.040000e+01
     vertex  1.000000e+01  2.240000e+01  1.040000e+01
   endloop
 endfacet
 facet normal  0.000000e+00  0.000000e+00 -1.000000e+00
   outer loop
     vertex  5.155909e+01  1.654082e+01  1.040000e+01
     vertex  5.140086e+01  6.874373e+00  1.040000e+01
     vertex  5.151618e+01  1.653155e+01  1.040000e+01
   endloop
 endfacet
 facet normal  0.000000e+00  0.000000e+00 -1.000000e+00
   outer loop
     vertex  5.155909e+01  1.654082e+01  1.040000e+01
     vertex  5.142203e+01  6.868571e+00  1.040000e+01
     vertex  5.140086e+01  6.874373e+00  1.040000e+01
   endloop
 endfacet
 facet normal -0.000000e+00  0.000000e+00 -1.000000e+00
   outer loop
     vertex  4.964332e+01  1.846978e+01  1.040000e+01
     vertex  4.963376e+01  1.842693e+01  1.040000e+01
     vertex  1.000000e+01  2.240000e+01  1.040000e+01
   endloop
 endfacet
 facet normal  0.000000e+00  0.000000e+00 -1.000000e+00
   outer loop
     vertex  5.160173e+01  1.655125e+01  1.040000e+01
     vertex  5.142203e+01  6.868571e+00  1.040000e+01
     vertex  5.155909e+01  1.654082e+01  1.040000e+01
   endloop
 endfacet
 facet normal  0.000000e+00  0.000000e+00 -1.000000e+00
   outer loop
     vertex  5.160173e+01  1.655125e+01  1.040000e+01
     vertex  5.144303e+01  6.862190e+00  1.040000e+01
     vertex  5.142203e+01  6.868571e+00  1.040000e+01
   endloop
 endfacet
 facet normal -0.000000e+00  0.000000e+00 -1.000000e+00
   outer loop
     vertex  4.965405e+01  1.851234e+01  1.040000e+01
     vertex  4.964332e+01  1.846978e+01  1.040000e+01
     vertex  1.000000e+01  2.240000e+01  1.040000e+01
   endloop
 endfacet
 facet normal  0.000000e+00  0.000000e+00 -1.000000e+00
   outer loop
     vertex  5.164407e+01  1.656286e+01  1.040000e+01
     vertex  5.144303e+01  6.862190e+00  1.040000e+01
     vertex  5.160173e+01  1.655125e+01  1.040000e+01
   endloop
 endfacet
 facet normal  0.000000e+00  0.000000e+00 -1.000000e+00
   outer loop
     vertex  5.164407e+01  1.656286e+01  1.040000e+01
     vertex  5.146385e+01  6.855236e+00  1.040000e+01
     vertex  5.144303e+01  6.862190e+00  1.040000e+01
   endloop
 endfacet
 facet normal -0.000000e+00  0.000000e+00 -1.000000e+00
   outer loop
     vertex  4.966594e+01  1.855460e+01  1.040000e+01
     vertex  4.965405e+01  1.851234e+01  1.040000e+01
     vertex  1.000000e+01  2.240000e+01  1.040000e+01
   endloop
 endfacet
 facet normal  0.000000e+00  0.000000e+00 -1.000000e+00
   outer loop
     vertex  5.168607e+01  1.657562e+01  1.040000e+01
     vertex  5.148447e+01  6.847713e+00  1.040000e+01
     vertex  5.146385e+01  6.855236e+00  1.040000e+01
   endloop
 endfacet
 facet normal  0.000000e+00  0.000000e+00 -1.000000e+00
   outer loop
     vertex  5.168607e+01  1.657562e+01  1.040000e+01
     vertex  5.146385e+01  6.855236e+00  1.040000e+01
     vertex  5.164407e+01  1.656286e+01  1.040000e+01
   endloop
 endfacet
 facet normal -0.000000e+00  0.000000e+00 -1.000000e+00
   outer loop
     vertex  4.967899e+01  1.859651e+01  1.040000e+01
     vertex  4.966594e+01  1.855460e+01  1.040000e+01
     vertex  1.000000e+01  2.240000e+01  1.040000e+01
   endloop
 endfacet
 facet normal  0.000000e+00  0.000000e+00 -1.000000e+00
   outer loop
     vertex  5.172771e+01  1.658953e+01  1.040000e+01
     vertex  5.150488e+01  6.839628e+00  1.040000e+01
     vertex  5.148447e+01  6.847713e+00  1.040000e+01
   endloop
 endfacet
 facet normal  0.000000e+00  0.000000e+00 -1.000000e+00
   outer loop
     vertex  5.172771e+01  1.658953e+01  1.040000e+01
     vertex  5.148447e+01  6.847713e+00  1.040000e+01
     vertex  5.168607e+01  1.657562e+01  1.040000e+01
   endloop
 endfacet
 facet normal -0.000000e+00  0.000000e+00 -1.000000e+00
   outer loop
     vertex  4.969318e+01  1.863805e+01  1.040000e+01
     vertex  4.967899e+01  1.859651e+01  1.040000e+01
     vertex  1.000000e+01  2.240000e+01  1.040000e+01
   endloop
 endfacet
 facet normal  0.000000e+00  0.000000e+00 -1.000000e+00
   outer loop
     vertex  5.176895e+01  1.660457e+01  1.040000e+01
     vertex  5.150488e+01  6.839628e+00  1.040000e+01
     vertex  5.172771e+01  1.658953e+01  1.040000e+01
   endloop
 endfacet
 facet normal  0.000000e+00  0.000000e+00 -1.000000e+00
   outer loop
     vertex  5.176895e+01  1.660457e+01  1.040000e+01
     vertex  5.152506e+01  6.830985e+00  1.040000e+01
     vertex  5.150488e+01  6.839628e+00  1.040000e+01
   endloop
 endfacet
 facet normal -0.000000e+00  0.000000e+00 -1.000000e+00
   outer loop
     vertex  4.970851e+01  1.867919e+01  1.040000e+01
     vertex  4.969318e+01  1.863805e+01  1.040000e+01
     vertex  1.000000e+01  2.240000e+01  1.040000e+01
   endloop
 endfacet
 facet normal  0.000000e+00  0.000000e+00 -1.000000e+00
   outer loop
     vertex  5.180976e+01  1.662074e+01  1.040000e+01
     vertex  5.152506e+01  6.830985e+00  1.040000e+01
     vertex  5.176895e+01  1.660457e+01  1.040000e+01
   endloop
 endfacet
 facet normal  0.000000e+00  0.000000e+00 -1.000000e+00
   outer loop
     vertex  5.180976e+01  1.662074e+01  1.040000e+01
     vertex  5.156466e+01  6.812056e+00  1.040000e+01
     vertex  5.154499e+01  6.821792e+00  1.040000e+01
   endloop
 endfacet
 facet normal  0.000000e+00  0.000000e+00 -1.000000e+00
   outer loop
     vertex  5.180976e+01  1.662074e+01  1.040000e+01
     vertex  5.154499e+01  6.821792e+00  1.040000e+01
     vertex  5.152506e+01  6.830985e+00  1.040000e+01
   endloop
 endfacet
 facet normal -0.000000e+00  0.000000e+00 -1.000000e+00
   outer loop
     vertex  4.972496e+01  1.871989e+01  1.040000e+01
     vertex  4.970851e+01  1.867919e+01  1.040000e+01
     vertex  1.000000e+01  2.240000e+01  1.040000e+01
   endloop
 endfacet
 facet normal  0.000000e+00  0.000000e+00 -1.000000e+00
   outer loop
     vertex  5.185011e+01  1.663803e+01  1.040000e+01
     vertex  5.156466e+01  6.812056e+00  1.040000e+01
     vertex  5.180976e+01  1.662074e+01  1.040000e+01
   endloop
 endfacet
 facet normal  0.000000e+00  0.000000e+00 -1.000000e+00
   outer loop
     vertex  5.185011e+01  1.663803e+01  1.040000e+01
     vertex  5.158406e+01  6.801784e+00  1.040000e+01
     vertex  5.156466e+01  6.812056e+00  1.040000e+01
   endloop
 endfacet
 facet normal -0.000000e+00  0.000000e+00 -1.000000e+00
   outer loop
     vertex  4.974252e+01  1.876012e+01  1.040000e+01
     vertex  4.972496e+01  1.871989e+01  1.040000e+01
     vertex  1.000000e+01  2.240000e+01  1.040000e+01
   endloop
 endfacet
 facet normal  0.000000e+00  0.000000e+00 -1.000000e+00
   outer loop
     vertex  5.188997e+01  1.665642e+01  1.040000e+01
     vertex  5.158406e+01  6.801784e+00  1.040000e+01
     vertex  5.185011e+01  1.663803e+01  1.040000e+01
   endloop
 endfacet
 facet normal  0.000000e+00  0.000000e+00 -1.000000e+00
   outer loop
     vertex  5.188997e+01  1.665642e+01  1.040000e+01
     vertex  5.160316e+01  6.790984e+00  1.040000e+01
     vertex  5.158406e+01  6.801784e+00  1.040000e+01
   endloop
 endfacet
 facet normal -0.000000e+00  0.000000e+00 -1.000000e+00
   outer loop
     vertex  4.976118e+01  1.879986e+01  1.040000e+01
     vertex  4.974252e+01  1.876012e+01  1.040000e+01
     vertex  1.000000e+01  2.240000e+01  1.040000e+01
   endloop
 endfacet
 facet normal  0.000000e+00  0.000000e+00 -1.000000e+00
   outer loop
     vertex  5.192932e+01  1.667589e+01  1.040000e+01
     vertex  5.160316e+01  6.790984e+00  1.040000e+01
     vertex  5.188997e+01  1.665642e+01  1.040000e+01
   endloop
 endfacet
 facet normal  0.000000e+00  0.000000e+00 -1.000000e+00
   outer loop
     vertex  5.192932e+01  1.667589e+01  1.040000e+01
     vertex  5.162197e+01  6.779663e+00  1.040000e+01
     vertex  5.160316e+01  6.790984e+00  1.040000e+01
   endloop
 endfacet
 facet normal -0.000000e+00  0.000000e+00 -1.000000e+00
   outer loop
     vertex  4.978092e+01  1.883907e+01  1.040000e+01
     vertex  4.976118e+01  1.879986e+01  1.040000e+01
     vertex  1.000000e+01  2.240000e+01  1.040000e+01
   endloop
 endfacet
 facet normal  0.000000e+00  0.000000e+00 -1.000000e+00
   outer loop
     vertex  5.196811e+01  1.669643e+01  1.040000e+01
     vertex  5.162197e+01  6.779663e+00  1.040000e+01
     vertex  5.192932e+01  1.667589e+01  1.040000e+01
   endloop
 endfacet
 facet normal  0.000000e+00  0.000000e+00 -1.000000e+00
   outer loop
     vertex  5.196811e+01  1.669643e+01  1.040000e+01
     vertex  5.164046e+01  6.767831e+00  1.040000e+01
     vertex  5.162197e+01  6.779663e+00  1.040000e+01
   endloop
 endfacet
 facet normal -0.000000e+00  0.000000e+00 -1.000000e+00
   outer loop
     vertex  4.980173e+01  1.887772e+01  1.040000e+01
     vertex  4.978092e+01  1.883907e+01  1.040000e+01
     vertex  1.000000e+01  2.240000e+01  1.040000e+01
   endloop
 endfacet
 facet normal  0.000000e+00  0.000000e+00 -1.000000e+00
   outer loop
     vertex  5.200633e+01  1.671803e+01  1.040000e+01
     vertex  5.164046e+01  6.767831e+00  1.040000e+01
     vertex  5.196811e+01  1.669643e+01  1.040000e+01
   endloop
 endfacet
 facet normal  0.000000e+00  0.000000e+00 -1.000000e+00
   outer loop
     vertex  5.200633e+01  1.671803e+01  1.040000e+01
     vertex  5.165861e+01  6.755496e+00  1.040000e+01
     vertex  5.164046e+01  6.767831e+00  1.040000e+01
   endloop
 endfacet
 facet normal -0.000000e+00  0.000000e+00 -1.000000e+00
   outer loop
     vertex  4.982360e+01  1.891579e+01  1.040000e+01
     vertex  4.980173e+01  1.887772e+01  1.040000e+01
     vertex  1.000000e+01  2.240000e+01  1.040000e+01
   endloop
 endfacet
 facet normal  0.000000e+00  0.000000e+00 -1.000000e+00
   outer loop
     vertex  5.204394e+01  1.674067e+01  1.040000e+01
     vertex  5.165861e+01  6.755496e+00  1.040000e+01
     vertex  5.200633e+01  1.671803e+01  1.040000e+01
   endloop
 endfacet
 facet normal  0.000000e+00  0.000000e+00 -1.000000e+00
   outer loop
     vertex  5.204394e+01  1.674067e+01  1.040000e+01
     vertex  5.167642e+01  6.742668e+00  1.040000e+01
     vertex  5.165861e+01  6.755496e+00  1.040000e+01
   endloop
 endfacet
 facet normal -0.000000e+00  0.000000e+00 -1.000000e+00
   outer loop
     vertex  4.984649e+01  1.895324e+01  1.040000e+01
     vertex  4.982360e+01  1.891579e+01  1.040000e+01
     vertex  1.000000e+01  2.240000e+01  1.040000e+01
   endloop
 endfacet
 facet normal  0.000000e+00  0.000000e+00 -1.000000e+00
   outer loop
     vertex  5.208091e+01  1.676434e+01  1.040000e+01
     vertex  5.167642e+01  6.742668e+00  1.040000e+01
     vertex  5.204394e+01  1.674067e+01  1.040000e+01
   endloop
 endfacet
 facet normal  0.000000e+00  0.000000e+00 -1.000000e+00
   outer loop
     vertex  5.208091e+01  1.676434e+01  1.040000e+01
     vertex  5.169387e+01  6.729356e+00  1.040000e+01
     vertex  5.167642e+01  6.742668e+00  1.040000e+01
   endloop
 endfacet
 facet normal -0.000000e+00  0.000000e+00 -1.000000e+00
   outer loop
     vertex  4.987041e+01  1.899005e+01  1.040000e+01
     vertex  4.984649e+01  1.895324e+01  1.040000e+01
     vertex  1.000000e+01  2.240000e+01  1.040000e+01
   endloop
 endfacet
 facet normal  0.000000e+00  0.000000e+00 -1.000000e+00
   outer loop
     vertex  5.211722e+01  1.678901e+01  1.040000e+01
     vertex  5.169387e+01  6.729356e+00  1.040000e+01
     vertex  5.208091e+01  1.676434e+01  1.040000e+01
   endloop
 endfacet
 facet normal  0.000000e+00  0.000000e+00 -1.000000e+00
   outer loop
     vertex  5.211722e+01  1.678901e+01  1.040000e+01
     vertex  5.172765e+01  6.701321e+00  1.040000e+01
     vertex  5.171095e+01  6.715570e+00  1.040000e+01
   endloop
 endfacet
 facet normal  0.000000e+00  0.000000e+00 -1.000000e+00
   outer loop
     vertex  5.211722e+01  1.678901e+01  1.040000e+01
     vertex  5.171095e+01  6.715570e+00  1.040000e+01
     vertex  5.169387e+01  6.729356e+00  1.040000e+01
   endloop
 endfacet
 facet normal -0.000000e+00  0.000000e+00 -1.000000e+00
   outer loop
     vertex  4.989533e+01  1.902619e+01  1.040000e+01
     vertex  4.987041e+01  1.899005e+01  1.040000e+01
     vertex  1.000000e+01  2.240000e+01  1.040000e+01
   endloop
 endfacet
 facet normal  0.000000e+00  0.000000e+00 -1.000000e+00
   outer loop
     vertex  5.215284e+01  1.681466e+01  1.040000e+01
     vertex  5.172765e+01  6.701321e+00  1.040000e+01
     vertex  5.211722e+01  1.678901e+01  1.040000e+01
   endloop
 endfacet
 facet normal  0.000000e+00  0.000000e+00 -1.000000e+00
   outer loop
     vertex  5.215284e+01  1.681466e+01  1.040000e+01
     vertex  5.174395e+01  6.686619e+00  1.040000e+01
     vertex  5.172765e+01  6.701321e+00  1.040000e+01
   endloop
 endfacet
 facet normal -0.000000e+00  0.000000e+00 -1.000000e+00
   outer loop
     vertex  4.992123e+01  1.906164e+01  1.040000e+01
     vertex  4.989533e+01  1.902619e+01  1.040000e+01
     vertex  1.000000e+01  2.240000e+01  1.040000e+01
   endloop
 endfacet
 facet normal  0.000000e+00  0.000000e+00 -1.000000e+00
   outer loop
     vertex  5.218775e+01  1.684129e+01  1.040000e+01
     vertex  5.175984e+01  6.671476e+00  1.040000e+01
     vertex  5.174395e+01  6.686619e+00  1.040000e+01
   endloop
 endfacet
 facet normal  0.000000e+00  0.000000e+00 -1.000000e+00
   outer loop
     vertex  5.218775e+01  1.684129e+01  1.040000e+01
     vertex  5.174395e+01  6.686619e+00  1.040000e+01
     vertex  5.215284e+01  1.681466e+01  1.040000e+01
   endloop
 endfacet
 facet normal -0.000000e+00  0.000000e+00 -1.000000e+00
   outer loop
     vertex  4.994809e+01  1.909636e+01  1.040000e+01
     vertex  4.992123e+01  1.906164e+01  1.040000e+01
     vertex  1.000000e+01  2.240000e+01  1.040000e+01
   endloop
 endfacet
 facet normal  0.000000e+00  0.000000e+00 -1.000000e+00
   outer loop
     vertex  5.222191e+01  1.686886e+01  1.040000e+01
     vertex  5.175984e+01  6.671476e+00  1.040000e+01
     vertex  5.218775e+01  1.684129e+01  1.040000e+01
   endloop
 endfacet
 facet normal  0.000000e+00  0.000000e+00 -1.000000e+00
   outer loop
     vertex  5.222191e+01  1.686886e+01  1.040000e+01
     vertex  5.177530e+01  6.655902e+00  1.040000e+01
     vertex  5.175984e+01  6.671476e+00  1.040000e+01
   endloop
 endfacet
 facet normal -0.000000e+00  0.000000e+00 -1.000000e+00
   outer loop
     vertex  4.997590e+01  1.913033e+01  1.040000e+01
     vertex  4.994809e+01  1.909636e+01  1.040000e+01
     vertex  1.000000e+01  2.240000e+01  1.040000e+01
   endloop
 endfacet
 facet normal  0.000000e+00  0.000000e+00 -1.000000e+00
   outer loop
     vertex  5.225530e+01  1.689736e+01  1.040000e+01
     vertex  5.179034e+01  6.639910e+00  1.040000e+01
     vertex  5.177530e+01  6.655902e+00  1.040000e+01
   endloop
 endfacet
 facet normal  0.000000e+00  0.000000e+00 -1.000000e+00
   outer loop
     vertex  5.225530e+01  1.689736e+01  1.040000e+01
     vertex  5.177530e+01  6.655902e+00  1.040000e+01
     vertex  5.222191e+01  1.686886e+01  1.040000e+01
   endloop
 endfacet
 facet normal -0.000000e+00  0.000000e+00 -1.000000e+00
   outer loop
     vertex  5.000462e+01  1.916352e+01  1.040000e+01
     vertex  4.997590e+01  1.913033e+01  1.040000e+01
     vertex  1.000000e+01  2.240000e+01  1.040000e+01
   endloop
 endfacet
 facet normal  0.000000e+00  0.000000e+00 -1.000000e+00
   outer loop
     vertex  5.228789e+01  1.692676e+01  1.040000e+01
     vertex  5.180493e+01  6.623511e+00  1.040000e+01
     vertex  5.179034e+01  6.639910e+00  1.040000e+01
   endloop
 endfacet
 facet normal  0.000000e+00  0.000000e+00 -1.000000e+00
   outer loop
     vertex  5.228789e+01  1.692676e+01  1.040000e+01
     vertex  5.179034e+01  6.639910e+00  1.040000e+01
     vertex  5.225530e+01  1.689736e+01  1.040000e+01
   endloop
 endfacet
 facet normal -0.000000e+00  0.000000e+00 -1.000000e+00
   outer loop
     vertex  5.003425e+01  1.919592e+01  1.040000e+01
     vertex  5.000462e+01  1.916352e+01  1.040000e+01
     vertex  1.000000e+01  2.240000e+01  1.040000e+01
   endloop
 endfacet
 facet normal  0.000000e+00  0.000000e+00 -1.000000e+00
   outer loop
     vertex  5.231967e+01  1.695705e+01  1.040000e+01
     vertex  5.181906e+01  6.606719e+00  1.040000e+01
     vertex  5.180493e+01  6.623511e+00  1.040000e+01
   endloop
 endfacet
 facet normal  0.000000e+00  0.000000e+00 -1.000000e+00
   outer loop
     vertex  5.231967e+01  1.695705e+01  1.040000e+01
     vertex  5.180493e+01  6.623511e+00  1.040000e+01
     vertex  5.228789e+01  1.692676e+01  1.040000e+01
   endloop
 endfacet
 facet normal -0.000000e+00  0.000000e+00 -1.000000e+00
   outer loop
     vertex  5.006476e+01  1.922748e+01  1.040000e+01
     vertex  5.003425e+01  1.919592e+01  1.040000e+01
     vertex  1.000000e+01  2.240000e+01  1.040000e+01
   endloop
 endfacet
 facet normal  0.000000e+00  0.000000e+00 -1.000000e+00
   outer loop
     vertex  5.235060e+01  1.698820e+01  1.040000e+01
     vertex  5.181906e+01  6.606719e+00  1.040000e+01
     vertex  5.231967e+01  1.695705e+01  1.040000e+01
   endloop
 endfacet
 facet normal  0.000000e+00  0.000000e+00 -1.000000e+00
   outer loop
     vertex  5.235060e+01  1.698820e+01  1.040000e+01
     vertex  5.183273e+01  6.589545e+00  1.040000e+01
     vertex  5.181906e+01  6.606719e+00  1.040000e+01
   endloop
 endfacet
 facet normal -0.000000e+00  0.000000e+00 -1.000000e+00
   outer loop
     vertex  5.009611e+01  1.925820e+01  1.040000e+01
     vertex  5.006476e+01  1.922748e+01  1.040000e+01
     vertex  1.000000e+01  2.240000e+01  1.040000e+01
   endloop
 endfacet
 facet normal  0.000000e+00  0.000000e+00 -1.000000e+00
   outer loop
     vertex  5.238067e+01  1.702018e+01  1.040000e+01
     vertex  5.184592e+01  6.572002e+00  1.040000e+01
     vertex  5.183273e+01  6.589545e+00  1.040000e+01
   endloop
 endfacet
 facet normal  0.000000e+00  0.000000e+00 -1.000000e+00
   outer loop
     vertex  5.238067e+01  1.702018e+01  1.040000e+01
     vertex  5.183273e+01  6.589545e+00  1.040000e+01
     vertex  5.235060e+01  1.698820e+01  1.040000e+01
   endloop
 endfacet
 facet normal -0.000000e+00  0.000000e+00 -1.000000e+00
   outer loop
     vertex  5.012830e+01  1.928805e+01  1.040000e+01
     vertex  5.009611e+01  1.925820e+01  1.040000e+01
     vertex  1.000000e+01  2.240000e+01  1.040000e+01
   endloop
 endfacet
 facet normal  0.000000e+00  0.000000e+00 -1.000000e+00
   outer loop
     vertex  5.240985e+01  1.705298e+01  1.040000e+01
     vertex  5.185863e+01  6.554104e+00  1.040000e+01
     vertex  5.184592e+01  6.572002e+00  1.040000e+01
   endloop
 endfacet
 facet normal  0.000000e+00  0.000000e+00 -1.000000e+00
   outer loop
     vertex  5.240985e+01  1.705298e+01  1.040000e+01
     vertex  5.184592e+01  6.572002e+00  1.040000e+01
     vertex  5.238067e+01  1.702018e+01  1.040000e+01
   endloop
 endfacet
 facet normal -0.000000e+00  0.000000e+00 -1.000000e+00
   outer loop
     vertex  5.016130e+01  1.931701e+01  1.040000e+01
     vertex  5.012830e+01  1.928805e+01  1.040000e+01
     vertex  1.000000e+01  2.240000e+01  1.040000e+01
   endloop
 endfacet
 facet normal  0.000000e+00  0.000000e+00 -1.000000e+00
   outer loop
     vertex  5.243812e+01  1.708656e+01  1.040000e+01
     vertex  5.187084e+01  6.535865e+00  1.040000e+01
     vertex  5.185863e+01  6.554104e+00  1.040000e+01
   endloop
 endfacet
 facet normal  0.000000e+00  0.000000e+00 -1.000000e+00
   outer loop
     vertex  5.243812e+01  1.708656e+01  1.040000e+01
     vertex  5.185863e+01  6.554104e+00  1.040000e+01
     vertex  5.240985e+01  1.705298e+01  1.040000e+01
   endloop
 endfacet
 facet normal -0.000000e+00  0.000000e+00 -1.000000e+00
   outer loop
     vertex  5.019508e+01  1.934504e+01  1.040000e+01
     vertex  5.016130e+01  1.931701e+01  1.040000e+01
     vertex  1.000000e+01  2.240000e+01  1.040000e+01
   endloop
 endfacet
 facet normal  0.000000e+00  0.000000e+00 -1.000000e+00
   outer loop
     vertex  5.246546e+01  1.712091e+01  1.040000e+01
     vertex  5.188254e+01  6.517297e+00  1.040000e+01
     vertex  5.187084e+01  6.535865e+00  1.040000e+01
   endloop
 endfacet
 facet normal  0.000000e+00  0.000000e+00 -1.000000e+00
   outer loop
     vertex  5.246546e+01  1.712091e+01  1.040000e+01
     vertex  5.187084e+01  6.535865e+00  1.040000e+01
     vertex  5.243812e+01  1.708656e+01  1.040000e+01
   endloop
 endfacet
 facet normal  0.000000e+00 -0.000000e+00 -1.000000e+00
   outer loop
     vertex  5.246546e+01  1.712091e+01  1.040000e+01
     vertex  5.640000e+01  2.800000e+00  1.040000e+01
     vertex  5.188254e+01  6.517297e+00  1.040000e+01
   endloop
 endfacet
 facet normal -0.000000e+00  0.000000e+00 -1.000000e+00
   outer loop
     vertex  5.022961e+01  1.937214e+01  1.040000e+01
     vertex  5.019508e+01  1.934504e+01  1.040000e+01
     vertex  1.000000e+01  2.240000e+01  1.040000e+01
   endloop
 endfacet
 facet normal  0.000000e+00 -0.000000e+00 -1.000000e+00
   outer loop
     vertex  5.249184e+01  1.715600e+01  1.040000e+01
     vertex  5.640000e+01  2.800000e+00  1.040000e+01
     vertex  5.246546e+01  1.712091e+01  1.040000e+01
   endloop
 endfacet
 facet normal -0.000000e+00  0.000000e+00 -1.000000e+00
   outer loop
     vertex  5.026488e+01  1.939829e+01  1.040000e+01
     vertex  5.022961e+01  1.937214e+01  1.040000e+01
     vertex  1.000000e+01  2.240000e+01  1.040000e+01
   endloop
 endfacet
 facet normal  0.000000e+00 -0.000000e+00 -1.000000e+00
   outer loop
     vertex  5.251725e+01  1.719179e+01  1.040000e+01
     vertex  5.640000e+01  2.800000e+00  1.040000e+01
     vertex  5.249184e+01  1.715600e+01  1.040000e+01
   endloop
 endfacet
 facet normal -0.000000e+00  0.000000e+00 -1.000000e+00
   outer loop
     vertex  5.030085e+01  1.942345e+01  1.040000e+01
     vertex  5.026488e+01  1.939829e+01  1.040000e+01
     vertex  1.000000e+01  2.240000e+01  1.040000e+01
   endloop
 endfacet
 facet normal  0.000000e+00 -0.000000e+00 -1.000000e+00
   outer loop
     vertex  5.254167e+01  1.722827e+01  1.040000e+01
     vertex  5.640000e+01  2.800000e+00  1.040000e+01
     vertex  5.251725e+01  1.719179e+01  1.040000e+01
   endloop
 endfacet
 facet normal -0.000000e+00  0.000000e+00 -1.000000e+00
   outer loop
     vertex  5.033749e+01  1.944762e+01  1.040000e+01
     vertex  5.030085e+01  1.942345e+01  1.040000e+01
     vertex  1.000000e+01  2.240000e+01  1.040000e+01
   endloop
 endfacet
 facet normal  0.000000e+00  0.000000e+00 -1.000000e+00
   outer loop
     vertex  5.256508e+01  1.726541e+01  1.040000e+01
     vertex  6.640000e+01  2.800000e+00  1.040000e+01
     vertex  5.640000e+01  2.800000e+00  1.040000e+01
   endloop
 endfacet
 facet normal  0.000000e+00 -0.000000e+00 -1.000000e+00
   outer loop
     vertex  5.256508e+01  1.726541e+01  1.040000e+01
     vertex  5.640000e+01  2.800000e+00  1.040000e+01
     vertex  5.254167e+01  1.722827e+01  1.040000e+01
   endloop
 endfacet
 facet normal -0.000000e+00  0.000000e+00 -1.000000e+00
   outer loop
     vertex  5.037479e+01  1.947078e+01  1.040000e+01
     vertex  5.033749e+01  1.944762e+01  1.040000e+01
     vertex  1.000000e+01  2.240000e+01  1.040000e+01
   endloop
 endfacet
 facet normal  0.000000e+00 -0.000000e+00 -1.000000e+00
   outer loop
     vertex  5.258747e+01  1.730317e+01  1.040000e+01
     vertex  6.640000e+01  2.800000e+00  1.040000e+01
     vertex  5.256508e+01  1.726541e+01  1.040000e+01
   endloop
 endfacet
 facet normal -0.000000e+00  0.000000e+00 -1.000000e+00
   outer loop
     vertex  5.041271e+01  1.949290e+01  1.040000e+01
     vertex  5.037479e+01  1.947078e+01  1.040000e+01
     vertex  1.000000e+01  2.240000e+01  1.040000e+01
   endloop
 endfacet
 facet normal  0.000000e+00  0.000000e+00 -1.000000e+00
   outer loop
     vertex  5.640000e+01  2.140000e+01  1.040000e+01
     vertex  5.280000e+01  1.810000e+01  1.040000e+01
     vertex  5.279940e+01  1.814389e+01  1.040000e+01
   endloop
 endfacet
 facet normal  0.000000e+00  0.000000e+00 -1.000000e+00
   outer loop
     vertex  5.640000e+01  2.140000e+01  1.040000e+01
     vertex  5.279940e+01  1.814389e+01  1.040000e+01
     vertex  5.279759e+01  1.818776e+01  1.040000e+01
   endloop
 endfacet
 facet normal  0.000000e+00  0.000000e+00 -1.000000e+00
   outer loop
     vertex  5.640000e+01  2.140000e+01  1.040000e+01
     vertex  5.279759e+01  1.818776e+01  1.040000e+01
     vertex  5.279458e+01  1.823155e+01  1.040000e+01
   endloop
 endfacet
 facet normal  0.000000e+00  0.000000e+00 -1.000000e+00
   outer loop
     vertex  5.640000e+01  2.140000e+01  1.040000e+01
     vertex  5.279458e+01  1.823155e+01  1.040000e+01
     vertex  5.279037e+01  1.827525e+01  1.040000e+01
   endloop
 endfacet
 facet normal  0.000000e+00  0.000000e+00 -1.000000e+00
   outer loop
     vertex  5.640000e+01  2.140000e+01  1.040000e+01
     vertex  5.279037e+01  1.827525e+01  1.040000e+01
     vertex  5.278497e+01  1.831881e+01  1.040000e+01
   endloop
 endfacet
 facet normal  0.000000e+00  0.000000e+00 -1.000000e+00
   outer loop
     vertex  5.640000e+01  2.140000e+01  1.040000e+01
     vertex  5.278497e+01  1.831881e+01  1.040000e+01
     vertex  5.277837e+01  1.836221e+01  1.040000e+01
   endloop
 endfacet
 facet normal  0.000000e+00  0.000000e+00 -1.000000e+00
   outer loop
     vertex  5.640000e+01  2.140000e+01  1.040000e+01
     vertex  5.277837e+01  1.836221e+01  1.040000e+01
     vertex  5.277058e+01  1.840541e+01  1.040000e+01
   endloop
 endfacet
 facet normal  0.000000e+00  0.000000e+00 -1.000000e+00
   outer loop
     vertex  5.640000e+01  2.140000e+01  1.040000e+01
     vertex  5.277058e+01  1.840541e+01  1.040000e+01
     vertex  5.276161e+01  1.844839e+01  1.040000e+01
   endloop
 endfacet
 facet normal  0.000000e+00  0.000000e+00 -1.000000e+00
   outer loop
     vertex  5.640000e+01  2.140000e+01  1.040000e+01
     vertex  5.276161e+01  1.844839e+01  1.040000e+01
     vertex  5.275146e+01  1.849110e+01  1.040000e+01
   endloop
 endfacet
 facet normal  0.000000e+00  0.000000e+00 -1.000000e+00
   outer loop
     vertex  5.640000e+01  2.140000e+01  1.040000e+01
     vertex  5.275146e+01  1.849110e+01  1.040000e+01
     vertex  5.274015e+01  1.853351e+01  1.040000e+01
   endloop
 endfacet
 facet normal  0.000000e+00  0.000000e+00 -1.000000e+00
   outer loop
     vertex  5.640000e+01  2.140000e+01  1.040000e+01
     vertex  5.262908e+01  1.738047e+01  1.040000e+01
     vertex  5.264828e+01  1.741995e+01  1.040000e+01
   endloop
 endfacet
 facet normal  0.000000e+00  0.000000e+00 -1.000000e+00
   outer loop
     vertex  5.640000e+01  2.140000e+01  1.040000e+01
     vertex  5.274015e+01  1.853351e+01  1.040000e+01
     vertex  5.272768e+01  1.857560e+01  1.040000e+01
   endloop
 endfacet
 facet normal  0.000000e+00  0.000000e+00 -1.000000e+00
   outer loop
     vertex  5.640000e+01  2.140000e+01  1.040000e+01
     vertex  5.264828e+01  1.741995e+01  1.040000e+01
     vertex  5.266640e+01  1.745993e+01  1.040000e+01
   endloop
 endfacet
 facet normal  0.000000e+00  0.000000e+00 -1.000000e+00
   outer loop
     vertex  5.640000e+01  2.140000e+01  1.040000e+01
     vertex  5.272768e+01  1.857560e+01  1.040000e+01
     vertex  5.271406e+01  1.861733e+01  1.040000e+01
   endloop
 endfacet
 facet normal  0.000000e+00  0.000000e+00 -1.000000e+00
   outer loop
     vertex  5.640000e+01  2.140000e+01  1.040000e+01
     vertex  5.266640e+01  1.745993e+01  1.040000e+01
     vertex  5.268340e+01  1.750040e+01  1.040000e+01
   endloop
 endfacet
 facet normal  0.000000e+00  0.000000e+00 -1.000000e+00
   outer loop
     vertex  5.640000e+01  2.140000e+01  1.040000e+01
     vertex  5.271406e+01  1.861733e+01  1.040000e+01
     vertex  5.269929e+01  1.865868e+01  1.040000e+01
   endloop
 endfacet
 facet normal  0.000000e+00  0.000000e+00 -1.000000e+00
   outer loop
     vertex  5.640000e+01  2.140000e+01  1.040000e+01
     vertex  5.268340e+01  1.750040e+01  1.040000e+01
     vertex  5.269929e+01  1.754132e+01  1.040000e+01
   endloop
 endfacet
 facet normal  0.000000e+00  0.000000e+00 -1.000000e+00
   outer loop
     vertex  5.640000e+01  2.140000e+01  1.040000e+01
     vertex  5.269929e+01  1.865868e+01  1.040000e+01
     vertex  5.268340e+01  1.869960e+01  1.040000e+01
   endloop
 endfacet
 facet normal  0.000000e+00  0.000000e+00 -1.000000e+00
   outer loop
     vertex  5.640000e+01  2.140000e+01  1.040000e+01
     vertex  5.269929e+01  1.754132e+01  1.040000e+01
     vertex  5.271406e+01  1.758267e+01  1.040000e+01
   endloop
 endfacet
 facet normal  0.000000e+00  0.000000e+00 -1.000000e+00
   outer loop
     vertex  5.640000e+01  2.140000e+01  1.040000e+01
     vertex  5.268340e+01  1.869960e+01  1.040000e+01
     vertex  5.266640e+01  1.874007e+01  1.040000e+01
   endloop
 endfacet
 facet normal  0.000000e+00  0.000000e+00 -1.000000e+00
   outer loop
     vertex  5.640000e+01  2.140000e+01  1.040000e+01
     vertex  5.271406e+01  1.758267e+01  1.040000e+01
     vertex  5.272768e+01  1.762440e+01  1.040000e+01
   endloop
 endfacet
 facet normal  0.000000e+00  0.000000e+00 -1.000000e+00
   outer loop
     vertex  5.640000e+01  2.140000e+01  1.040000e+01
     vertex  5.266640e+01  1.874007e+01  1.040000e+01
     vertex  5.264828e+01  1.878005e+01  1.040000e+01
   endloop
 endfacet
 facet normal  0.000000e+00  0.000000e+00 -1.000000e+00
   outer loop
     vertex  5.640000e+01  2.140000e+01  1.040000e+01
     vertex  5.272768e+01  1.762440e+01  1.040000e+01
     vertex  5.274015e+01  1.766649e+01  1.040000e+01
   endloop
 endfacet
 facet normal  0.000000e+00  0.000000e+00 -1.000000e+00
   outer loop
     vertex  5.640000e+01  2.140000e+01  1.040000e+01
     vertex  5.264828e+01  1.878005e+01  1.040000e+01
     vertex  5.262908e+01  1.881953e+01  1.040000e+01
   endloop
 endfacet
 facet normal  0.000000e+00  0.000000e+00 -1.000000e+00
   outer loop
     vertex  5.640000e+01  2.140000e+01  1.040000e+01
     vertex  5.274015e+01  1.766649e+01  1.040000e+01
     vertex  5.275146e+01  1.770890e+01  1.040000e+01
   endloop
 endfacet
 facet normal  0.000000e+00  0.000000e+00 -1.000000e+00
   outer loop
     vertex  5.640000e+01  2.140000e+01  1.040000e+01
     vertex  5.262908e+01  1.881953e+01  1.040000e+01
     vertex  5.260880e+01  1.885847e+01  1.040000e+01
   endloop
 endfacet
 facet normal  0.000000e+00  0.000000e+00 -1.000000e+00
   outer loop
     vertex  5.640000e+01  2.140000e+01  1.040000e+01
     vertex  5.275146e+01  1.770890e+01  1.040000e+01
     vertex  5.276161e+01  1.775161e+01  1.040000e+01
   endloop
 endfacet
 facet normal  0.000000e+00  0.000000e+00 -1.000000e+00
   outer loop
     vertex  5.640000e+01  2.140000e+01  1.040000e+01
     vertex  5.260880e+01  1.885847e+01  1.040000e+01
     vertex  5.258747e+01  1.889683e+01  1.040000e+01
   endloop
 endfacet
 facet normal  0.000000e+00  0.000000e+00 -1.000000e+00
   outer loop
     vertex  5.640000e+01  2.140000e+01  1.040000e+01
     vertex  5.276161e+01  1.775161e+01  1.040000e+01
     vertex  5.277058e+01  1.779459e+01  1.040000e+01
   endloop
 endfacet
 facet normal  0.000000e+00  0.000000e+00 -1.000000e+00
   outer loop
     vertex  5.640000e+01  2.140000e+01  1.040000e+01
     vertex  5.258747e+01  1.889683e+01  1.040000e+01
     vertex  5.256508e+01  1.893459e+01  1.040000e+01
   endloop
 endfacet
 facet normal  0.000000e+00  0.000000e+00 -1.000000e+00
   outer loop
     vertex  5.640000e+01  2.140000e+01  1.040000e+01
     vertex  5.277058e+01  1.779459e+01  1.040000e+01
     vertex  5.277837e+01  1.783779e+01  1.040000e+01
   endloop
 endfacet
 facet normal  0.000000e+00  0.000000e+00 -1.000000e+00
   outer loop
     vertex  5.640000e+01  2.140000e+01  1.040000e+01
     vertex  5.256508e+01  1.893459e+01  1.040000e+01
     vertex  5.254167e+01  1.897173e+01  1.040000e+01
   endloop
 endfacet
 facet normal  0.000000e+00  0.000000e+00 -1.000000e+00
   outer loop
     vertex  5.640000e+01  2.140000e+01  1.040000e+01
     vertex  5.277837e+01  1.783779e+01  1.040000e+01
     vertex  5.278497e+01  1.788119e+01  1.040000e+01
   endloop
 endfacet
 facet normal  0.000000e+00  0.000000e+00 -1.000000e+00
   outer loop
     vertex  5.640000e+01  2.140000e+01  1.040000e+01
     vertex  5.254167e+01  1.897173e+01  1.040000e+01
     vertex  5.251725e+01  1.900821e+01  1.040000e+01
   endloop
 endfacet
 facet normal  0.000000e+00  0.000000e+00 -1.000000e+00
   outer loop
     vertex  5.640000e+01  2.140000e+01  1.040000e+01
     vertex  5.278497e+01  1.788119e+01  1.040000e+01
     vertex  5.279037e+01  1.792475e+01  1.040000e+01
   endloop
 endfacet
 facet normal  0.000000e+00  0.000000e+00 -1.000000e+00
   outer loop
     vertex  5.640000e+01  2.140000e+01  1.040000e+01
     vertex  5.251725e+01  1.900821e+01  1.040000e+01
     vertex  5.249184e+01  1.904400e+01  1.040000e+01
   endloop
 endfacet
 facet normal  0.000000e+00  0.000000e+00 -1.000000e+00
   outer loop
     vertex  5.640000e+01  2.140000e+01  1.040000e+01
     vertex  5.279037e+01  1.792475e+01  1.040000e+01
     vertex  5.279458e+01  1.796845e+01  1.040000e+01
   endloop
 endfacet
 facet normal  0.000000e+00  0.000000e+00 -1.000000e+00
   outer loop
     vertex  5.640000e+01  2.140000e+01  1.040000e+01
     vertex  5.249184e+01  1.904400e+01  1.040000e+01
     vertex  5.246546e+01  1.907909e+01  1.040000e+01
   endloop
 endfacet
 facet normal  0.000000e+00  0.000000e+00 -1.000000e+00
   outer loop
     vertex  5.640000e+01  2.140000e+01  1.040000e+01
     vertex  5.279458e+01  1.796845e+01  1.040000e+01
     vertex  5.279759e+01  1.801224e+01  1.040000e+01
   endloop
 endfacet
 facet normal  0.000000e+00  0.000000e+00 -1.000000e+00
   outer loop
     vertex  5.640000e+01  2.140000e+01  1.040000e+01
     vertex  5.246546e+01  1.907909e+01  1.040000e+01
     vertex  5.243812e+01  1.911344e+01  1.040000e+01
   endloop
 endfacet
 facet normal  0.000000e+00  0.000000e+00 -1.000000e+00
   outer loop
     vertex  5.640000e+01  2.140000e+01  1.040000e+01
     vertex  5.279759e+01  1.801224e+01  1.040000e+01
     vertex  5.279940e+01  1.805611e+01  1.040000e+01
   endloop
 endfacet
 facet normal  0.000000e+00  0.000000e+00 -1.000000e+00
   outer loop
     vertex  5.640000e+01  2.140000e+01  1.040000e+01
     vertex  5.243812e+01  1.911344e+01  1.040000e+01
     vertex  5.240985e+01  1.914702e+01  1.040000e+01
   endloop
 endfacet
 facet normal  0.000000e+00  0.000000e+00 -1.000000e+00
   outer loop
     vertex  5.640000e+01  2.140000e+01  1.040000e+01
     vertex  5.279940e+01  1.805611e+01  1.040000e+01
     vertex  5.280000e+01  1.810000e+01  1.040000e+01
   endloop
 endfacet
 facet normal  0.000000e+00  0.000000e+00 -1.000000e+00
   outer loop
     vertex  5.640000e+01  2.140000e+01  1.040000e+01
     vertex  5.240985e+01  1.914702e+01  1.040000e+01
     vertex  5.238067e+01  1.917982e+01  1.040000e+01
   endloop
 endfacet
 facet normal  0.000000e+00  0.000000e+00 -1.000000e+00
   outer loop
     vertex  5.640000e+01  2.140000e+01  1.040000e+01
     vertex  5.238067e+01  1.917982e+01  1.040000e+01
     vertex  5.235060e+01  1.921180e+01  1.040000e+01
   endloop
 endfacet
 facet normal  0.000000e+00  0.000000e+00 -1.000000e+00
   outer loop
     vertex  5.640000e+01  2.140000e+01  1.040000e+01
     vertex  5.235060e+01  1.921180e+01  1.040000e+01
     vertex  5.231967e+01  1.924295e+01  1.040000e+01
   endloop
 endfacet
 facet normal  0.000000e+00  0.000000e+00 -1.000000e+00
   outer loop
     vertex  5.640000e+01  2.140000e+01  1.040000e+01
     vertex  5.231967e+01  1.924295e+01  1.040000e+01
     vertex  5.228789e+01  1.927324e+01  1.040000e+01
   endloop
 endfacet
 facet normal  0.000000e+00  0.000000e+00 -1.000000e+00
   outer loop
     vertex  5.640000e+01  2.140000e+01  1.040000e+01
     vertex  5.228789e+01  1.927324e+01  1.040000e+01
     vertex  5.225530e+01  1.930264e+01  1.040000e+01
   endloop
 endfacet
 facet normal  0.000000e+00  0.000000e+00 -1.000000e+00
   outer loop
     vertex  5.640000e+01  2.140000e+01  1.040000e+01
     vertex  5.225530e+01  1.930264e+01  1.040000e+01
     vertex  5.222191e+01  1.933114e+01  1.040000e+01
   endloop
 endfacet
 facet normal  0.000000e+00  0.000000e+00 -1.000000e+00
   outer loop
     vertex  5.640000e+01  2.140000e+01  1.040000e+01
     vertex  5.222191e+01  1.933114e+01  1.040000e+01
     vertex  5.218775e+01  1.935871e+01  1.040000e+01
   endloop
 endfacet
 facet normal  0.000000e+00  0.000000e+00 -1.000000e+00
   outer loop
     vertex  5.640000e+01  2.140000e+01  1.040000e+01
     vertex  5.218775e+01  1.935871e+01  1.040000e+01
     vertex  5.215284e+01  1.938534e+01  1.040000e+01
   endloop
 endfacet
 facet normal  0.000000e+00  0.000000e+00 -1.000000e+00
   outer loop
     vertex  5.640000e+01  2.140000e+01  1.040000e+01
     vertex  5.215284e+01  1.938534e+01  1.040000e+01
     vertex  5.211722e+01  1.941099e+01  1.040000e+01
   endloop
 endfacet
 facet normal  0.000000e+00  0.000000e+00 -1.000000e+00
   outer loop
     vertex  5.640000e+01  2.140000e+01  1.040000e+01
     vertex  5.211722e+01  1.941099e+01  1.040000e+01
     vertex  5.208091e+01  1.943566e+01  1.040000e+01
   endloop
 endfacet
 facet normal  0.000000e+00  0.000000e+00 -1.000000e+00
   outer loop
     vertex  5.640000e+01  2.140000e+01  1.040000e+01
     vertex  5.208091e+01  1.943566e+01  1.040000e+01
     vertex  5.204394e+01  1.945933e+01  1.040000e+01
   endloop
 endfacet
 facet normal  0.000000e+00  0.000000e+00 -1.000000e+00
   outer loop
     vertex  5.640000e+01  2.240000e+01  1.040000e+01
     vertex  5.103567e+01  1.969154e+01  1.040000e+01
     vertex  5.099206e+01  1.968643e+01  1.040000e+01
   endloop
 endfacet
 facet normal  0.000000e+00  0.000000e+00 -1.000000e+00
   outer loop
     vertex  5.640000e+01  2.240000e+01  1.040000e+01
     vertex  5.099206e+01  1.968643e+01  1.040000e+01
     vertex  5.094862e+01  1.968013e+01  1.040000e+01
   endloop
 endfacet
 facet normal  0.000000e+00  0.000000e+00 -1.000000e+00
   outer loop
     vertex  5.640000e+01  2.240000e+01  1.040000e+01
     vertex  5.094862e+01  1.968013e+01  1.040000e+01
     vertex  5.090537e+01  1.967264e+01  1.040000e+01
   endloop
 endfacet
 facet normal  0.000000e+00  0.000000e+00 -1.000000e+00
   outer loop
     vertex  5.640000e+01  2.240000e+01  1.040000e+01
     vertex  5.090537e+01  1.967264e+01  1.040000e+01
     vertex  5.086233e+01  1.966396e+01  1.040000e+01
   endloop
 endfacet
 facet normal  0.000000e+00  0.000000e+00 -1.000000e+00
   outer loop
     vertex  5.640000e+01  2.240000e+01  1.040000e+01
     vertex  5.086233e+01  1.966396e+01  1.040000e+01
     vertex  5.081955e+01  1.965411e+01  1.040000e+01
   endloop
 endfacet
 facet normal  0.000000e+00  0.000000e+00 -1.000000e+00
   outer loop
     vertex  5.640000e+01  2.240000e+01  1.040000e+01
     vertex  5.081955e+01  1.965411e+01  1.040000e+01
     vertex  5.077706e+01  1.964309e+01  1.040000e+01
   endloop
 endfacet
 facet normal  0.000000e+00  0.000000e+00 -1.000000e+00
   outer loop
     vertex  5.640000e+01  2.240000e+01  1.040000e+01
     vertex  5.077706e+01  1.964309e+01  1.040000e+01
     vertex  5.073489e+01  1.963091e+01  1.040000e+01
   endloop
 endfacet
 facet normal  0.000000e+00  0.000000e+00 -1.000000e+00
   outer loop
     vertex  5.640000e+01  2.240000e+01  1.040000e+01
     vertex  5.073489e+01  1.963091e+01  1.040000e+01
     vertex  5.069306e+01  1.961757e+01  1.040000e+01
   endloop
 endfacet
 facet normal  0.000000e+00  0.000000e+00 -1.000000e+00
   outer loop
     vertex  5.640000e+01  2.240000e+01  1.040000e+01
     vertex  5.069306e+01  1.961757e+01  1.040000e+01
     vertex  5.065162e+01  1.960309e+01  1.040000e+01
   endloop
 endfacet
 facet normal  0.000000e+00 -0.000000e+00 -1.000000e+00
   outer loop
     vertex  5.640000e+01  2.240000e+01  1.040000e+01
     vertex  5.640000e+01  2.140000e+01  1.040000e+01
     vertex  5.204394e+01  1.945933e+01  1.040000e+01
   endloop
 endfacet
 facet normal  0.000000e+00  0.000000e+00 -1.000000e+00
   outer loop
     vertex  5.640000e+01  2.240000e+01  1.040000e+01
     vertex  5.204394e+01  1.945933e+01  1.040000e+01
     vertex  5.200633e+01  1.948197e+01  1.040000e+01
   endloop
 endfacet
 facet normal  0.000000e+00  0.000000e+00 -1.000000e+00
   outer loop
     vertex  5.640000e+01  2.240000e+01  1.040000e+01
     vertex  5.200633e+01  1.948197e+01  1.040000e+01
     vertex  5.196811e+01  1.950357e+01  1.040000e+01
   endloop
 endfacet
 facet normal  0.000000e+00  0.000000e+00 -1.000000e+00
   outer loop
     vertex  5.640000e+01  2.240000e+01  1.040000e+01
     vertex  5.196811e+01  1.950357e+01  1.040000e+01
     vertex  5.192932e+01  1.952411e+01  1.040000e+01
   endloop
 endfacet
 facet normal  0.000000e+00  0.000000e+00 -1.000000e+00
   outer loop
     vertex  5.640000e+01  2.240000e+01  1.040000e+01
     vertex  5.192932e+01  1.952411e+01  1.040000e+01
     vertex  5.188997e+01  1.954358e+01  1.040000e+01
   endloop
 endfacet
 facet normal  0.000000e+00  0.000000e+00 -1.000000e+00
   outer loop
     vertex  5.640000e+01  2.240000e+01  1.040000e+01
     vertex  5.188997e+01  1.954358e+01  1.040000e+01
     vertex  5.185011e+01  1.956197e+01  1.040000e+01
   endloop
 endfacet
 facet normal  0.000000e+00  0.000000e+00 -1.000000e+00
   outer loop
     vertex  5.640000e+01  2.240000e+01  1.040000e+01
     vertex  5.185011e+01  1.956197e+01  1.040000e+01
     vertex  5.180976e+01  1.957926e+01  1.040000e+01
   endloop
 endfacet
 facet normal  0.000000e+00  0.000000e+00 -1.000000e+00
   outer loop
     vertex  5.640000e+01  2.240000e+01  1.040000e+01
     vertex  5.180976e+01  1.957926e+01  1.040000e+01
     vertex  5.176895e+01  1.959543e+01  1.040000e+01
   endloop
 endfacet
 facet normal  0.000000e+00  0.000000e+00 -1.000000e+00
   outer loop
     vertex  5.640000e+01  2.240000e+01  1.040000e+01
     vertex  5.176895e+01  1.959543e+01  1.040000e+01
     vertex  5.172771e+01  1.961047e+01  1.040000e+01
   endloop
 endfacet
 facet normal  0.000000e+00  0.000000e+00 -1.000000e+00
   outer loop
     vertex  5.640000e+01  2.240000e+01  1.040000e+01
     vertex  5.172771e+01  1.961047e+01  1.040000e+01
     vertex  5.168607e+01  1.962438e+01  1.040000e+01
   endloop
 endfacet
 facet normal  0.000000e+00  0.000000e+00 -1.000000e+00
   outer loop
     vertex  5.640000e+01  2.240000e+01  1.040000e+01
     vertex  5.168607e+01  1.962438e+01  1.040000e+01
     vertex  5.164407e+01  1.963714e+01  1.040000e+01
   endloop
 endfacet
 facet normal  0.000000e+00  0.000000e+00 -1.000000e+00
   outer loop
     vertex  5.640000e+01  2.240000e+01  1.040000e+01
     vertex  5.164407e+01  1.963714e+01  1.040000e+01
     vertex  5.160173e+01  1.964875e+01  1.040000e+01
   endloop
 endfacet
 facet normal  0.000000e+00  0.000000e+00 -1.000000e+00
   outer loop
     vertex  5.640000e+01  2.240000e+01  1.040000e+01
     vertex  5.160173e+01  1.964875e+01  1.040000e+01
     vertex  5.155909e+01  1.965918e+01  1.040000e+01
   endloop
 endfacet
 facet normal  0.000000e+00  0.000000e+00 -1.000000e+00
   outer loop
     vertex  5.640000e+01  2.240000e+01  1.040000e+01
     vertex  5.155909e+01  1.965918e+01  1.040000e+01
     vertex  5.151618e+01  1.966845e+01  1.040000e+01
   endloop
 endfacet
 facet normal  0.000000e+00  0.000000e+00 -1.000000e+00
   outer loop
     vertex  5.640000e+01  2.240000e+01  1.040000e+01
     vertex  5.151618e+01  1.966845e+01  1.040000e+01
     vertex  5.147303e+01  1.967653e+01  1.040000e+01
   endloop
 endfacet
 facet normal  0.000000e+00  0.000000e+00 -1.000000e+00
   outer loop
     vertex  5.640000e+01  2.240000e+01  1.040000e+01
     vertex  5.147303e+01  1.967653e+01  1.040000e+01
     vertex  5.142968e+01  1.968343e+01  1.040000e+01
   endloop
 endfacet
 facet normal  0.000000e+00  0.000000e+00 -1.000000e+00
   outer loop
     vertex  5.640000e+01  2.240000e+01  1.040000e+01
     vertex  5.142968e+01  1.968343e+01  1.040000e+01
     vertex  5.138615e+01  1.968913e+01  1.040000e+01
   endloop
 endfacet
 facet normal  0.000000e+00  0.000000e+00 -1.000000e+00
   outer loop
     vertex  5.640000e+01  2.240000e+01  1.040000e+01
     vertex  5.138615e+01  1.968913e+01  1.040000e+01
     vertex  5.134249e+01  1.969364e+01  1.040000e+01
   endloop
 endfacet
 facet normal  0.000000e+00  0.000000e+00 -1.000000e+00
   outer loop
     vertex  5.640000e+01  2.240000e+01  1.040000e+01
     vertex  5.134249e+01  1.969364e+01  1.040000e+01
     vertex  5.129871e+01  1.969695e+01  1.040000e+01
   endloop
 endfacet
 facet normal  0.000000e+00  0.000000e+00 -1.000000e+00
   outer loop
     vertex  5.640000e+01  2.240000e+01  1.040000e+01
     vertex  5.129871e+01  1.969695e+01  1.040000e+01
     vertex  5.125486e+01  1.969906e+01  1.040000e+01
   endloop
 endfacet
 facet normal  0.000000e+00  0.000000e+00 -1.000000e+00
   outer loop
     vertex  5.640000e+01  2.240000e+01  1.040000e+01
     vertex  5.125486e+01  1.969906e+01  1.040000e+01
     vertex  5.121097e+01  1.969996e+01  1.040000e+01
   endloop
 endfacet
 facet normal  0.000000e+00  0.000000e+00 -1.000000e+00
   outer loop
     vertex  5.640000e+01  2.240000e+01  1.040000e+01
     vertex  5.121097e+01  1.969996e+01  1.040000e+01
     vertex  5.116708e+01  1.969966e+01  1.040000e+01
   endloop
 endfacet
 facet normal  0.000000e+00  0.000000e+00 -1.000000e+00
   outer loop
     vertex  5.640000e+01  2.240000e+01  1.040000e+01
     vertex  5.116708e+01  1.969966e+01  1.040000e+01
     vertex  5.112320e+01  1.969816e+01  1.040000e+01
   endloop
 endfacet
 facet normal  0.000000e+00  0.000000e+00 -1.000000e+00
   outer loop
     vertex  5.640000e+01  2.240000e+01  1.040000e+01
     vertex  5.112320e+01  1.969816e+01  1.040000e+01
     vertex  5.107939e+01  1.969545e+01  1.040000e+01
   endloop
 endfacet
 facet normal  0.000000e+00  0.000000e+00 -1.000000e+00
   outer loop
     vertex  5.640000e+01  2.240000e+01  1.040000e+01
     vertex  5.107939e+01  1.969545e+01  1.040000e+01
     vertex  5.103567e+01  1.969154e+01  1.040000e+01
   endloop
 endfacet
 facet normal  0.000000e+00  0.000000e+00 -1.000000e+00
   outer loop
     vertex  6.640000e+01  2.140000e+01  1.040000e+01
     vertex  5.258747e+01  1.730317e+01  1.040000e+01
     vertex  5.260880e+01  1.734153e+01  1.040000e+01
   endloop
 endfacet
 facet normal  0.000000e+00  0.000000e+00 -1.000000e+00
   outer loop
     vertex  6.640000e+01  2.140000e+01  1.040000e+01
     vertex  5.260880e+01  1.734153e+01  1.040000e+01
     vertex  5.262908e+01  1.738047e+01  1.040000e+01
   endloop
 endfacet
 facet normal -0.000000e+00  0.000000e+00 -1.000000e+00
   outer loop
     vertex  6.640000e+01  2.140000e+01  1.040000e+01
     vertex  5.262908e+01  1.738047e+01  1.040000e+01
     vertex  5.640000e+01  2.140000e+01  1.040000e+01
   endloop
 endfacet
 facet normal  0.000000e+00 -0.000000e+00 -1.000000e+00
   outer loop
     vertex  6.640000e+01  2.140000e+01  1.040000e+01
     vertex  6.640000e+01  2.800000e+00  1.040000e+01
     vertex  5.258747e+01  1.730317e+01  1.040000e+01
   endloop
 endfacet
 facet normal -0.000000e+00  0.000000e+00 -1.000000e+00
   outer loop
     vertex  5.640000e+01  2.240000e+01  1.040000e+01
     vertex  5.065162e+01  1.960309e+01  1.040000e+01
     vertex  1.000000e+01  2.240000e+01  1.040000e+01
   endloop
 endfacet
 facet normal -0.000000e+00  0.000000e+00 -1.000000e+00
   outer loop
     vertex  5.065162e+01  1.960309e+01  1.040000e+01
     vertex  5.061059e+01  1.958748e+01  1.040000e+01
     vertex  1.000000e+01  2.240000e+01  1.040000e+01
   endloop
 endfacet
 facet normal -0.000000e+00  0.000000e+00 -1.000000e+00
   outer loop
     vertex  5.061059e+01  1.958748e+01  1.040000e+01
     vertex  5.057001e+01  1.957075e+01  1.040000e+01
     vertex  1.000000e+01  2.240000e+01  1.040000e+01
   endloop
 endfacet
 facet normal -0.000000e+00  0.000000e+00 -1.000000e+00
   outer loop
     vertex  5.057001e+01  1.957075e+01  1.040000e+01
     vertex  5.052990e+01  1.955291e+01  1.040000e+01
     vertex  1.000000e+01  2.240000e+01  1.040000e+01
   endloop
 endfacet
 facet normal -0.000000e+00  0.000000e+00 -1.000000e+00
   outer loop
     vertex  5.052990e+01  1.955291e+01  1.040000e+01
     vertex  5.049029e+01  1.953398e+01  1.040000e+01
     vertex  1.000000e+01  2.240000e+01  1.040000e+01
   endloop
 endfacet
 facet normal -0.000000e+00  0.000000e+00 -1.000000e+00
   outer loop
     vertex  5.049029e+01  1.953398e+01  1.040000e+01
     vertex  5.045122e+01  1.951397e+01  1.040000e+01
     vertex  1.000000e+01  2.240000e+01  1.040000e+01
   endloop
 endfacet
 facet normal -0.000000e+00  0.000000e+00 -1.000000e+00
   outer loop
     vertex  5.045122e+01  1.951397e+01  1.040000e+01
     vertex  5.041271e+01  1.949290e+01  1.040000e+01
     vertex  1.000000e+01  2.240000e+01  1.040000e+01
   endloop
 endfacet
 facet normal  0.000000e+00  1.000000e+00  0.000000e+00
   outer loop
     vertex  1.000000e+01  1.800000e+00  5.100000e+00
     vertex  0.000000e+00  1.800000e+00  3.300000e+00
     vertex  0.000000e+00  1.800000e+00  5.100000e+00
   endloop
 endfacet
 facet normal  0.000000e+00  1.000000e+00  0.000000e+00
   outer loop
     vertex  5.640000e+01  1.800000e+00  1.040000e+01
     vertex  1.000000e+01  1.800000e+00  5.100000e+00
     vertex  1.000000e+01  1.800000e+00  1.040000e+01
   endloop
 endfacet
 facet normal  0.000000e+00  1.000000e+00  0.000000e+00
   outer loop
     vertex  5.640000e+01  1.800000e+00  1.040000e+01
     vertex  5.640000e+01  1.800000e+00  5.100000e+00
     vertex  1.000000e+01  1.800000e+00  5.100000e+00
   endloop
 endfacet
 facet normal  0.000000e+00  1.000000e+00  0.000000e+00
   outer loop
     vertex  6.640000e+01  1.800000e+00  5.100000e+00
     vertex  6.640000e+01  1.800000e+00  3.300000e+00
     vertex  5.640000e+01  1.800000e+00  5.100000e+00
   endloop
 endfacet
 facet normal  0.000000e+00  1.000000e+00  0.000000e+00
   outer loop
     vertex  6.640000e+01  1.800000e+00  3.300000e+00
     vertex  0.000000e+00  1.800000e+00  3.300000e+00
     vertex  1.000000e+01  1.800000e+00  5.100000e+00
   endloop
 endfacet
 facet normal  0.000000e+00  1.000000e+00  0.000000e+00
   outer loop
     vertex  6.640000e+01  1.800000e+00  3.300000e+00
     vertex  1.000000e+01  1.800000e+00  5.100000e+00
     vertex  5.640000e+01  1.800000e+00  5.100000e+00
   endloop
 endfacet
 facet normal -9.999059e-01 -1.371831e-02  2.130404e-20
   outer loop
     vertex  5.279940e+01  1.814389e+01  1.220000e+01
     vertex  5.280000e+01  1.810000e+01  1.040000e+01
     vertex  5.280000e+01  1.810000e+01  1.220000e+01
   endloop
 endfacet
 facet normal -9.999059e-01 -1.371831e-02 -0.000000e+00
   outer loop
     vertex  5.279940e+01  1.814389e+01  1.220000e+01
     vertex  5.279940e+01  1.814389e+01  1.040000e+01
     vertex  5.280000e+01  1.810000e+01  1.040000e+01
   endloop
 endfacet
 facet normal -9.991532e-01 -4.114462e-02 -0.000000e+00
   outer loop
     vertex  5.279759e+01  1.818776e+01  1.220000e+01
     vertex  5.279759e+01  1.818776e+01  1.040000e+01
     vertex  5.279940e+01  1.814389e+01  1.040000e+01
   endloop
 endfacet
 facet normal -9.991532e-01 -4.114462e-02 -6.309950e-20
   outer loop
     vertex  5.279759e+01  1.818776e+01  1.220000e+01
     vertex  5.279940e+01  1.814389e+01  1.040000e+01
     vertex  5.279940e+01  1.814389e+01  1.220000e+01
   endloop
 endfacet
 facet normal -9.976484e-01 -6.853995e-02 -0.000000e+00
   outer loop
     vertex  5.279458e+01  1.823155e+01  1.220000e+01
     vertex  5.279458e+01  1.823155e+01  1.040000e+01
     vertex  5.279759e+01  1.818776e+01  1.040000e+01
   endloop
 endfacet
 facet normal -9.976484e-01 -6.853995e-02 -5.866208e-20
   outer loop
     vertex  5.279458e+01  1.823155e+01  1.220000e+01
     vertex  5.279759e+01  1.818776e+01  1.040000e+01
     vertex  5.279759e+01  1.818776e+01  1.220000e+01
   endloop
 endfacet
 facet normal -9.953925e-01 -9.588368e-02 -0.000000e+00
   outer loop
     vertex  5.279037e+01  1.827525e+01  1.220000e+01
     vertex  5.279037e+01  1.827525e+01  1.040000e+01
     vertex  5.279458e+01  1.823155e+01  1.040000e+01
   endloop
 endfacet
 facet normal -9.953925e-01 -9.588368e-02  3.600715e-20
   outer loop
     vertex  5.279037e+01  1.827525e+01  1.220000e+01
     vertex  5.279458e+01  1.823155e+01  1.040000e+01
     vertex  5.279458e+01  1.823155e+01  1.220000e+01
   endloop
 endfacet
 facet normal -9.923874e-01 -1.231552e-01 -0.000000e+00
   outer loop
     vertex  5.278497e+01  1.831881e+01  1.220000e+01
     vertex  5.278497e+01  1.831881e+01  1.040000e+01
     vertex  5.279037e+01  1.827525e+01  1.040000e+01
   endloop
 endfacet
 facet normal -9.923874e-01 -1.231552e-01 -2.237274e-20
   outer loop
     vertex  5.278497e+01  1.831881e+01  1.220000e+01
     vertex  5.279037e+01  1.827525e+01  1.040000e+01
     vertex  5.279037e+01  1.827525e+01  1.220000e+01
   endloop
 endfacet
 facet normal -9.886353e-01 -1.503341e-01 -0.000000e+00
   outer loop
     vertex  5.277837e+01  1.836221e+01  1.220000e+01
     vertex  5.277837e+01  1.836221e+01  1.040000e+01
     vertex  5.278497e+01  1.831881e+01  1.040000e+01
   endloop
 endfacet
 facet normal -9.886353e-01 -1.503341e-01  1.257359e-20
   outer loop
     vertex  5.277837e+01  1.836221e+01  1.220000e+01
     vertex  5.278497e+01  1.831881e+01  1.040000e+01
     vertex  5.278497e+01  1.831881e+01  1.220000e+01
   endloop
 endfacet
 facet normal -9.841389e-01 -1.773998e-01 -0.000000e+00
   outer loop
     vertex  5.277058e+01  1.840541e+01  1.220000e+01
     vertex  5.277058e+01  1.840541e+01  1.040000e+01
     vertex  5.277837e+01  1.836221e+01  1.040000e+01
   endloop
 endfacet
 facet normal -9.789017e-01 -2.043319e-01 -0.000000e+00
   outer loop
     vertex  5.277058e+01  1.840541e+01  1.220000e+01
     vertex  5.276161e+01  1.844839e+01  1.040000e+01
     vertex  5.277058e+01  1.840541e+01  1.040000e+01
   endloop
 endfacet
 facet normal -9.841389e-01 -1.773998e-01 -8.112692e-21
   outer loop
     vertex  5.277058e+01  1.840541e+01  1.220000e+01
     vertex  5.277837e+01  1.836221e+01  1.040000e+01
     vertex  5.277837e+01  1.836221e+01  1.220000e+01
   endloop
 endfacet
 facet normal -9.729276e-01 -2.311102e-01 -0.000000e+00
   outer loop
     vertex  5.276161e+01  1.844839e+01  1.220000e+01
     vertex  5.275146e+01  1.849110e+01  1.040000e+01
     vertex  5.276161e+01  1.844839e+01  1.040000e+01
   endloop
 endfacet
 facet normal -9.789017e-01 -2.043319e-01 -0.000000e+00
   outer loop
     vertex  5.276161e+01  1.844839e+01  1.220000e+01
     vertex  5.276161e+01  1.844839e+01  1.040000e+01
     vertex  5.277058e+01  1.840541e+01  1.220000e+01
   endloop
 endfacet
 facet normal -9.729276e-01 -2.311102e-01 -0.000000e+00
   outer loop
     vertex  5.275146e+01  1.849110e+01  1.220000e+01
     vertex  5.275146e+01  1.849110e+01  1.040000e+01
     vertex  5.276161e+01  1.844839e+01  1.220000e+01
   endloop
 endfacet
 facet normal -9.662211e-01 -2.577146e-01  9.693954e-20
   outer loop
     vertex  5.274015e+01  1.853351e+01  1.220000e+01
     vertex  5.275146e+01  1.849110e+01  1.040000e+01
     vertex  5.275146e+01  1.849110e+01  1.220000e+01
   endloop
 endfacet
 facet normal -9.662211e-01 -2.577146e-01 -0.000000e+00
   outer loop
     vertex  5.274015e+01  1.853351e+01  1.220000e+01
     vertex  5.274015e+01  1.853351e+01  1.040000e+01
     vertex  5.275146e+01  1.849110e+01  1.040000e+01
   endloop
 endfacet
 facet normal -9.587873e-01 -2.841250e-01  1.998301e-19
   outer loop
     vertex  5.272768e+01  1.857560e+01  1.220000e+01
     vertex  5.274015e+01  1.853351e+01  1.040000e+01
     vertex  5.274015e+01  1.853351e+01  1.220000e+01
   endloop
 endfacet
 facet normal -9.587873e-01 -2.841250e-01 -0.000000e+00
   outer loop
     vertex  5.272768e+01  1.857560e+01  1.220000e+01
     vertex  5.272768e+01  1.857560e+01  1.040000e+01
     vertex  5.274015e+01  1.853351e+01  1.040000e+01
   endloop
 endfacet
 facet normal -9.506317e-01 -3.103214e-01 -0.000000e+00
   outer loop
     vertex  5.272768e+01  1.857560e+01  1.220000e+01
     vertex  5.271406e+01  1.861733e+01  1.040000e+01
     vertex  5.272768e+01  1.857560e+01  1.040000e+01
   endloop
 endfacet
 facet normal -9.506317e-01 -3.103214e-01 -0.000000e+00
   outer loop
     vertex  5.271406e+01  1.861733e+01  1.220000e+01
     vertex  5.271406e+01  1.861733e+01  1.040000e+01
     vertex  5.272768e+01  1.857560e+01  1.220000e+01
   endloop
 endfacet
 facet normal -9.417605e-01 -3.362843e-01 -0.000000e+00
   outer loop
     vertex  5.271406e+01  1.861733e+01  1.220000e+01
     vertex  5.269929e+01  1.865868e+01  1.040000e+01
     vertex  5.271406e+01  1.861733e+01  1.040000e+01
   endloop
 endfacet
 facet normal -9.417605e-01 -3.362843e-01 -0.000000e+00
   outer loop
     vertex  5.269929e+01  1.865868e+01  1.220000e+01
     vertex  5.269929e+01  1.865868e+01  1.040000e+01
     vertex  5.271406e+01  1.861733e+01  1.220000e+01
   endloop
 endfacet
 facet normal -9.321804e-01 -3.619940e-01  2.500518e-20
   outer loop
     vertex  5.268340e+01  1.869960e+01  1.220000e+01
     vertex  5.269929e+01  1.865868e+01  1.040000e+01
     vertex  5.269929e+01  1.865868e+01  1.220000e+01
   endloop
 endfacet
 facet normal -9.321804e-01 -3.619940e-01 -0.000000e+00
   outer loop
     vertex  5.268340e+01  1.869960e+01  1.220000e+01
     vertex  5.268340e+01  1.869960e+01  1.040000e+01
     vertex  5.269929e+01  1.865868e+01  1.040000e+01
   endloop
 endfacet
 facet normal -9.218986e-01 -3.874313e-01 -1.991088e-19
   outer loop
     vertex  5.266640e+01  1.874007e+01  1.220000e+01
     vertex  5.268340e+01  1.869960e+01  1.040000e+01
     vertex  5.268340e+01  1.869960e+01  1.220000e+01
   endloop
 endfacet
 facet normal -9.218986e-01 -3.874313e-01 -0.000000e+00
   outer loop
     vertex  5.266640e+01  1.874007e+01  1.220000e+01
     vertex  5.266640e+01  1.874007e+01  1.040000e+01
     vertex  5.268340e+01  1.869960e+01  1.040000e+01
   endloop
 endfacet
 facet normal -9.109228e-01 -4.125769e-01 -1.929518e-19
   outer loop
     vertex  5.264828e+01  1.878005e+01  1.220000e+01
     vertex  5.266640e+01  1.874007e+01  1.040000e+01
     vertex  5.266640e+01  1.874007e+01  1.220000e+01
   endloop
 endfacet
 facet normal -9.109228e-01 -4.125769e-01 -0.000000e+00
   outer loop
     vertex  5.264828e+01  1.878005e+01  1.220000e+01
     vertex  5.264828e+01  1.878005e+01  1.040000e+01
     vertex  5.266640e+01  1.874007e+01  1.040000e+01
   endloop
 endfacet
 facet normal -8.992613e-01 -4.374119e-01 -0.000000e+00
   outer loop
     vertex  5.264828e+01  1.878005e+01  1.220000e+01
     vertex  5.262908e+01  1.881953e+01  1.040000e+01
     vertex  5.264828e+01  1.878005e+01  1.040000e+01
   endloop
 endfacet
 facet normal -8.992613e-01 -4.374119e-01 -0.000000e+00
   outer loop
     vertex  5.262908e+01  1.881953e+01  1.220000e+01
     vertex  5.262908e+01  1.881953e+01  1.040000e+01
     vertex  5.264828e+01  1.878005e+01  1.220000e+01
   endloop
 endfacet
 facet normal -8.869228e-01 -4.619176e-01  2.040243e-19
   outer loop
     vertex  5.260880e+01  1.885847e+01  1.220000e+01
     vertex  5.262908e+01  1.881953e+01  1.040000e+01
     vertex  5.262908e+01  1.881953e+01  1.220000e+01
   endloop
 endfacet
 facet normal -8.869228e-01 -4.619176e-01 -0.000000e+00
   outer loop
     vertex  5.260880e+01  1.885847e+01  1.220000e+01
     vertex  5.260880e+01  1.885847e+01  1.040000e+01
     vertex  5.262908e+01  1.881953e+01  1.040000e+01
   endloop
 endfacet
 facet normal -8.739167e-01 -4.860756e-01 -4.051117e-19
   outer loop
     vertex  5.258747e+01  1.889683e+01  1.220000e+01
     vertex  5.260880e+01  1.885847e+01  1.040000e+01
     vertex  5.260880e+01  1.885847e+01  1.220000e+01
   endloop
 endfacet
 facet normal -8.739167e-01 -4.860756e-01 -0.000000e+00
   outer loop
     vertex  5.258747e+01  1.889683e+01  1.220000e+01
     vertex  5.258747e+01  1.889683e+01  1.040000e+01
     vertex  5.260880e+01  1.885847e+01  1.040000e+01
   endloop
 endfacet
 facet normal -8.602528e-01 -5.098678e-01 -3.315669e-19
   outer loop
     vertex  5.256508e+01  1.893459e+01  1.220000e+01
     vertex  5.258747e+01  1.889683e+01  1.040000e+01
     vertex  5.258747e+01  1.889683e+01  1.220000e+01
   endloop
 endfacet
 facet normal -8.602528e-01 -5.098678e-01 -0.000000e+00
   outer loop
     vertex  5.256508e+01  1.893459e+01  1.220000e+01
     vertex  5.256508e+01  1.893459e+01  1.040000e+01
     vertex  5.258747e+01  1.889683e+01  1.040000e+01
   endloop
 endfacet
 facet normal -8.459413e-01 -5.332761e-01 -3.188065e-19
   outer loop
     vertex  5.254167e+01  1.897173e+01  1.220000e+01
     vertex  5.256508e+01  1.893459e+01  1.040000e+01
     vertex  5.256508e+01  1.893459e+01  1.220000e+01
   endloop
 endfacet
 facet normal -8.459413e-01 -5.332761e-01 -0.000000e+00
   outer loop
     vertex  5.254167e+01  1.897173e+01  1.220000e+01
     vertex  5.254167e+01  1.897173e+01  1.040000e+01
     vertex  5.256508e+01  1.893459e+01  1.040000e+01
   endloop
 endfacet
 facet normal -8.309929e-01 -5.562829e-01 -0.000000e+00
   outer loop
     vertex  5.251725e+01  1.900821e+01  1.220000e+01
     vertex  5.251725e+01  1.900821e+01  1.040000e+01
     vertex  5.254167e+01  1.897173e+01  1.040000e+01
   endloop
 endfacet
 facet normal -8.309929e-01 -5.562829e-01 -4.914546e-19
   outer loop
     vertex  5.251725e+01  1.900821e+01  1.220000e+01
     vertex  5.254167e+01  1.897173e+01  1.040000e+01
     vertex  5.254167e+01  1.897173e+01  1.220000e+01
   endloop
 endfacet
 facet normal -8.154191e-01 -5.788711e-01 -0.000000e+00
   outer loop
     vertex  5.249184e+01  1.904400e+01  1.220000e+01
     vertex  5.249184e+01  1.904400e+01  1.040000e+01
     vertex  5.251725e+01  1.900821e+01  1.040000e+01
   endloop
 endfacet
 facet normal -8.154191e-01 -5.788711e-01  4.932420e-19
   outer loop
     vertex  5.249184e+01  1.904400e+01  1.220000e+01
     vertex  5.251725e+01  1.900821e+01  1.040000e+01
     vertex  5.251725e+01  1.900821e+01  1.220000e+01
   endloop
 endfacet
 facet normal -7.992314e-01 -6.010234e-01 -0.000000e+00
   outer loop
     vertex  5.246546e+01  1.907909e+01  1.220000e+01
     vertex  5.246546e+01  1.907909e+01  1.040000e+01
     vertex  5.249184e+01  1.904400e+01  1.040000e+01
   endloop
 endfacet
 facet normal -7.824421e-01 -6.227234e-01 -0.000000e+00
   outer loop
     vertex  5.246546e+01  1.907909e+01  1.220000e+01
     vertex  5.243812e+01  1.911344e+01  1.040000e+01
     vertex  5.246546e+01  1.907909e+01  1.040000e+01
   endloop
 endfacet
 facet normal -7.992314e-01 -6.010234e-01 -4.906687e-19
   outer loop
     vertex  5.246546e+01  1.907909e+01  1.220000e+01
     vertex  5.249184e+01  1.904400e+01  1.040000e+01
     vertex  5.249184e+01  1.904400e+01  1.220000e+01
   endloop
 endfacet
 facet normal -7.824421e-01 -6.227234e-01 -0.000000e+00
   outer loop
     vertex  5.243812e+01  1.911344e+01  1.220000e+01
     vertex  5.243812e+01  1.911344e+01  1.040000e+01
     vertex  5.246546e+01  1.907909e+01  1.220000e+01
   endloop
 endfacet
 facet normal -7.650637e-01 -6.439545e-01 -0.000000e+00
   outer loop
     vertex  5.240985e+01  1.914702e+01  1.220000e+01
     vertex  5.240985e+01  1.914702e+01  1.040000e+01
     vertex  5.243812e+01  1.911344e+01  1.040000e+01
   endloop
 endfacet
 facet normal -7.650637e-01 -6.439545e-01  1.261455e-19
   outer loop
     vertex  5.240985e+01  1.914702e+01  1.220000e+01
     vertex  5.243812e+01  1.911344e+01  1.040000e+01
     vertex  5.243812e+01  1.911344e+01  1.220000e+01
   endloop
 endfacet
 facet normal -7.471095e-01 -6.647010e-01 -0.000000e+00
   outer loop
     vertex  5.238067e+01  1.917982e+01  1.220000e+01
     vertex  5.238067e+01  1.917982e+01  1.040000e+01
     vertex  5.240985e+01  1.914702e+01  1.040000e+01
   endloop
 endfacet
 facet normal -7.471095e-01 -6.647010e-01 -1.734359e-19
   outer loop
     vertex  5.238067e+01  1.917982e+01  1.220000e+01
     vertex  5.240985e+01  1.914702e+01  1.040000e+01
     vertex  5.240985e+01  1.914702e+01  1.220000e+01
   endloop
 endfacet
 facet normal -7.285929e-01 -6.849470e-01 -0.000000e+00
   outer loop
     vertex  5.235060e+01  1.921180e+01  1.220000e+01
     vertex  5.235060e+01  1.921180e+01  1.040000e+01
     vertex  5.238067e+01  1.917982e+01  1.040000e+01
   endloop
 endfacet
 facet normal -7.285929e-01 -6.849470e-01  6.529190e-19
   outer loop
     vertex  5.235060e+01  1.921180e+01  1.220000e+01
     vertex  5.238067e+01  1.917982e+01  1.040000e+01
     vertex  5.238067e+01  1.917982e+01  1.220000e+01
   endloop
 endfacet
 facet normal -7.095278e-01 -7.046775e-01 -0.000000e+00
   outer loop
     vertex  5.231967e+01  1.924295e+01  1.220000e+01
     vertex  5.231967e+01  1.924295e+01  1.040000e+01
     vertex  5.235060e+01  1.921180e+01  1.040000e+01
   endloop
 endfacet
 facet normal -7.095278e-01 -7.046775e-01  3.121327e-19
   outer loop
     vertex  5.231967e+01  1.924295e+01  1.220000e+01
     vertex  5.235060e+01  1.921180e+01  1.040000e+01
     vertex  5.235060e+01  1.921180e+01  1.220000e+01
   endloop
 endfacet
 facet normal -6.899286e-01 -7.238775e-01 -0.000000e+00
   outer loop
     vertex  5.228789e+01  1.927324e+01  1.220000e+01
     vertex  5.228789e+01  1.927324e+01  1.040000e+01
     vertex  5.231967e+01  1.924295e+01  1.040000e+01
   endloop
 endfacet
 facet normal -6.899286e-01 -7.238775e-01  2.972386e-19
   outer loop
     vertex  5.228789e+01  1.927324e+01  1.220000e+01
     vertex  5.231967e+01  1.924295e+01  1.040000e+01
     vertex  5.231967e+01  1.924295e+01  1.220000e+01
   endloop
 endfacet
 facet normal -6.698100e-01 -7.425325e-01 -0.000000e+00
   outer loop
     vertex  5.225530e+01  1.930264e+01  1.220000e+01
     vertex  5.225530e+01  1.930264e+01  1.040000e+01
     vertex  5.228789e+01  1.927324e+01  1.040000e+01
   endloop
 endfacet
 facet normal -6.698100e-01 -7.425325e-01 -6.035303e-19
   outer loop
     vertex  5.225530e+01  1.930264e+01  1.220000e+01
     vertex  5.228789e+01  1.927324e+01  1.040000e+01
     vertex  5.228789e+01  1.927324e+01  1.220000e+01
   endloop
 endfacet
 facet normal -6.491872e-01 -7.606287e-01 -0.000000e+00
   outer loop
     vertex  5.222191e+01  1.933114e+01  1.220000e+01
     vertex  5.222191e+01  1.933114e+01  1.040000e+01
     vertex  5.225530e+01  1.930264e+01  1.040000e+01
   endloop
 endfacet
 facet normal -6.491872e-01 -7.606287e-01 -1.882507e-19
   outer loop
     vertex  5.222191e+01  1.933114e+01  1.220000e+01
     vertex  5.225530e+01  1.930264e+01  1.040000e+01
     vertex  5.225530e+01  1.930264e+01  1.220000e+01
   endloop
 endfacet
 facet normal -6.280757e-01 -7.781522e-01 -0.000000e+00
   outer loop
     vertex  5.218775e+01  1.935871e+01  1.220000e+01
     vertex  5.218775e+01  1.935871e+01  1.040000e+01
     vertex  5.222191e+01  1.933114e+01  1.040000e+01
   endloop
 endfacet
 facet normal -6.280757e-01 -7.781522e-01 -4.986863e-20
   outer loop
     vertex  5.218775e+01  1.935871e+01  1.220000e+01
     vertex  5.222191e+01  1.933114e+01  1.040000e+01
     vertex  5.222191e+01  1.933114e+01  1.220000e+01
   endloop
 endfacet
 facet normal -6.064915e-01 -7.950900e-01 -0.000000e+00
   outer loop
     vertex  5.215284e+01  1.938534e+01  1.220000e+01
     vertex  5.215284e+01  1.938534e+01  1.040000e+01
     vertex  5.218775e+01  1.935871e+01  1.040000e+01
   endloop
 endfacet
 facet normal -6.064915e-01 -7.950900e-01 -3.678450e-19
   outer loop
     vertex  5.215284e+01  1.938534e+01  1.220000e+01
     vertex  5.218775e+01  1.935871e+01  1.040000e+01
     vertex  5.218775e+01  1.935871e+01  1.220000e+01
   endloop
 endfacet
 facet normal -5.844507e-01 -8.114292e-01 -0.000000e+00
   outer loop
     vertex  5.211722e+01  1.941099e+01  1.220000e+01
     vertex  5.211722e+01  1.941099e+01  1.040000e+01
     vertex  5.215284e+01  1.938534e+01  1.040000e+01
   endloop
 endfacet
 facet normal -5.619699e-01 -8.271577e-01 -0.000000e+00
   outer loop
     vertex  5.211722e+01  1.941099e+01  1.220000e+01
     vertex  5.208091e+01  1.943566e+01  1.040000e+01
     vertex  5.211722e+01  1.941099e+01  1.040000e+01
   endloop
 endfacet
 facet normal -5.844507e-01 -8.114292e-01  5.815820e-19
   outer loop
     vertex  5.211722e+01  1.941099e+01  1.220000e+01
     vertex  5.215284e+01  1.938534e+01  1.040000e+01
     vertex  5.215284e+01  1.938534e+01  1.220000e+01
   endloop
 endfacet
 facet normal -5.619699e-01 -8.271577e-01 -0.000000e+00
   outer loop
     vertex  5.208091e+01  1.943566e+01  1.220000e+01
     vertex  5.208091e+01  1.943566e+01  1.040000e+01
     vertex  5.211722e+01  1.941099e+01  1.220000e+01
   endloop
 endfacet
 facet normal -5.390661e-01 -8.422635e-01 -2.172656e-19
   outer loop
     vertex  5.204394e+01  1.945933e+01  1.220000e+01
     vertex  5.208091e+01  1.943566e+01  1.040000e+01
     vertex  5.208091e+01  1.943566e+01  1.220000e+01
   endloop
 endfacet
 facet normal -5.390661e-01 -8.422635e-01 -0.000000e+00
   outer loop
     vertex  5.204394e+01  1.945933e+01  1.220000e+01
     vertex  5.204394e+01  1.945933e+01  1.040000e+01
     vertex  5.208091e+01  1.943566e+01  1.040000e+01
   endloop
 endfacet
 facet normal -5.157565e-01 -8.567352e-01 -1.473975e-19
   outer loop
     vertex  5.200633e+01  1.948197e+01  1.220000e+01
     vertex  5.204394e+01  1.945933e+01  1.040000e+01
     vertex  5.204394e+01  1.945933e+01  1.220000e+01
   endloop
 endfacet
 facet normal -5.157565e-01 -8.567352e-01 -0.000000e+00
   outer loop
     vertex  5.200633e+01  1.948197e+01  1.220000e+01
     vertex  5.200633e+01  1.948197e+01  1.040000e+01
     vertex  5.204394e+01  1.945933e+01  1.040000e+01
   endloop
 endfacet
 facet normal -4.920587e-01 -8.705620e-01 -0.000000e+00
   outer loop
     vertex  5.200633e+01  1.948197e+01  1.220000e+01
     vertex  5.196811e+01  1.950357e+01  1.040000e+01
     vertex  5.200633e+01  1.948197e+01  1.040000e+01
   endloop
 endfacet
 facet normal -4.920587e-01 -8.705620e-01 -0.000000e+00
   outer loop
     vertex  5.196811e+01  1.950357e+01  1.220000e+01
     vertex  5.196811e+01  1.950357e+01  1.040000e+01
     vertex  5.200633e+01  1.948197e+01  1.220000e+01
   endloop
 endfacet
 facet normal -4.679904e-01 -8.837335e-01 -0.000000e+00
   outer loop
     vertex  5.196811e+01  1.950357e+01  1.220000e+01
     vertex  5.192932e+01  1.952411e+01  1.040000e+01
     vertex  5.196811e+01  1.950357e+01  1.040000e+01
   endloop
 endfacet
 facet normal -4.679904e-01 -8.837335e-01 -0.000000e+00
   outer loop
     vertex  5.192932e+01  1.952411e+01  1.220000e+01
     vertex  5.192932e+01  1.952411e+01  1.040000e+01
     vertex  5.196811e+01  1.950357e+01  1.220000e+01
   endloop
 endfacet
 facet normal -4.435699e-01 -8.962398e-01  5.048992e-19
   outer loop
     vertex  5.188997e+01  1.954358e+01  1.220000e+01
     vertex  5.192932e+01  1.952411e+01  1.040000e+01
     vertex  5.192932e+01  1.952411e+01  1.220000e+01
   endloop
 endfacet
 facet normal -4.435699e-01 -8.962398e-01 -0.000000e+00
   outer loop
     vertex  5.188997e+01  1.954358e+01  1.220000e+01
     vertex  5.188997e+01  1.954358e+01  1.040000e+01
     vertex  5.192932e+01  1.952411e+01  1.040000e+01
   endloop
 endfacet
 facet normal -4.188155e-01 -9.080714e-01  5.683167e-20
   outer loop
     vertex  5.185011e+01  1.956197e+01  1.220000e+01
     vertex  5.188997e+01  1.954358e+01  1.040000e+01
     vertex  5.188997e+01  1.954358e+01  1.220000e+01
   endloop
 endfacet
 facet normal -4.188155e-01 -9.080714e-01 -0.000000e+00
   outer loop
     vertex  5.185011e+01  1.956197e+01  1.220000e+01
     vertex  5.185011e+01  1.956197e+01  1.040000e+01
     vertex  5.188997e+01  1.954358e+01  1.040000e+01
   endloop
 endfacet
 facet normal -3.937458e-01 -9.192194e-01  3.710542e-19
   outer loop
     vertex  5.180976e+01  1.957926e+01  1.220000e+01
     vertex  5.185011e+01  1.956197e+01  1.040000e+01
     vertex  5.185011e+01  1.956197e+01  1.220000e+01
   endloop
 endfacet
 facet normal -3.937458e-01 -9.192194e-01 -0.000000e+00
   outer loop
     vertex  5.180976e+01  1.957926e+01  1.220000e+01
     vertex  5.180976e+01  1.957926e+01  1.040000e+01
     vertex  5.185011e+01  1.956197e+01  1.040000e+01
   endloop
 endfacet
 facet normal -3.683796e-01 -9.296754e-01 -4.897688e-19
   outer loop
     vertex  5.176895e+01  1.959543e+01  1.220000e+01
     vertex  5.180976e+01  1.957926e+01  1.040000e+01
     vertex  5.180976e+01  1.957926e+01  1.220000e+01
   endloop
 endfacet
 facet normal -3.683796e-01 -9.296754e-01 -0.000000e+00
   outer loop
     vertex  5.176895e+01  1.959543e+01  1.220000e+01
     vertex  5.176895e+01  1.959543e+01  1.040000e+01
     vertex  5.180976e+01  1.957926e+01  1.040000e+01
   endloop
 endfacet
 facet normal -3.427362e-01 -9.394317e-01 -4.004696e-19
   outer loop
     vertex  5.172771e+01  1.961047e+01  1.220000e+01
     vertex  5.176895e+01  1.959543e+01  1.040000e+01
     vertex  5.176895e+01  1.959543e+01  1.220000e+01
   endloop
 endfacet
 facet normal -3.427362e-01 -9.394317e-01 -0.000000e+00
   outer loop
     vertex  5.172771e+01  1.961047e+01  1.220000e+01
     vertex  5.172771e+01  1.961047e+01  1.040000e+01
     vertex  5.176895e+01  1.959543e+01  1.040000e+01
   endloop
 endfacet
 facet normal -3.168348e-01 -9.484807e-01 -0.000000e+00
   outer loop
     vertex  5.172771e+01  1.961047e+01  1.220000e+01
     vertex  5.168607e+01  1.962438e+01  1.040000e+01
     vertex  5.172771e+01  1.961047e+01  1.040000e+01
   endloop
 endfacet
 facet normal -3.168348e-01 -9.484807e-01 -0.000000e+00
   outer loop
     vertex  5.168607e+01  1.962438e+01  1.220000e+01
     vertex  5.168607e+01  1.962438e+01  1.040000e+01
     vertex  5.172771e+01  1.961047e+01  1.220000e+01
   endloop
 endfacet
 facet normal -2.906949e-01 -9.568158e-01 -0.000000e+00
   outer loop
     vertex  5.168607e+01  1.962438e+01  1.220000e+01
     vertex  5.164407e+01  1.963714e+01  1.040000e+01
     vertex  5.168607e+01  1.962438e+01  1.040000e+01
   endloop
 endfacet
 facet normal -2.906949e-01 -9.568158e-01 -0.000000e+00
   outer loop
     vertex  5.164407e+01  1.963714e+01  1.220000e+01
     vertex  5.164407e+01  1.963714e+01  1.040000e+01
     vertex  5.168607e+01  1.962438e+01  1.220000e+01
   endloop
 endfacet
 facet normal -2.643362e-01 -9.644306e-01  5.019431e-19
   outer loop
     vertex  5.160173e+01  1.964875e+01  1.220000e+01
     vertex  5.164407e+01  1.963714e+01  1.040000e+01
     vertex  5.164407e+01  1.963714e+01  1.220000e+01
   endloop
 endfacet
 facet normal -2.643362e-01 -9.644306e-01 -0.000000e+00
   outer loop
     vertex  5.160173e+01  1.964875e+01  1.220000e+01
     vertex  5.160173e+01  1.964875e+01  1.040000e+01
     vertex  5.164407e+01  1.963714e+01  1.040000e+01
   endloop
 endfacet
 facet normal -2.377784e-01 -9.713194e-01 -9.586359e-20
   outer loop
     vertex  5.155909e+01  1.965918e+01  1.220000e+01
     vertex  5.160173e+01  1.964875e+01  1.040000e+01
     vertex  5.160173e+01  1.964875e+01  1.220000e+01
   endloop
 endfacet
 facet normal -2.377784e-01 -9.713194e-01 -0.000000e+00
   outer loop
     vertex  5.155909e+01  1.965918e+01  1.220000e+01
     vertex  5.155909e+01  1.965918e+01  1.040000e+01
     vertex  5.160173e+01  1.964875e+01  1.040000e+01
   endloop
 endfacet
 facet normal -2.110417e-01 -9.774771e-01  2.729255e-19
   outer loop
     vertex  5.151618e+01  1.966845e+01  1.220000e+01
     vertex  5.155909e+01  1.965918e+01  1.040000e+01
     vertex  5.155909e+01  1.965918e+01  1.220000e+01
   endloop
 endfacet
 facet normal -2.110417e-01 -9.774771e-01 -0.000000e+00
   outer loop
     vertex  5.151618e+01  1.966845e+01  1.220000e+01
     vertex  5.151618e+01  1.966845e+01  1.040000e+01
     vertex  5.155909e+01  1.965918e+01  1.040000e+01
   endloop
 endfacet
 facet normal -1.841461e-01 -9.828989e-01 -0.000000e+00
   outer loop
     vertex  5.151618e+01  1.966845e+01  1.220000e+01
     vertex  5.147303e+01  1.967653e+01  1.040000e+01
     vertex  5.151618e+01  1.966845e+01  1.040000e+01
   endloop
 endfacet
 facet normal -1.841461e-01 -9.828989e-01 -0.000000e+00
   outer loop
     vertex  5.147303e+01  1.967653e+01  1.220000e+01
     vertex  5.147303e+01  1.967653e+01  1.040000e+01
     vertex  5.151618e+01  1.966845e+01  1.220000e+01
   endloop
 endfacet
 facet normal -1.571119e-01 -9.875808e-01 -1.702448e-19
   outer loop
     vertex  5.142968e+01  1.968343e+01  1.220000e+01
     vertex  5.147303e+01  1.967653e+01  1.040000e+01
     vertex  5.147303e+01  1.967653e+01  1.220000e+01
   endloop
 endfacet
 facet normal -1.571119e-01 -9.875808e-01 -0.000000e+00
   outer loop
     vertex  5.142968e+01  1.968343e+01  1.220000e+01
     vertex  5.142968e+01  1.968343e+01  1.040000e+01
     vertex  5.147303e+01  1.967653e+01  1.040000e+01
   endloop
 endfacet
 facet normal -1.299594e-01 -9.915193e-01  2.864590e-19
   outer loop
     vertex  5.138615e+01  1.968913e+01  1.220000e+01
     vertex  5.142968e+01  1.968343e+01  1.040000e+01
     vertex  5.142968e+01  1.968343e+01  1.220000e+01
   endloop
 endfacet
 facet normal -1.299594e-01 -9.915193e-01 -0.000000e+00
   outer loop
     vertex  5.138615e+01  1.968913e+01  1.220000e+01
     vertex  5.138615e+01  1.968913e+01  1.040000e+01
     vertex  5.142968e+01  1.968343e+01  1.040000e+01
   endloop
 endfacet
 facet normal -1.027091e-01 -9.947114e-01 -3.345993e-20
   outer loop
     vertex  5.134249e+01  1.969364e+01  1.220000e+01
     vertex  5.138615e+01  1.968913e+01  1.040000e+01
     vertex  5.138615e+01  1.968913e+01  1.220000e+01
   endloop
 endfacet
 facet normal -1.027091e-01 -9.947114e-01 -0.000000e+00
   outer loop
     vertex  5.134249e+01  1.969364e+01  1.220000e+01
     vertex  5.134249e+01  1.969364e+01  1.040000e+01
     vertex  5.138615e+01  1.968913e+01  1.040000e+01
   endloop
 endfacet
 facet normal -7.538152e-02 -9.971548e-01 -0.000000e+00
   outer loop
     vertex  5.134249e+01  1.969364e+01  1.220000e+01
     vertex  5.129871e+01  1.969695e+01  1.040000e+01
     vertex  5.134249e+01  1.969364e+01  1.040000e+01
   endloop
 endfacet
 facet normal -7.538152e-02 -9.971548e-01 -0.000000e+00
   outer loop
     vertex  5.129871e+01  1.969695e+01  1.220000e+01
     vertex  5.129871e+01  1.969695e+01  1.040000e+01
     vertex  5.134249e+01  1.969364e+01  1.220000e+01
   endloop
 endfacet
 facet normal -4.799716e-02 -9.988475e-01 -0.000000e+00
   outer loop
     vertex  5.129871e+01  1.969695e+01  1.220000e+01
     vertex  5.125486e+01  1.969906e+01  1.040000e+01
     vertex  5.129871e+01  1.969695e+01  1.040000e+01
   endloop
 endfacet
 facet normal -4.799716e-02 -9.988475e-01 -0.000000e+00
   outer loop
     vertex  5.125486e+01  1.969906e+01  1.220000e+01
     vertex  5.125486e+01  1.969906e+01  1.040000e+01
     vertex  5.129871e+01  1.969695e+01  1.220000e+01
   endloop
 endfacet
 facet normal -2.057667e-02 -9.997883e-01 -0.000000e+00
   outer loop
     vertex  5.121097e+01  1.969996e+01  1.220000e+01
     vertex  5.121097e+01  1.969996e+01  1.040000e+01
     vertex  5.125486e+01  1.969906e+01  1.040000e+01
   endloop
 endfacet
 facet normal -2.057667e-02 -9.997883e-01  2.730613e-20
   outer loop
     vertex  5.121097e+01  1.969996e+01  1.220000e+01
     vertex  5.125486e+01  1.969906e+01  1.040000e+01
     vertex  5.125486e+01  1.969906e+01  1.220000e+01
   endloop
 endfacet
 facet normal  6.859319e-03 -9.999765e-01  0.000000e+00
   outer loop
     vertex  5.116708e+01  1.969966e+01  1.220000e+01
     vertex  5.116708e+01  1.969966e+01  1.040000e+01
     vertex  5.121097e+01  1.969996e+01  1.040000e+01
   endloop
 endfacet
 facet normal  6.859319e-03 -9.999765e-01  8.798272e-21
   outer loop
     vertex  5.116708e+01  1.969966e+01  1.220000e+01
     vertex  5.121097e+01  1.969996e+01  1.040000e+01
     vertex  5.121097e+01  1.969996e+01  1.220000e+01
   endloop
 endfacet
 facet normal  3.429014e-02 -9.994119e-01  0.000000e+00
   outer loop
     vertex  5.112320e+01  1.969816e+01  1.220000e+01
     vertex  5.112320e+01  1.969816e+01  1.040000e+01
     vertex  5.116708e+01  1.969966e+01  1.040000e+01
   endloop
 endfacet
 facet normal  6.169515e-02 -9.980950e-01  0.000000e+00
   outer loop
     vertex  5.112320e+01  1.969816e+01  1.220000e+01
     vertex  5.107939e+01  1.969545e+01  1.040000e+01
     vertex  5.112320e+01  1.969816e+01  1.040000e+01
   endloop
 endfacet
 facet normal  3.429014e-02 -9.994119e-01  1.868816e-20
   outer loop
     vertex  5.112320e+01  1.969816e+01  1.220000e+01
     vertex  5.116708e+01  1.969966e+01  1.040000e+01
     vertex  5.116708e+01  1.969966e+01  1.220000e+01
   endloop
 endfacet
 facet normal  6.169515e-02 -9.980950e-01  0.000000e+00
   outer loop
     vertex  5.107939e+01  1.969545e+01  1.220000e+01
     vertex  5.107939e+01  1.969545e+01  1.040000e+01
     vertex  5.112320e+01  1.969816e+01  1.220000e+01
   endloop
 endfacet
 facet normal  8.905371e-02 -9.960268e-01  1.260091e-19
   outer loop
     vertex  5.103567e+01  1.969154e+01  1.220000e+01
     vertex  5.107939e+01  1.969545e+01  1.040000e+01
     vertex  5.107939e+01  1.969545e+01  1.220000e+01
   endloop
 endfacet
 facet normal  8.905371e-02 -9.960268e-01  0.000000e+00
   outer loop
     vertex  5.103567e+01  1.969154e+01  1.220000e+01
     vertex  5.103567e+01  1.969154e+01  1.040000e+01
     vertex  5.107939e+01  1.969545e+01  1.040000e+01
   endloop
 endfacet
 facet normal  1.163452e-01 -9.932088e-01 -1.073534e-19
   outer loop
     vertex  5.099206e+01  1.968643e+01  1.220000e+01
     vertex  5.103567e+01  1.969154e+01  1.040000e+01
     vertex  5.103567e+01  1.969154e+01  1.220000e+01
   endloop
 endfacet
 facet normal  1.163452e-01 -9.932088e-01  0.000000e+00
   outer loop
     vertex  5.099206e+01  1.968643e+01  1.220000e+01
     vertex  5.099206e+01  1.968643e+01  1.040000e+01
     vertex  5.103567e+01  1.969154e+01  1.040000e+01
   endloop
 endfacet
 facet normal  1.435492e-01 -9.896432e-01  2.610994e-19
   outer loop
     vertex  5.094862e+01  1.968013e+01  1.220000e+01
     vertex  5.099206e+01  1.968643e+01  1.040000e+01
     vertex  5.099206e+01  1.968643e+01  1.220000e+01
   endloop
 endfacet
 facet normal  1.435492e-01 -9.896432e-01  0.000000e+00
   outer loop
     vertex  5.094862e+01  1.968013e+01  1.220000e+01
     vertex  5.094862e+01  1.968013e+01  1.040000e+01
     vertex  5.099206e+01  1.968643e+01  1.040000e+01
   endloop
 endfacet
 facet normal  1.706451e-01 -9.853326e-01 -1.925772e-19
   outer loop
     vertex  5.090537e+01  1.967264e+01  1.220000e+01
     vertex  5.094862e+01  1.968013e+01  1.040000e+01
     vertex  5.094862e+01  1.968013e+01  1.220000e+01
   endloop
 endfacet
 facet normal  1.706451e-01 -9.853326e-01  0.000000e+00
   outer loop
     vertex  5.090537e+01  1.967264e+01  1.220000e+01
     vertex  5.090537e+01  1.967264e+01  1.040000e+01
     vertex  5.094862e+01  1.968013e+01  1.040000e+01
   endloop
 endfacet
 facet normal  1.976125e-01 -9.802802e-01  1.782258e-19
   outer loop
     vertex  5.086233e+01  1.966396e+01  1.220000e+01
     vertex  5.090537e+01  1.967264e+01  1.040000e+01
     vertex  5.090537e+01  1.967264e+01  1.220000e+01
   endloop
 endfacet
 facet normal  1.976125e-01 -9.802802e-01  0.000000e+00
   outer loop
     vertex  5.086233e+01  1.966396e+01  1.220000e+01
     vertex  5.086233e+01  1.966396e+01  1.040000e+01
     vertex  5.090537e+01  1.967264e+01  1.040000e+01
   endloop
 endfacet
 facet normal  2.244312e-01 -9.744899e-01  0.000000e+00
   outer loop
     vertex  5.086233e+01  1.966396e+01  1.220000e+01
     vertex  5.081955e+01  1.965411e+01  1.040000e+01
     vertex  5.086233e+01  1.966396e+01  1.040000e+01
   endloop
 endfacet
 facet normal  2.244312e-01 -9.744899e-01  0.000000e+00
   outer loop
     vertex  5.081955e+01  1.965411e+01  1.220000e+01
     vertex  5.081955e+01  1.965411e+01  1.040000e+01
     vertex  5.086233e+01  1.966396e+01  1.220000e+01
   endloop
 endfacet
 facet normal  2.510809e-01 -9.679661e-01  3.349030e-19
   outer loop
     vertex  5.077706e+01  1.964309e+01  1.220000e+01
     vertex  5.081955e+01  1.965411e+01  1.040000e+01
     vertex  5.081955e+01  1.965411e+01  1.220000e+01
   endloop
 endfacet
 facet normal  2.510809e-01 -9.679661e-01  0.000000e+00
   outer loop
     vertex  5.077706e+01  1.964309e+01  1.220000e+01
     vertex  5.077706e+01  1.964309e+01  1.040000e+01
     vertex  5.081955e+01  1.965411e+01  1.040000e+01
   endloop
 endfacet
 facet normal  2.775416e-01 -9.607136e-01 -5.953404e-19
   outer loop
     vertex  5.073489e+01  1.963091e+01  1.220000e+01
     vertex  5.077706e+01  1.964309e+01  1.040000e+01
     vertex  5.077706e+01  1.964309e+01  1.220000e+01
   endloop
 endfacet
 facet normal  2.775416e-01 -9.607136e-01  0.000000e+00
   outer loop
     vertex  5.073489e+01  1.963091e+01  1.220000e+01
     vertex  5.073489e+01  1.963091e+01  1.040000e+01
     vertex  5.077706e+01  1.964309e+01  1.040000e+01
   endloop
 endfacet
 facet normal  3.037934e-01 -9.527379e-01 -6.251485e-19
   outer loop
     vertex  5.069306e+01  1.961757e+01  1.220000e+01
     vertex  5.073489e+01  1.963091e+01  1.040000e+01
     vertex  5.073489e+01  1.963091e+01  1.220000e+01
   endloop
 endfacet
 facet normal  3.037934e-01 -9.527379e-01  0.000000e+00
   outer loop
     vertex  5.069306e+01  1.961757e+01  1.220000e+01
     vertex  5.069306e+01  1.961757e+01  1.040000e+01
     vertex  5.073489e+01  1.963091e+01  1.040000e+01
   endloop
 endfacet
 facet normal  3.298166e-01 -9.440450e-01  0.000000e+00
   outer loop
     vertex  5.069306e+01  1.961757e+01  1.220000e+01
     vertex  5.065162e+01  1.960309e+01  1.040000e+01
     vertex  5.069306e+01  1.961757e+01  1.040000e+01
   endloop
 endfacet
 facet normal  3.298166e-01 -9.440450e-01  0.000000e+00
   outer loop
     vertex  5.065162e+01  1.960309e+01  1.220000e+01
     vertex  5.065162e+01  1.960309e+01  1.040000e+01
     vertex  5.069306e+01  1.961757e+01  1.220000e+01
   endloop
 endfacet
 facet normal  3.555914e-01 -9.346415e-01 -4.255727e-19
   outer loop
     vertex  5.061059e+01  1.958748e+01  1.220000e+01
     vertex  5.065162e+01  1.960309e+01  1.040000e+01
     vertex  5.065162e+01  1.960309e+01  1.220000e+01
   endloop
 endfacet
 facet normal  3.555914e-01 -9.346415e-01  0.000000e+00
   outer loop
     vertex  5.061059e+01  1.958748e+01  1.220000e+01
     vertex  5.061059e+01  1.958748e+01  1.040000e+01
     vertex  5.065162e+01  1.960309e+01  1.040000e+01
   endloop
 endfacet
 facet normal  3.810986e-01 -9.245344e-01 -5.994444e-19
   outer loop
     vertex  5.057001e+01  1.957075e+01  1.220000e+01
     vertex  5.061059e+01  1.958748e+01  1.040000e+01
     vertex  5.061059e+01  1.958748e+01  1.220000e+01
   endloop
 endfacet
 facet normal  3.810986e-01 -9.245344e-01  0.000000e+00
   outer loop
     vertex  5.057001e+01  1.957075e+01  1.220000e+01
     vertex  5.057001e+01  1.957075e+01  1.040000e+01
     vertex  5.061059e+01  1.958748e+01  1.040000e+01
   endloop
 endfacet
 facet normal  4.063188e-01 -9.137314e-01  0.000000e+00
   outer loop
     vertex  5.052990e+01  1.955291e+01  1.220000e+01
     vertex  5.052990e+01  1.955291e+01  1.040000e+01
     vertex  5.057001e+01  1.957075e+01  1.040000e+01
   endloop
 endfacet
 facet normal  4.312333e-01 -9.022405e-01  0.000000e+00
   outer loop
     vertex  5.052990e+01  1.955291e+01  1.220000e+01
     vertex  5.049029e+01  1.953398e+01  1.040000e+01
     vertex  5.052990e+01  1.955291e+01  1.040000e+01
   endloop
 endfacet
 facet normal  4.063188e-01 -9.137314e-01 -7.267445e-21
   outer loop
     vertex  5.052990e+01  1.955291e+01  1.220000e+01
     vertex  5.057001e+01  1.957075e+01  1.040000e+01
     vertex  5.057001e+01  1.957075e+01  1.220000e+01
   endloop
 endfacet
 facet normal  4.312333e-01 -9.022405e-01  0.000000e+00
   outer loop
     vertex  5.049029e+01  1.953398e+01  1.220000e+01
     vertex  5.049029e+01  1.953398e+01  1.040000e+01
     vertex  5.052990e+01  1.955291e+01  1.220000e+01
   endloop
 endfacet
 facet normal  4.558231e-01 -8.900704e-01  0.000000e+00
   outer loop
     vertex  5.045122e+01  1.951397e+01  1.220000e+01
     vertex  5.045122e+01  1.951397e+01  1.040000e+01
     vertex  5.049029e+01  1.953398e+01  1.040000e+01
   endloop
 endfacet
 facet normal  4.558231e-01 -8.900704e-01  1.959195e-19
   outer loop
     vertex  5.045122e+01  1.951397e+01  1.220000e+01
     vertex  5.049029e+01  1.953398e+01  1.040000e+01
     vertex  5.049029e+01  1.953398e+01  1.220000e+01
   endloop
 endfacet
 facet normal  4.800697e-01 -8.772303e-01  0.000000e+00
   outer loop
     vertex  5.041271e+01  1.949290e+01  1.220000e+01
     vertex  5.041271e+01  1.949290e+01  1.040000e+01
     vertex  5.045122e+01  1.951397e+01  1.040000e+01
   endloop
 endfacet
 facet normal  4.800697e-01 -8.772303e-01  4.883462e-19
   outer loop
     vertex  5.041271e+01  1.949290e+01  1.220000e+01
     vertex  5.045122e+01  1.951397e+01  1.040000e+01
     vertex  5.045122e+01  1.951397e+01  1.220000e+01
   endloop
 endfacet
 facet normal  5.039550e-01 -8.637299e-01  0.000000e+00
   outer loop
     vertex  5.037479e+01  1.947078e+01  1.220000e+01
     vertex  5.037479e+01  1.947078e+01  1.040000e+01
     vertex  5.041271e+01  1.949290e+01  1.040000e+01
   endloop
 endfacet
 facet normal  5.274609e-01 -8.495793e-01  0.000000e+00
   outer loop
     vertex  5.037479e+01  1.947078e+01  1.220000e+01
     vertex  5.033749e+01  1.944762e+01  1.040000e+01
     vertex  5.037479e+01  1.947078e+01  1.040000e+01
   endloop
 endfacet
 facet normal  5.039550e-01 -8.637299e-01  1.932771e-19
   outer loop
     vertex  5.037479e+01  1.947078e+01  1.220000e+01
     vertex  5.041271e+01  1.949290e+01  1.040000e+01
     vertex  5.041271e+01  1.949290e+01  1.220000e+01
   endloop
 endfacet
 facet normal  5.274609e-01 -8.495793e-01  0.000000e+00
   outer loop
     vertex  5.033749e+01  1.944762e+01  1.220000e+01
     vertex  5.033749e+01  1.944762e+01  1.040000e+01
     vertex  5.037479e+01  1.947078e+01  1.220000e+01
   endloop
 endfacet
 facet normal  5.505698e-01 -8.347891e-01  0.000000e+00
   outer loop
     vertex  5.030085e+01  1.942345e+01  1.220000e+01
     vertex  5.030085e+01  1.942345e+01  1.040000e+01
     vertex  5.033749e+01  1.944762e+01  1.040000e+01
   endloop
 endfacet
 facet normal  5.732642e-01 -8.193706e-01  0.000000e+00
   outer loop
     vertex  5.030085e+01  1.942345e+01  1.220000e+01
     vertex  5.026488e+01  1.939829e+01  1.040000e+01
     vertex  5.030085e+01  1.942345e+01  1.040000e+01
   endloop
 endfacet
 facet normal  5.505698e-01 -8.347891e-01  4.989966e-19
   outer loop
     vertex  5.030085e+01  1.942345e+01  1.220000e+01
     vertex  5.033749e+01  1.944762e+01  1.040000e+01
     vertex  5.033749e+01  1.944762e+01  1.220000e+01
   endloop
 endfacet
 facet normal  5.955271e-01 -8.033352e-01  0.000000e+00
   outer loop
     vertex  5.026488e+01  1.939829e+01  1.220000e+01
     vertex  5.022961e+01  1.937214e+01  1.040000e+01
     vertex  5.026488e+01  1.939829e+01  1.040000e+01
   endloop
 endfacet
 facet normal  5.732642e-01 -8.193706e-01  0.000000e+00
   outer loop
     vertex  5.026488e+01  1.939829e+01  1.220000e+01
     vertex  5.026488e+01  1.939829e+01  1.040000e+01
     vertex  5.030085e+01  1.942345e+01  1.220000e+01
   endloop
 endfacet
 facet normal  6.173417e-01 -7.866951e-01  0.000000e+00
   outer loop
     vertex  5.022961e+01  1.937214e+01  1.220000e+01
     vertex  5.019508e+01  1.934504e+01  1.040000e+01
     vertex  5.022961e+01  1.937214e+01  1.040000e+01
   endloop
 endfacet
 facet normal  5.955271e-01 -8.033352e-01  0.000000e+00
   outer loop
     vertex  5.022961e+01  1.937214e+01  1.220000e+01
     vertex  5.022961e+01  1.937214e+01  1.040000e+01
     vertex  5.026488e+01  1.939829e+01  1.220000e+01
   endloop
 endfacet
 facet normal  6.173417e-01 -7.866951e-01  0.000000e+00
   outer loop
     vertex  5.019508e+01  1.934504e+01  1.220000e+01
     vertex  5.019508e+01  1.934504e+01  1.040000e+01
     vertex  5.022961e+01  1.937214e+01  1.220000e+01
   endloop
 endfacet
 facet normal  6.386916e-01 -7.694628e-01  0.000000e+00
   outer loop
     vertex  5.016130e+01  1.931701e+01  1.220000e+01
     vertex  5.016130e+01  1.931701e+01  1.040000e+01
     vertex  5.019508e+01  1.934504e+01  1.040000e+01
   endloop
 endfacet
 facet normal  6.386916e-01 -7.694628e-01  6.037926e-19
   outer loop
     vertex  5.016130e+01  1.931701e+01  1.220000e+01
     vertex  5.019508e+01  1.934504e+01  1.040000e+01
     vertex  5.019508e+01  1.934504e+01  1.220000e+01
   endloop
 endfacet
 facet normal  6.595607e-01 -7.516513e-01  0.000000e+00
   outer loop
     vertex  5.012830e+01  1.928805e+01  1.220000e+01
     vertex  5.012830e+01  1.928805e+01  1.040000e+01
     vertex  5.016130e+01  1.931701e+01  1.040000e+01
   endloop
 endfacet
 facet normal  6.799333e-01 -7.332740e-01  0.000000e+00
   outer loop
     vertex  5.012830e+01  1.928805e+01  1.220000e+01
     vertex  5.009611e+01  1.925820e+01  1.040000e+01
     vertex  5.012830e+01  1.928805e+01  1.040000e+01
   endloop
 endfacet
 facet normal  6.595607e-01 -7.516513e-01  3.844136e-20
   outer loop
     vertex  5.012830e+01  1.928805e+01  1.220000e+01
     vertex  5.016130e+01  1.931701e+01  1.040000e+01
     vertex  5.016130e+01  1.931701e+01  1.220000e+01
   endloop
 endfacet
 facet normal  6.799333e-01 -7.332740e-01  0.000000e+00
   outer loop
     vertex  5.009611e+01  1.925820e+01  1.220000e+01
     vertex  5.009611e+01  1.925820e+01  1.040000e+01
     vertex  5.012830e+01  1.928805e+01  1.220000e+01
   endloop
 endfacet
 facet normal  6.997940e-01 -7.143447e-01  0.000000e+00
   outer loop
     vertex  5.006476e+01  1.922748e+01  1.220000e+01
     vertex  5.006476e+01  1.922748e+01  1.040000e+01
     vertex  5.009611e+01  1.925820e+01  1.040000e+01
   endloop
 endfacet
 facet normal  6.997940e-01 -7.143447e-01 -2.412931e-19
   outer loop
     vertex  5.006476e+01  1.922748e+01  1.220000e+01
     vertex  5.009611e+01  1.925820e+01  1.040000e+01
     vertex  5.009611e+01  1.925820e+01  1.220000e+01
   endloop
 endfacet
 facet normal  7.191280e-01 -6.948776e-01  1.722668e-19
   outer loop
     vertex  5.003425e+01  1.919592e+01  1.220000e+01
     vertex  5.006476e+01  1.922748e+01  1.040000e+01
     vertex  5.006476e+01  1.922748e+01  1.220000e+01
   endloop
 endfacet
 facet normal  7.191280e-01 -6.948776e-01  0.000000e+00
   outer loop
     vertex  5.003425e+01  1.919592e+01  1.220000e+01
     vertex  5.003425e+01  1.919592e+01  1.040000e+01
     vertex  5.006476e+01  1.922748e+01  1.040000e+01
   endloop
 endfacet
 facet normal  7.379206e-01 -6.748875e-01  0.000000e+00
   outer loop
     vertex  5.003425e+01  1.919592e+01  1.220000e+01
     vertex  5.000462e+01  1.916352e+01  1.040000e+01
     vertex  5.003425e+01  1.919592e+01  1.040000e+01
   endloop
 endfacet
 facet normal  7.379206e-01 -6.748875e-01  0.000000e+00
   outer loop
     vertex  5.000462e+01  1.916352e+01  1.220000e+01
     vertex  5.000462e+01  1.916352e+01  1.040000e+01
     vertex  5.003425e+01  1.919592e+01  1.220000e+01
   endloop
 endfacet
 facet normal  7.561578e-01 -6.543893e-01  8.635970e-20
   outer loop
     vertex  4.997590e+01  1.913033e+01  1.220000e+01
     vertex  5.000462e+01  1.916352e+01  1.040000e+01
     vertex  5.000462e+01  1.916352e+01  1.220000e+01
   endloop
 endfacet
 facet normal  7.561578e-01 -6.543893e-01  0.000000e+00
   outer loop
     vertex  4.997590e+01  1.913033e+01  1.220000e+01
     vertex  4.997590e+01  1.913033e+01  1.040000e+01
     vertex  5.000462e+01  1.916352e+01  1.040000e+01
   endloop
 endfacet
 facet normal  7.738257e-01 -6.333986e-01  0.000000e+00
   outer loop
     vertex  4.997590e+01  1.913033e+01  1.220000e+01
     vertex  4.994809e+01  1.909636e+01  1.040000e+01
     vertex  4.997590e+01  1.913033e+01  1.040000e+01
   endloop
 endfacet
 facet normal  7.909112e-01 -6.119310e-01  0.000000e+00
   outer loop
     vertex  4.994809e+01  1.909636e+01  1.220000e+01
     vertex  4.992123e+01  1.906164e+01  1.040000e+01
     vertex  4.994809e+01  1.909636e+01  1.040000e+01
   endloop
 endfacet
 facet normal  7.738257e-01 -6.333986e-01  0.000000e+00
   outer loop
     vertex  4.994809e+01  1.909636e+01  1.220000e+01
     vertex  4.994809e+01  1.909636e+01  1.040000e+01
     vertex  4.997590e+01  1.913033e+01  1.220000e+01
   endloop
 endfacet
 facet normal  7.909112e-01 -6.119310e-01  0.000000e+00
   outer loop
     vertex  4.992123e+01  1.906164e+01  1.220000e+01
     vertex  4.992123e+01  1.906164e+01  1.040000e+01
     vertex  4.994809e+01  1.909636e+01  1.220000e+01
   endloop
 endfacet
 facet normal  8.074012e-01 -5.900028e-01  0.000000e+00
   outer loop
     vertex  4.989533e+01  1.902619e+01  1.220000e+01
     vertex  4.989533e+01  1.902619e+01  1.040000e+01
     vertex  4.992123e+01  1.906164e+01  1.040000e+01
   endloop
 endfacet
 facet normal  8.074012e-01 -5.900028e-01  7.696468e-20
   outer loop
     vertex  4.989533e+01  1.902619e+01  1.220000e+01
     vertex  4.992123e+01  1.906164e+01  1.040000e+01
     vertex  4.992123e+01  1.906164e+01  1.220000e+01
   endloop
 endfacet
 facet normal  8.232835e-01 -5.676304e-01  0.000000e+00
   outer loop
     vertex  4.987041e+01  1.899005e+01  1.220000e+01
     vertex  4.987041e+01  1.899005e+01  1.040000e+01
     vertex  4.989533e+01  1.902619e+01  1.040000e+01
   endloop
 endfacet
 facet normal  8.232835e-01 -5.676304e-01  3.408840e-19
   outer loop
     vertex  4.987041e+01  1.899005e+01  1.220000e+01
     vertex  4.989533e+01  1.902619e+01  1.040000e+01
     vertex  4.989533e+01  1.902619e+01  1.220000e+01
   endloop
 endfacet
 facet normal  8.385460e-01 -5.448308e-01  0.000000e+00
   outer loop
     vertex  4.984649e+01  1.895324e+01  1.220000e+01
     vertex  4.984649e+01  1.895324e+01  1.040000e+01
     vertex  4.987041e+01  1.899005e+01  1.040000e+01
   endloop
 endfacet
 facet normal  8.531773e-01 -5.216210e-01  0.000000e+00
   outer loop
     vertex  4.984649e+01  1.895324e+01  1.220000e+01
     vertex  4.982360e+01  1.891579e+01  1.040000e+01
     vertex  4.984649e+01  1.895324e+01  1.040000e+01
   endloop
 endfacet
 facet normal  8.385460e-01 -5.448308e-01  5.197105e-19
   outer loop
     vertex  4.984649e+01  1.895324e+01  1.220000e+01
     vertex  4.987041e+01  1.899005e+01  1.040000e+01
     vertex  4.987041e+01  1.899005e+01  1.220000e+01
   endloop
 endfacet
 facet normal  8.531773e-01 -5.216210e-01  0.000000e+00
   outer loop
     vertex  4.982360e+01  1.891579e+01  1.220000e+01
     vertex  4.982360e+01  1.891579e+01  1.040000e+01
     vertex  4.984649e+01  1.895324e+01  1.220000e+01
   endloop
 endfacet
 facet normal  8.671664e-01 -4.980186e-01  0.000000e+00
   outer loop
     vertex  4.980173e+01  1.887772e+01  1.220000e+01
     vertex  4.980173e+01  1.887772e+01  1.040000e+01
     vertex  4.982360e+01  1.891579e+01  1.040000e+01
   endloop
 endfacet
 facet normal  8.671664e-01 -4.980186e-01 -4.538771e-19
   outer loop
     vertex  4.980173e+01  1.887772e+01  1.220000e+01
     vertex  4.982360e+01  1.891579e+01  1.040000e+01
     vertex  4.982360e+01  1.891579e+01  1.220000e+01
   endloop
 endfacet
 facet normal  8.805026e-01 -4.740412e-01  0.000000e+00
   outer loop
     vertex  4.978092e+01  1.883907e+01  1.220000e+01
     vertex  4.978092e+01  1.883907e+01  1.040000e+01
     vertex  4.980173e+01  1.887772e+01  1.040000e+01
   endloop
 endfacet
 facet normal  8.805026e-01 -4.740412e-01  4.789052e-19
   outer loop
     vertex  4.978092e+01  1.883907e+01  1.220000e+01
     vertex  4.980173e+01  1.887772e+01  1.040000e+01
     vertex  4.980173e+01  1.887772e+01  1.220000e+01
   endloop
 endfacet
 facet normal  8.931761e-01 -4.497071e-01  0.000000e+00
   outer loop
     vertex  4.976118e+01  1.879986e+01  1.220000e+01
     vertex  4.976118e+01  1.879986e+01  1.040000e+01
     vertex  4.978092e+01  1.883907e+01  1.040000e+01
   endloop
 endfacet
 facet normal  8.931761e-01 -4.497071e-01 -6.516200e-19
   outer loop
     vertex  4.976118e+01  1.879986e+01  1.220000e+01
     vertex  4.978092e+01  1.883907e+01  1.040000e+01
     vertex  4.978092e+01  1.883907e+01  1.220000e+01
   endloop
 endfacet
 facet normal  9.051772e-01 -4.250344e-01  0.000000e+00
   outer loop
     vertex  4.974252e+01  1.876012e+01  1.220000e+01
     vertex  4.974252e+01  1.876012e+01  1.040000e+01
     vertex  4.976118e+01  1.879986e+01  1.040000e+01
   endloop
 endfacet
 facet normal  9.051772e-01 -4.250344e-01  7.575022e-20
   outer loop
     vertex  4.974252e+01  1.876012e+01  1.220000e+01
     vertex  4.976118e+01  1.879986e+01  1.040000e+01
     vertex  4.976118e+01  1.879986e+01  1.220000e+01
   endloop
 endfacet
 facet normal  9.164969e-01 -4.000417e-01  0.000000e+00
   outer loop
     vertex  4.972496e+01  1.871989e+01  1.220000e+01
     vertex  4.972496e+01  1.871989e+01  1.040000e+01
     vertex  4.974252e+01  1.876012e+01  1.040000e+01
   endloop
 endfacet
 facet normal  9.164969e-01 -4.000417e-01  3.689498e-19
   outer loop
     vertex  4.972496e+01  1.871989e+01  1.220000e+01
     vertex  4.974252e+01  1.876012e+01  1.040000e+01
     vertex  4.974252e+01  1.876012e+01  1.220000e+01
   endloop
 endfacet
 facet normal  9.271267e-01 -3.747479e-01  0.000000e+00
   outer loop
     vertex  4.970851e+01  1.867919e+01  1.220000e+01
     vertex  4.970851e+01  1.867919e+01  1.040000e+01
     vertex  4.972496e+01  1.871989e+01  1.040000e+01
   endloop
 endfacet
 facet normal  9.271267e-01 -3.747479e-01 -1.995315e-19
   outer loop
     vertex  4.970851e+01  1.867919e+01  1.220000e+01
     vertex  4.972496e+01  1.871989e+01  1.040000e+01
     vertex  4.972496e+01  1.871989e+01  1.220000e+01
   endloop
 endfacet
 facet normal  9.370586e-01 -3.491720e-01  0.000000e+00
   outer loop
     vertex  4.969318e+01  1.863805e+01  1.220000e+01
     vertex  4.969318e+01  1.863805e+01  1.040000e+01
     vertex  4.970851e+01  1.867919e+01  1.040000e+01
   endloop
 endfacet
 facet normal  9.462851e-01 -3.233333e-01  0.000000e+00
   outer loop
     vertex  4.969318e+01  1.863805e+01  1.220000e+01
     vertex  4.967899e+01  1.859651e+01  1.040000e+01
     vertex  4.969318e+01  1.863805e+01  1.040000e+01
   endloop
 endfacet
 facet normal  9.370586e-01 -3.491720e-01 -2.188573e-19
   outer loop
     vertex  4.969318e+01  1.863805e+01  1.220000e+01
     vertex  4.970851e+01  1.867919e+01  1.040000e+01
     vertex  4.970851e+01  1.867919e+01  1.220000e+01
   endloop
 endfacet
 facet normal  9.547993e-01 -2.972512e-01  0.000000e+00
   outer loop
     vertex  4.967899e+01  1.859651e+01  1.220000e+01
     vertex  4.966594e+01  1.855460e+01  1.040000e+01
     vertex  4.967899e+01  1.859651e+01  1.040000e+01
   endloop
 endfacet
 facet normal  9.462851e-01 -3.233333e-01  0.000000e+00
   outer loop
     vertex  4.967899e+01  1.859651e+01  1.220000e+01
     vertex  4.967899e+01  1.859651e+01  1.040000e+01
     vertex  4.969318e+01  1.863805e+01  1.220000e+01
   endloop
 endfacet
 facet normal  9.547993e-01 -2.972512e-01  0.000000e+00
   outer loop
     vertex  4.966594e+01  1.855460e+01  1.220000e+01
     vertex  4.966594e+01  1.855460e+01  1.040000e+01
     vertex  4.967899e+01  1.859651e+01  1.220000e+01
   endloop
 endfacet
 facet normal  9.625948e-01 -2.709453e-01  0.000000e+00
   outer loop
     vertex  4.965405e+01  1.851234e+01  1.220000e+01
     vertex  4.965405e+01  1.851234e+01  1.040000e+01
     vertex  4.966594e+01  1.855460e+01  1.040000e+01
   endloop
 endfacet
 facet normal  9.696656e-01 -2.444354e-01  0.000000e+00
   outer loop
     vertex  4.965405e+01  1.851234e+01  1.220000e+01
     vertex  4.964332e+01  1.846978e+01  1.040000e+01
     vertex  4.965405e+01  1.851234e+01  1.040000e+01
   endloop
 endfacet
 facet normal  9.625948e-01 -2.709453e-01  3.492794e-19
   outer loop
     vertex  4.965405e+01  1.851234e+01  1.220000e+01
     vertex  4.966594e+01  1.855460e+01  1.040000e+01
     vertex  4.966594e+01  1.855460e+01  1.220000e+01
   endloop
 endfacet
 facet normal  9.696656e-01 -2.444354e-01  0.000000e+00
   outer loop
     vertex  4.964332e+01  1.846978e+01  1.220000e+01
     vertex  4.964332e+01  1.846978e+01  1.040000e+01
     vertex  4.965405e+01  1.851234e+01  1.220000e+01
   endloop
 endfacet
 facet normal  9.760065e-01 -2.177416e-01  0.000000e+00
   outer loop
     vertex  4.963376e+01  1.842693e+01  1.220000e+01
     vertex  4.963376e+01  1.842693e+01  1.040000e+01
     vertex  4.964332e+01  1.846978e+01  1.040000e+01
   endloop
 endfacet
 facet normal  9.760065e-01 -2.177416e-01 -8.429122e-20
   outer loop
     vertex  4.963376e+01  1.842693e+01  1.220000e+01
     vertex  4.964332e+01  1.846978e+01  1.040000e+01
     vertex  4.964332e+01  1.846978e+01  1.220000e+01
   endloop
 endfacet
 facet normal  9.816126e-01 -1.908838e-01  0.000000e+00
   outer loop
     vertex  4.962538e+01  1.838384e+01  1.220000e+01
     vertex  4.962538e+01  1.838384e+01  1.040000e+01
     vertex  4.963376e+01  1.842693e+01  1.040000e+01
   endloop
 endfacet
 facet normal  9.816126e-01 -1.908838e-01 -2.528377e-19
   outer loop
     vertex  4.962538e+01  1.838384e+01  1.220000e+01
     vertex  4.963376e+01  1.842693e+01  1.040000e+01
     vertex  4.963376e+01  1.842693e+01  1.220000e+01
   endloop
 endfacet
 facet normal  9.864799e-01 -1.638824e-01  0.000000e+00
   outer loop
     vertex  4.961818e+01  1.834053e+01  1.220000e+01
     vertex  4.961818e+01  1.834053e+01  1.040000e+01
     vertex  4.962538e+01  1.838384e+01  1.040000e+01
   endloop
 endfacet
 facet normal  9.906046e-01 -1.367575e-01  0.000000e+00
   outer loop
     vertex  4.961818e+01  1.834053e+01  1.220000e+01
     vertex  4.961218e+01  1.829705e+01  1.040000e+01
     vertex  4.961818e+01  1.834053e+01  1.040000e+01
   endloop
 endfacet
 facet normal  9.864799e-01 -1.638824e-01 -3.347091e-19
   outer loop
     vertex  4.961818e+01  1.834053e+01  1.220000e+01
     vertex  4.962538e+01  1.838384e+01  1.040000e+01
     vertex  4.962538e+01  1.838384e+01  1.220000e+01
   endloop
 endfacet
 facet normal  9.939835e-01 -1.095298e-01  0.000000e+00
   outer loop
     vertex  4.961218e+01  1.829705e+01  1.220000e+01
     vertex  4.960737e+01  1.825341e+01  1.040000e+01
     vertex  4.961218e+01  1.829705e+01  1.040000e+01
   endloop
 endfacet
 facet normal  9.906046e-01 -1.367575e-01  0.000000e+00
   outer loop
     vertex  4.961218e+01  1.829705e+01  1.220000e+01
     vertex  4.961218e+01  1.829705e+01  1.040000e+01
     vertex  4.961818e+01  1.834053e+01  1.220000e+01
   endloop
 endfacet
 facet normal  9.939835e-01 -1.095298e-01  0.000000e+00
   outer loop
     vertex  4.960737e+01  1.825341e+01  1.220000e+01
     vertex  4.960737e+01  1.825341e+01  1.040000e+01
     vertex  4.961218e+01  1.829705e+01  1.220000e+01
   endloop
 endfacet
 facet normal  9.966142e-01 -8.221955e-02 -7.888477e-20
   outer loop
     vertex  4.960376e+01  1.820966e+01  1.220000e+01
     vertex  4.960737e+01  1.825341e+01  1.040000e+01
     vertex  4.960737e+01  1.825341e+01  1.220000e+01
   endloop
 endfacet
 facet normal  9.966142e-01 -8.221955e-02  0.000000e+00
   outer loop
     vertex  4.960376e+01  1.820966e+01  1.220000e+01
     vertex  4.960376e+01  1.820966e+01  1.040000e+01
     vertex  4.960737e+01  1.825341e+01  1.040000e+01
   endloop
 endfacet
 facet normal  9.984947e-01 -5.484744e-02  5.255840e-20
   outer loop
     vertex  4.960135e+01  1.816583e+01  1.220000e+01
     vertex  4.960376e+01  1.820966e+01  1.040000e+01
     vertex  4.960376e+01  1.820966e+01  1.220000e+01
   endloop
 endfacet
 facet normal  9.984947e-01 -5.484744e-02  0.000000e+00
   outer loop
     vertex  4.960135e+01  1.816583e+01  1.220000e+01
     vertex  4.960135e+01  1.816583e+01  1.040000e+01
     vertex  4.960376e+01  1.820966e+01  1.040000e+01
   endloop
 endfacet
 facet normal  9.996236e-01 -2.743405e-02  0.000000e+00
   outer loop
     vertex  4.960135e+01  1.816583e+01  1.220000e+01
     vertex  4.960015e+01  1.812195e+01  1.040000e+01
     vertex  4.960135e+01  1.816583e+01  1.040000e+01
   endloop
 endfacet
 facet normal  9.996236e-01 -2.743405e-02  0.000000e+00
   outer loop
     vertex  4.960015e+01  1.812195e+01  1.220000e+01
     vertex  4.960015e+01  1.812195e+01  1.040000e+01
     vertex  4.960135e+01  1.816583e+01  1.220000e+01
   endloop
 endfacet
 facet normal  1.000000e+00 -0.000000e+00  0.000000e+00
   outer loop
     vertex  4.960015e+01  1.807805e+01  1.220000e+01
     vertex  4.960015e+01  1.812195e+01  1.040000e+01
     vertex  4.960015e+01  1.812195e+01  1.220000e+01
   endloop
 endfacet
 facet normal  1.000000e+00  0.000000e+00  0.000000e+00
   outer loop
     vertex  4.960015e+01  1.807805e+01  1.220000e+01
     vertex  4.960015e+01  1.807805e+01  1.040000e+01
     vertex  4.960015e+01  1.812195e+01  1.040000e+01
   endloop
 endfacet
 facet normal  9.996236e-01  2.743405e-02 -1.419405e-20
   outer loop
     vertex  4.960135e+01  1.803417e+01  1.220000e+01
     vertex  4.960015e+01  1.807805e+01  1.040000e+01
     vertex  4.960015e+01  1.807805e+01  1.220000e+01
   endloop
 endfacet
 facet normal  9.996236e-01  2.743405e-02  0.000000e+00
   outer loop
     vertex  4.960135e+01  1.803417e+01  1.220000e+01
     vertex  4.960135e+01  1.803417e+01  1.040000e+01
     vertex  4.960015e+01  1.807805e+01  1.040000e+01
   endloop
 endfacet
 facet normal  9.984947e-01  5.484744e-02 -5.255840e-20
   outer loop
     vertex  4.960376e+01  1.799034e+01  1.220000e+01
     vertex  4.960135e+01  1.803417e+01  1.040000e+01
     vertex  4.960135e+01  1.803417e+01  1.220000e+01
   endloop
 endfacet
 facet normal  9.984947e-01  5.484744e-02  0.000000e+00
   outer loop
     vertex  4.960376e+01  1.799034e+01  1.220000e+01
     vertex  4.960376e+01  1.799034e+01  1.040000e+01
     vertex  4.960135e+01  1.803417e+01  1.040000e+01
   endloop
 endfacet
 facet normal  9.966142e-01  8.221955e-02  0.000000e+00
   outer loop
     vertex  4.960376e+01  1.799034e+01  1.220000e+01
     vertex  4.960737e+01  1.794659e+01  1.040000e+01
     vertex  4.960376e+01  1.799034e+01  1.040000e+01
   endloop
 endfacet
 facet normal  9.966142e-01  8.221955e-02  0.000000e+00
   outer loop
     vertex  4.960737e+01  1.794659e+01  1.220000e+01
     vertex  4.960737e+01  1.794659e+01  1.040000e+01
     vertex  4.960376e+01  1.799034e+01  1.220000e+01
   endloop
 endfacet
 facet normal  9.939835e-01  1.095298e-01 -1.317463e-19
   outer loop
     vertex  4.961218e+01  1.790295e+01  1.220000e+01
     vertex  4.960737e+01  1.794659e+01  1.040000e+01
     vertex  4.960737e+01  1.794659e+01  1.220000e+01
   endloop
 endfacet
 facet normal  9.939835e-01  1.095298e-01  0.000000e+00
   outer loop
     vertex  4.961218e+01  1.790295e+01  1.220000e+01
     vertex  4.961218e+01  1.790295e+01  1.040000e+01
     vertex  4.960737e+01  1.794659e+01  1.040000e+01
   endloop
 endfacet
 facet normal  9.906046e-01  1.367575e-01  0.000000e+00
   outer loop
     vertex  4.961218e+01  1.790295e+01  1.220000e+01
     vertex  4.961818e+01  1.785947e+01  1.040000e+01
     vertex  4.961218e+01  1.790295e+01  1.040000e+01
   endloop
 endfacet
 facet normal  9.906046e-01  1.367575e-01  0.000000e+00
   outer loop
     vertex  4.961818e+01  1.785947e+01  1.220000e+01
     vertex  4.961818e+01  1.785947e+01  1.040000e+01
     vertex  4.961218e+01  1.790295e+01  1.220000e+01
   endloop
 endfacet
 facet normal  9.864799e-01  1.638824e-01  0.000000e+00
   outer loop
     vertex  4.961818e+01  1.785947e+01  1.220000e+01
     vertex  4.962538e+01  1.781616e+01  1.040000e+01
     vertex  4.961818e+01  1.785947e+01  1.040000e+01
   endloop
 endfacet
 facet normal  9.864799e-01  1.638824e-01  0.000000e+00
   outer loop
     vertex  4.962538e+01  1.781616e+01  1.220000e+01
     vertex  4.962538e+01  1.781616e+01  1.040000e+01
     vertex  4.961818e+01  1.785947e+01  1.220000e+01
   endloop
 endfacet
 facet normal  9.816126e-01  1.908838e-01  3.074893e-19
   outer loop
     vertex  4.963376e+01  1.777307e+01  1.220000e+01
     vertex  4.962538e+01  1.781616e+01  1.040000e+01
     vertex  4.962538e+01  1.781616e+01  1.220000e+01
   endloop
 endfacet
 facet normal  9.816126e-01  1.908838e-01  0.000000e+00
   outer loop
     vertex  4.963376e+01  1.777307e+01  1.220000e+01
     vertex  4.963376e+01  1.777307e+01  1.040000e+01
     vertex  4.962538e+01  1.781616e+01  1.040000e+01
   endloop
 endfacet
 facet normal  9.760065e-01  2.177416e-01  0.000000e+00
   outer loop
     vertex  4.963376e+01  1.777307e+01  1.220000e+01
     vertex  4.964332e+01  1.773022e+01  1.040000e+01
     vertex  4.963376e+01  1.777307e+01  1.040000e+01
   endloop
 endfacet
 facet normal  9.760065e-01  2.177416e-01  0.000000e+00
   outer loop
     vertex  4.964332e+01  1.773022e+01  1.220000e+01
     vertex  4.964332e+01  1.773022e+01  1.040000e+01
     vertex  4.963376e+01  1.777307e+01  1.220000e+01
   endloop
 endfacet
 facet normal  9.696656e-01  2.444354e-01  0.000000e+00
   outer loop
     vertex  4.965405e+01  1.768766e+01  1.220000e+01
     vertex  4.965405e+01  1.768766e+01  1.040000e+01
     vertex  4.964332e+01  1.773022e+01  1.040000e+01
   endloop
 endfacet
 facet normal  9.696656e-01  2.444354e-01  9.054542e-20
   outer loop
     vertex  4.965405e+01  1.768766e+01  1.220000e+01
     vertex  4.964332e+01  1.773022e+01  1.040000e+01
     vertex  4.964332e+01  1.773022e+01  1.220000e+01
   endloop
 endfacet
 facet normal  9.625948e-01  2.709453e-01  0.000000e+00
   outer loop
     vertex  4.966594e+01  1.764540e+01  1.220000e+01
     vertex  4.966594e+01  1.764540e+01  1.040000e+01
     vertex  4.965405e+01  1.768766e+01  1.040000e+01
   endloop
 endfacet
 facet normal  9.547993e-01  2.972512e-01  0.000000e+00
   outer loop
     vertex  4.966594e+01  1.764540e+01  1.220000e+01
     vertex  4.967899e+01  1.760349e+01  1.040000e+01
     vertex  4.966594e+01  1.764540e+01  1.040000e+01
   endloop
 endfacet
 facet normal  9.625948e-01  2.709453e-01  5.747903e-19
   outer loop
     vertex  4.966594e+01  1.764540e+01  1.220000e+01
     vertex  4.965405e+01  1.768766e+01  1.040000e+01
     vertex  4.965405e+01  1.768766e+01  1.220000e+01
   endloop
 endfacet
 facet normal  9.547993e-01  2.972512e-01  0.000000e+00
   outer loop
     vertex  4.967899e+01  1.760349e+01  1.220000e+01
     vertex  4.967899e+01  1.760349e+01  1.040000e+01
     vertex  4.966594e+01  1.764540e+01  1.220000e+01
   endloop
 endfacet
 facet normal  9.462851e-01  3.233333e-01  0.000000e+00
   outer loop
     vertex  4.969318e+01  1.756195e+01  1.220000e+01
     vertex  4.969318e+01  1.756195e+01  1.040000e+01
     vertex  4.967899e+01  1.760349e+01  1.040000e+01
   endloop
 endfacet
 facet normal  9.370586e-01  3.491720e-01  0.000000e+00
   outer loop
     vertex  4.969318e+01  1.756195e+01  1.220000e+01
     vertex  4.970851e+01  1.752081e+01  1.040000e+01
     vertex  4.969318e+01  1.756195e+01  1.040000e+01
   endloop
 endfacet
 facet normal  9.462851e-01  3.233333e-01 -3.748726e-19
   outer loop
     vertex  4.969318e+01  1.756195e+01  1.220000e+01
     vertex  4.967899e+01  1.760349e+01  1.040000e+01
     vertex  4.967899e+01  1.760349e+01  1.220000e+01
   endloop
 endfacet
 facet normal  9.370586e-01  3.491720e-01  0.000000e+00
   outer loop
     vertex  4.970851e+01  1.752081e+01  1.220000e+01
     vertex  4.970851e+01  1.752081e+01  1.040000e+01
     vertex  4.969318e+01  1.756195e+01  1.220000e+01
   endloop
 endfacet
 facet normal  9.271267e-01  3.747479e-01  0.000000e+00
   outer loop
     vertex  4.972496e+01  1.748011e+01  1.220000e+01
     vertex  4.972496e+01  1.748011e+01  1.040000e+01
     vertex  4.970851e+01  1.752081e+01  1.040000e+01
   endloop
 endfacet
 facet normal  9.271267e-01  3.747479e-01  1.995315e-19
   outer loop
     vertex  4.972496e+01  1.748011e+01  1.220000e+01
     vertex  4.970851e+01  1.752081e+01  1.040000e+01
     vertex  4.970851e+01  1.752081e+01  1.220000e+01
   endloop
 endfacet
 facet normal  9.164969e-01  4.000417e-01  0.000000e+00
   outer loop
     vertex  4.974252e+01  1.743988e+01  1.220000e+01
     vertex  4.974252e+01  1.743988e+01  1.040000e+01
     vertex  4.972496e+01  1.748011e+01  1.040000e+01
   endloop
 endfacet
 facet normal  9.164969e-01  4.000417e-01 -1.483406e-20
   outer loop
     vertex  4.974252e+01  1.743988e+01  1.220000e+01
     vertex  4.972496e+01  1.748011e+01  1.040000e+01
     vertex  4.972496e+01  1.748011e+01  1.220000e+01
   endloop
 endfacet
 facet normal  9.051772e-01  4.250344e-01  0.000000e+00
   outer loop
     vertex  4.976118e+01  1.740014e+01  1.220000e+01
     vertex  4.976118e+01  1.740014e+01  1.040000e+01
     vertex  4.974252e+01  1.743988e+01  1.040000e+01
   endloop
 endfacet
 facet normal  8.931761e-01  4.497071e-01  0.000000e+00
   outer loop
     vertex  4.976118e+01  1.740014e+01  1.220000e+01
     vertex  4.978092e+01  1.736093e+01  1.040000e+01
     vertex  4.976118e+01  1.740014e+01  1.040000e+01
   endloop
 endfacet
 facet normal  9.051772e-01  4.250344e-01  2.799375e-19
   outer loop
     vertex  4.976118e+01  1.740014e+01  1.220000e+01
     vertex  4.974252e+01  1.743988e+01  1.040000e+01
     vertex  4.974252e+01  1.743988e+01  1.220000e+01
   endloop
 endfacet
 facet normal  8.931761e-01  4.497071e-01  0.000000e+00
   outer loop
     vertex  4.978092e+01  1.736093e+01  1.220000e+01
     vertex  4.978092e+01  1.736093e+01  1.040000e+01
     vertex  4.976118e+01  1.740014e+01  1.220000e+01
   endloop
 endfacet
 facet normal  8.805026e-01  4.740412e-01  0.000000e+00
   outer loop
     vertex  4.980173e+01  1.732228e+01  1.220000e+01
     vertex  4.980173e+01  1.732228e+01  1.040000e+01
     vertex  4.978092e+01  1.736093e+01  1.040000e+01
   endloop
 endfacet
 facet normal  8.805026e-01  4.740412e-01 -2.696135e-19
   outer loop
     vertex  4.980173e+01  1.732228e+01  1.220000e+01
     vertex  4.978092e+01  1.736093e+01  1.040000e+01
     vertex  4.978092e+01  1.736093e+01  1.220000e+01
   endloop
 endfacet
 facet normal  8.671664e-01  4.980186e-01  0.000000e+00
   outer loop
     vertex  4.982360e+01  1.728421e+01  1.220000e+01
     vertex  4.982360e+01  1.728421e+01  1.040000e+01
     vertex  4.980173e+01  1.732228e+01  1.040000e+01
   endloop
 endfacet
 facet normal  8.671664e-01  4.980186e-01 -6.230529e-19
   outer loop
     vertex  4.982360e+01  1.728421e+01  1.220000e+01
     vertex  4.980173e+01  1.732228e+01  1.040000e+01
     vertex  4.980173e+01  1.732228e+01  1.220000e+01
   endloop
 endfacet
 facet normal  8.531773e-01  5.216210e-01  0.000000e+00
   outer loop
     vertex  4.984649e+01  1.724676e+01  1.220000e+01
     vertex  4.984649e+01  1.724676e+01  1.040000e+01
     vertex  4.982360e+01  1.728421e+01  1.040000e+01
   endloop
 endfacet
 facet normal  8.531773e-01  5.216210e-01 -3.323204e-19
   outer loop
     vertex  4.984649e+01  1.724676e+01  1.220000e+01
     vertex  4.982360e+01  1.728421e+01  1.040000e+01
     vertex  4.982360e+01  1.728421e+01  1.220000e+01
   endloop
 endfacet
 facet normal  8.385460e-01  5.448308e-01  0.000000e+00
   outer loop
     vertex  4.987041e+01  1.720995e+01  1.220000e+01
     vertex  4.987041e+01  1.720995e+01  1.040000e+01
     vertex  4.984649e+01  1.724676e+01  1.040000e+01
   endloop
 endfacet
 facet normal  8.385460e-01  5.448308e-01 -5.197105e-19
   outer loop
     vertex  4.987041e+01  1.720995e+01  1.220000e+01
     vertex  4.984649e+01  1.724676e+01  1.040000e+01
     vertex  4.984649e+01  1.724676e+01  1.220000e+01
   endloop
 endfacet
 facet normal  8.232835e-01  5.676304e-01  3.713710e-19
   outer loop
     vertex  4.989533e+01  1.717381e+01  1.220000e+01
     vertex  4.987041e+01  1.720995e+01  1.040000e+01
     vertex  4.987041e+01  1.720995e+01  1.220000e+01
   endloop
 endfacet
 facet normal  8.232835e-01  5.676304e-01  0.000000e+00
   outer loop
     vertex  4.989533e+01  1.717381e+01  1.220000e+01
     vertex  4.989533e+01  1.717381e+01  1.040000e+01
     vertex  4.987041e+01  1.720995e+01  1.040000e+01
   endloop
 endfacet
 facet normal  8.074012e-01  5.900028e-01  0.000000e+00
   outer loop
     vertex  4.989533e+01  1.717381e+01  1.220000e+01
     vertex  4.992123e+01  1.713836e+01  1.040000e+01
     vertex  4.989533e+01  1.717381e+01  1.040000e+01
   endloop
 endfacet
 facet normal  8.074012e-01  5.900028e-01  0.000000e+00
   outer loop
     vertex  4.992123e+01  1.713836e+01  1.220000e+01
     vertex  4.992123e+01  1.713836e+01  1.040000e+01
     vertex  4.989533e+01  1.717381e+01  1.220000e+01
   endloop
 endfacet
 facet normal  7.909112e-01  6.119310e-01  0.000000e+00
   outer loop
     vertex  4.992123e+01  1.713836e+01  1.220000e+01
     vertex  4.994809e+01  1.710364e+01  1.040000e+01
     vertex  4.992123e+01  1.713836e+01  1.040000e+01
   endloop
 endfacet
 facet normal  7.909112e-01  6.119310e-01  0.000000e+00
   outer loop
     vertex  4.994809e+01  1.710364e+01  1.220000e+01
     vertex  4.994809e+01  1.710364e+01  1.040000e+01
     vertex  4.992123e+01  1.713836e+01  1.220000e+01
   endloop
 endfacet
 facet normal  7.738257e-01  6.333986e-01  5.441137e-19
   outer loop
     vertex  4.997590e+01  1.706967e+01  1.220000e+01
     vertex  4.994809e+01  1.710364e+01  1.040000e+01
     vertex  4.994809e+01  1.710364e+01  1.220000e+01
   endloop
 endfacet
 facet normal  7.738257e-01  6.333986e-01  0.000000e+00
   outer loop
     vertex  4.997590e+01  1.706967e+01  1.220000e+01
     vertex  4.997590e+01  1.706967e+01  1.040000e+01
     vertex  4.994809e+01  1.710364e+01  1.040000e+01
   endloop
 endfacet
 facet normal  7.561578e-01  6.543893e-01  0.000000e+00
   outer loop
     vertex  4.997590e+01  1.706967e+01  1.220000e+01
     vertex  5.000462e+01  1.703648e+01  1.040000e+01
     vertex  4.997590e+01  1.706967e+01  1.040000e+01
   endloop
 endfacet
 facet normal  7.561578e-01  6.543893e-01  0.000000e+00
   outer loop
     vertex  5.000462e+01  1.703648e+01  1.220000e+01
     vertex  5.000462e+01  1.703648e+01  1.040000e+01
     vertex  4.997590e+01  1.706967e+01  1.220000e+01
   endloop
 endfacet
 facet normal  7.379206e-01  6.748875e-01 -2.935571e-19
   outer loop
     vertex  5.003425e+01  1.700408e+01  1.220000e+01
     vertex  5.000462e+01  1.703648e+01  1.040000e+01
     vertex  5.000462e+01  1.703648e+01  1.220000e+01
   endloop
 endfacet
 facet normal  7.379206e-01  6.748875e-01  0.000000e+00
   outer loop
     vertex  5.003425e+01  1.700408e+01  1.220000e+01
     vertex  5.003425e+01  1.700408e+01  1.040000e+01
     vertex  5.000462e+01  1.703648e+01  1.040000e+01
   endloop
 endfacet
 facet normal  7.191280e-01  6.948776e-01 -1.722668e-19
   outer loop
     vertex  5.006476e+01  1.697252e+01  1.220000e+01
     vertex  5.003425e+01  1.700408e+01  1.040000e+01
     vertex  5.003425e+01  1.700408e+01  1.220000e+01
   endloop
 endfacet
 facet normal  7.191280e-01  6.948776e-01  0.000000e+00
   outer loop
     vertex  5.006476e+01  1.697252e+01  1.220000e+01
     vertex  5.006476e+01  1.697252e+01  1.040000e+01
     vertex  5.003425e+01  1.700408e+01  1.040000e+01
   endloop
 endfacet
 facet normal  6.997940e-01  7.143447e-01  0.000000e+00
   outer loop
     vertex  5.006476e+01  1.697252e+01  1.220000e+01
     vertex  5.009611e+01  1.694180e+01  1.040000e+01
     vertex  5.006476e+01  1.697252e+01  1.040000e+01
   endloop
 endfacet
 facet normal  6.997940e-01  7.143447e-01  0.000000e+00
   outer loop
     vertex  5.009611e+01  1.694180e+01  1.220000e+01
     vertex  5.009611e+01  1.694180e+01  1.040000e+01
     vertex  5.006476e+01  1.697252e+01  1.220000e+01
   endloop
 endfacet
 facet normal  6.799333e-01  7.332740e-01  4.792423e-20
   outer loop
     vertex  5.012830e+01  1.691195e+01  1.220000e+01
     vertex  5.009611e+01  1.694180e+01  1.040000e+01
     vertex  5.009611e+01  1.694180e+01  1.220000e+01
   endloop
 endfacet
 facet normal  6.799333e-01  7.332740e-01  0.000000e+00
   outer loop
     vertex  5.012830e+01  1.691195e+01  1.220000e+01
     vertex  5.012830e+01  1.691195e+01  1.040000e+01
     vertex  5.009611e+01  1.694180e+01  1.040000e+01
   endloop
 endfacet
 facet normal  6.595607e-01  7.516513e-01  2.738103e-19
   outer loop
     vertex  5.016130e+01  1.688299e+01  1.220000e+01
     vertex  5.012830e+01  1.691195e+01  1.040000e+01
     vertex  5.012830e+01  1.691195e+01  1.220000e+01
   endloop
 endfacet
 facet normal  6.595607e-01  7.516513e-01  0.000000e+00
   outer loop
     vertex  5.016130e+01  1.688299e+01  1.220000e+01
     vertex  5.016130e+01  1.688299e+01  1.040000e+01
     vertex  5.012830e+01  1.691195e+01  1.040000e+01
   endloop
 endfacet
 facet normal  6.386916e-01  7.694628e-01 -6.037926e-19
   outer loop
     vertex  5.019508e+01  1.685496e+01  1.220000e+01
     vertex  5.016130e+01  1.688299e+01  1.040000e+01
     vertex  5.016130e+01  1.688299e+01  1.220000e+01
   endloop
 endfacet
 facet normal  6.386916e-01  7.694628e-01  0.000000e+00
   outer loop
     vertex  5.019508e+01  1.685496e+01  1.220000e+01
     vertex  5.019508e+01  1.685496e+01  1.040000e+01
     vertex  5.016130e+01  1.688299e+01  1.040000e+01
   endloop
 endfacet
 facet normal  6.173417e-01  7.866951e-01 -1.105268e-19
   outer loop
     vertex  5.022961e+01  1.682786e+01  1.220000e+01
     vertex  5.019508e+01  1.685496e+01  1.040000e+01
     vertex  5.019508e+01  1.685496e+01  1.220000e+01
   endloop
 endfacet
 facet normal  6.173417e-01  7.866951e-01  0.000000e+00
   outer loop
     vertex  5.022961e+01  1.682786e+01  1.220000e+01
     vertex  5.022961e+01  1.682786e+01  1.040000e+01
     vertex  5.019508e+01  1.685496e+01  1.040000e+01
   endloop
 endfacet
 facet normal  5.955271e-01  8.033352e-01  0.000000e+00
   outer loop
     vertex  5.022961e+01  1.682786e+01  1.220000e+01
     vertex  5.026488e+01  1.680171e+01  1.040000e+01
     vertex  5.022961e+01  1.682786e+01  1.040000e+01
   endloop
 endfacet
 facet normal  5.955271e-01  8.033352e-01  0.000000e+00
   outer loop
     vertex  5.026488e+01  1.680171e+01  1.220000e+01
     vertex  5.026488e+01  1.680171e+01  1.040000e+01
     vertex  5.022961e+01  1.682786e+01  1.220000e+01
   endloop
 endfacet
 facet normal  5.732642e-01  8.193706e-01 -4.316894e-19
   outer loop
     vertex  5.030085e+01  1.677655e+01  1.220000e+01
     vertex  5.026488e+01  1.680171e+01  1.040000e+01
     vertex  5.026488e+01  1.680171e+01  1.220000e+01
   endloop
 endfacet
 facet normal  5.732642e-01  8.193706e-01  0.000000e+00
   outer loop
     vertex  5.030085e+01  1.677655e+01  1.220000e+01
     vertex  5.030085e+01  1.677655e+01  1.040000e+01
     vertex  5.026488e+01  1.680171e+01  1.040000e+01
   endloop
 endfacet
 facet normal  5.505698e-01  8.347891e-01  0.000000e+00
   outer loop
     vertex  5.030085e+01  1.677655e+01  1.220000e+01
     vertex  5.033749e+01  1.675238e+01  1.040000e+01
     vertex  5.030085e+01  1.677655e+01  1.040000e+01
   endloop
 endfacet
 facet normal  5.505698e-01  8.347891e-01  0.000000e+00
   outer loop
     vertex  5.033749e+01  1.675238e+01  1.220000e+01
     vertex  5.033749e+01  1.675238e+01  1.040000e+01
     vertex  5.030085e+01  1.677655e+01  1.220000e+01
   endloop
 endfacet
 facet normal  5.274609e-01  8.495793e-01  5.112897e-19
   outer loop
     vertex  5.037479e+01  1.672922e+01  1.220000e+01
     vertex  5.033749e+01  1.675238e+01  1.040000e+01
     vertex  5.033749e+01  1.675238e+01  1.220000e+01
   endloop
 endfacet
 facet normal  5.274609e-01  8.495793e-01  0.000000e+00
   outer loop
     vertex  5.037479e+01  1.672922e+01  1.220000e+01
     vertex  5.037479e+01  1.672922e+01  1.040000e+01
     vertex  5.033749e+01  1.675238e+01  1.040000e+01
   endloop
 endfacet
 facet normal  5.039550e-01  8.637299e-01  2.143844e-19
   outer loop
     vertex  5.041271e+01  1.670710e+01  1.220000e+01
     vertex  5.037479e+01  1.672922e+01  1.040000e+01
     vertex  5.037479e+01  1.672922e+01  1.220000e+01
   endloop
 endfacet
 facet normal  5.039550e-01  8.637299e-01  0.000000e+00
   outer loop
     vertex  5.041271e+01  1.670710e+01  1.220000e+01
     vertex  5.041271e+01  1.670710e+01  1.040000e+01
     vertex  5.037479e+01  1.672922e+01  1.040000e+01
   endloop
 endfacet
 facet normal  4.800697e-01  8.772303e-01  0.000000e+00
   outer loop
     vertex  5.041271e+01  1.670710e+01  1.220000e+01
     vertex  5.045122e+01  1.668603e+01  1.040000e+01
     vertex  5.041271e+01  1.670710e+01  1.040000e+01
   endloop
 endfacet
 facet normal  4.800697e-01  8.772303e-01  0.000000e+00
   outer loop
     vertex  5.045122e+01  1.668603e+01  1.220000e+01
     vertex  5.045122e+01  1.668603e+01  1.040000e+01
     vertex  5.041271e+01  1.670710e+01  1.220000e+01
   endloop
 endfacet
 facet normal  4.558231e-01  8.900704e-01 -1.959195e-19
   outer loop
     vertex  5.049029e+01  1.666602e+01  1.220000e+01
     vertex  5.045122e+01  1.668603e+01  1.040000e+01
     vertex  5.045122e+01  1.668603e+01  1.220000e+01
   endloop
 endfacet
 facet normal  4.558231e-01  8.900704e-01  0.000000e+00
   outer loop
     vertex  5.049029e+01  1.666602e+01  1.220000e+01
     vertex  5.049029e+01  1.666602e+01  1.040000e+01
     vertex  5.045122e+01  1.668603e+01  1.040000e+01
   endloop
 endfacet
 facet normal  4.312333e-01  9.022405e-01  0.000000e+00
   outer loop
     vertex  5.049029e+01  1.666602e+01  1.220000e+01
     vertex  5.052990e+01  1.664709e+01  1.040000e+01
     vertex  5.049029e+01  1.666602e+01  1.040000e+01
   endloop
 endfacet
 facet normal  4.312333e-01  9.022405e-01  0.000000e+00
   outer loop
     vertex  5.052990e+01  1.664709e+01  1.220000e+01
     vertex  5.052990e+01  1.664709e+01  1.040000e+01
     vertex  5.049029e+01  1.666602e+01  1.220000e+01
   endloop
 endfacet
 facet normal  4.063188e-01  9.137314e-01  7.267445e-21
   outer loop
     vertex  5.057001e+01  1.662925e+01  1.220000e+01
     vertex  5.052990e+01  1.664709e+01  1.040000e+01
     vertex  5.052990e+01  1.664709e+01  1.220000e+01
   endloop
 endfacet
 facet normal  4.063188e-01  9.137314e-01  0.000000e+00
   outer loop
     vertex  5.057001e+01  1.662925e+01  1.220000e+01
     vertex  5.057001e+01  1.662925e+01  1.040000e+01
     vertex  5.052990e+01  1.664709e+01  1.040000e+01
   endloop
 endfacet
 facet normal  3.810986e-01  9.245344e-01  0.000000e+00
   outer loop
     vertex  5.061059e+01  1.661252e+01  1.220000e+01
     vertex  5.061059e+01  1.661252e+01  1.040000e+01
     vertex  5.057001e+01  1.662925e+01  1.040000e+01
   endloop
 endfacet
 facet normal  3.810986e-01  9.245344e-01  5.994444e-19
   outer loop
     vertex  5.061059e+01  1.661252e+01  1.220000e+01
     vertex  5.057001e+01  1.662925e+01  1.040000e+01
     vertex  5.057001e+01  1.662925e+01  1.220000e+01
   endloop
 endfacet
 facet normal  3.555914e-01  9.346415e-01  0.000000e+00
   outer loop
     vertex  5.061059e+01  1.661252e+01  1.220000e+01
     vertex  5.065162e+01  1.659691e+01  1.040000e+01
     vertex  5.061059e+01  1.661252e+01  1.040000e+01
   endloop
 endfacet
 facet normal  3.298166e-01  9.440450e-01  0.000000e+00
   outer loop
     vertex  5.065162e+01  1.659691e+01  1.220000e+01
     vertex  5.069306e+01  1.658243e+01  1.040000e+01
     vertex  5.065162e+01  1.659691e+01  1.040000e+01
   endloop
 endfacet
 facet normal  3.555914e-01  9.346415e-01  0.000000e+00
   outer loop
     vertex  5.065162e+01  1.659691e+01  1.220000e+01
     vertex  5.065162e+01  1.659691e+01  1.040000e+01
     vertex  5.061059e+01  1.661252e+01  1.220000e+01
   endloop
 endfacet
 facet normal  3.298166e-01  9.440450e-01  0.000000e+00
   outer loop
     vertex  5.069306e+01  1.658243e+01  1.220000e+01
     vertex  5.069306e+01  1.658243e+01  1.040000e+01
     vertex  5.065162e+01  1.659691e+01  1.220000e+01
   endloop
 endfacet
 facet normal  3.037934e-01  9.527379e-01  0.000000e+00
   outer loop
     vertex  5.073489e+01  1.656909e+01  1.220000e+01
     vertex  5.073489e+01  1.656909e+01  1.040000e+01
     vertex  5.069306e+01  1.658243e+01  1.040000e+01
   endloop
 endfacet
 facet normal  3.037934e-01  9.527379e-01  6.251485e-19
   outer loop
     vertex  5.073489e+01  1.656909e+01  1.220000e+01
     vertex  5.069306e+01  1.658243e+01  1.040000e+01
     vertex  5.069306e+01  1.658243e+01  1.220000e+01
   endloop
 endfacet
 facet normal  2.775416e-01  9.607136e-01 -1.312869e-19
   outer loop
     vertex  5.077706e+01  1.655691e+01  1.220000e+01
     vertex  5.073489e+01  1.656909e+01  1.040000e+01
     vertex  5.073489e+01  1.656909e+01  1.220000e+01
   endloop
 endfacet
 facet normal  2.775416e-01  9.607136e-01  0.000000e+00
   outer loop
     vertex  5.077706e+01  1.655691e+01  1.220000e+01
     vertex  5.077706e+01  1.655691e+01  1.040000e+01
     vertex  5.073489e+01  1.656909e+01  1.040000e+01
   endloop
 endfacet
 facet normal  2.510809e-01  9.679661e-01 -1.215836e-19
   outer loop
     vertex  5.081955e+01  1.654589e+01  1.220000e+01
     vertex  5.077706e+01  1.655691e+01  1.040000e+01
     vertex  5.077706e+01  1.655691e+01  1.220000e+01
   endloop
 endfacet
 facet normal  2.510809e-01  9.679661e-01  0.000000e+00
   outer loop
     vertex  5.081955e+01  1.654589e+01  1.220000e+01
     vertex  5.081955e+01  1.654589e+01  1.040000e+01
     vertex  5.077706e+01  1.655691e+01  1.040000e+01
   endloop
 endfacet
 facet normal  2.244312e-01  9.744899e-01 -3.125891e-19
   outer loop
     vertex  5.086233e+01  1.653604e+01  1.220000e+01
     vertex  5.081955e+01  1.654589e+01  1.040000e+01
     vertex  5.081955e+01  1.654589e+01  1.220000e+01
   endloop
 endfacet
 facet normal  2.244312e-01  9.744899e-01  0.000000e+00
   outer loop
     vertex  5.086233e+01  1.653604e+01  1.220000e+01
     vertex  5.086233e+01  1.653604e+01  1.040000e+01
     vertex  5.081955e+01  1.654589e+01  1.040000e+01
   endloop
 endfacet
 facet normal  1.976125e-01  9.802802e-01 -3.654051e-20
   outer loop
     vertex  5.090537e+01  1.652736e+01  1.220000e+01
     vertex  5.086233e+01  1.653604e+01  1.040000e+01
     vertex  5.086233e+01  1.653604e+01  1.220000e+01
   endloop
 endfacet
 facet normal  1.976125e-01  9.802802e-01  0.000000e+00
   outer loop
     vertex  5.090537e+01  1.652736e+01  1.220000e+01
     vertex  5.090537e+01  1.652736e+01  1.040000e+01
     vertex  5.086233e+01  1.653604e+01  1.040000e+01
   endloop
 endfacet
 facet normal  1.706451e-01  9.853326e-01  2.810596e-19
   outer loop
     vertex  5.094862e+01  1.651987e+01  1.220000e+01
     vertex  5.090537e+01  1.652736e+01  1.040000e+01
     vertex  5.090537e+01  1.652736e+01  1.220000e+01
   endloop
 endfacet
 facet normal  1.706451e-01  9.853326e-01  0.000000e+00
   outer loop
     vertex  5.094862e+01  1.651987e+01  1.220000e+01
     vertex  5.094862e+01  1.651987e+01  1.040000e+01
     vertex  5.090537e+01  1.652736e+01  1.040000e+01
   endloop
 endfacet
 facet normal  1.435492e-01  9.896432e-01 -2.853997e-19
   outer loop
     vertex  5.099206e+01  1.651357e+01  1.220000e+01
     vertex  5.094862e+01  1.651987e+01  1.040000e+01
     vertex  5.094862e+01  1.651987e+01  1.220000e+01
   endloop
 endfacet
 facet normal  1.435492e-01  9.896432e-01  0.000000e+00
   outer loop
     vertex  5.099206e+01  1.651357e+01  1.220000e+01
     vertex  5.099206e+01  1.651357e+01  1.040000e+01
     vertex  5.094862e+01  1.651987e+01  1.040000e+01
   endloop
 endfacet
 facet normal  1.163452e-01  9.932088e-01  0.000000e+00
   outer loop
     vertex  5.099206e+01  1.651357e+01  1.220000e+01
     vertex  5.103567e+01  1.650846e+01  1.040000e+01
     vertex  5.099206e+01  1.651357e+01  1.040000e+01
   endloop
 endfacet
 facet normal  1.163452e-01  9.932088e-01  0.000000e+00
   outer loop
     vertex  5.103567e+01  1.650846e+01  1.220000e+01
     vertex  5.103567e+01  1.650846e+01  1.040000e+01
     vertex  5.099206e+01  1.651357e+01  1.220000e+01
   endloop
 endfacet
 facet normal  8.905371e-02  9.960268e-01 -1.260091e-19
   outer loop
     vertex  5.107939e+01  1.650455e+01  1.220000e+01
     vertex  5.103567e+01  1.650846e+01  1.040000e+01
     vertex  5.103567e+01  1.650846e+01  1.220000e+01
   endloop
 endfacet
 facet normal  8.905371e-02  9.960268e-01  0.000000e+00
   outer loop
     vertex  5.107939e+01  1.650455e+01  1.220000e+01
     vertex  5.107939e+01  1.650455e+01  1.040000e+01
     vertex  5.103567e+01  1.650846e+01  1.040000e+01
   endloop
 endfacet
 facet normal  6.169515e-02  9.980950e-01  0.000000e+00
   outer loop
     vertex  5.107939e+01  1.650455e+01  1.220000e+01
     vertex  5.112320e+01  1.650184e+01  1.040000e+01
     vertex  5.107939e+01  1.650455e+01  1.040000e+01
   endloop
 endfacet
 facet normal  6.169515e-02  9.980950e-01  0.000000e+00
   outer loop
     vertex  5.112320e+01  1.650184e+01  1.220000e+01
     vertex  5.112320e+01  1.650184e+01  1.040000e+01
     vertex  5.107939e+01  1.650455e+01  1.220000e+01
   endloop
 endfacet
 facet normal  3.429014e-02  9.994119e-01 -1.868816e-20
   outer loop
     vertex  5.116708e+01  1.650034e+01  1.220000e+01
     vertex  5.112320e+01  1.650184e+01  1.040000e+01
     vertex  5.112320e+01  1.650184e+01  1.220000e+01
   endloop
 endfacet
 facet normal  3.429014e-02  9.994119e-01  0.000000e+00
   outer loop
     vertex  5.116708e+01  1.650034e+01  1.220000e+01
     vertex  5.116708e+01  1.650034e+01  1.040000e+01
     vertex  5.112320e+01  1.650184e+01  1.040000e+01
   endloop
 endfacet
 facet normal  6.859319e-03  9.999765e-01  0.000000e+00
   outer loop
     vertex  5.116708e+01  1.650034e+01  1.220000e+01
     vertex  5.121097e+01  1.650004e+01  1.040000e+01
     vertex  5.116708e+01  1.650034e+01  1.040000e+01
   endloop
 endfacet
 facet normal  6.859319e-03  9.999765e-01  0.000000e+00
   outer loop
     vertex  5.121097e+01  1.650004e+01  1.220000e+01
     vertex  5.121097e+01  1.650004e+01  1.040000e+01
     vertex  5.116708e+01  1.650034e+01  1.220000e+01
   endloop
 endfacet
 facet normal -2.057667e-02  9.997883e-01  4.175875e-20
   outer loop
     vertex  5.125486e+01  1.650094e+01  1.220000e+01
     vertex  5.121097e+01  1.650004e+01  1.040000e+01
     vertex  5.121097e+01  1.650004e+01  1.220000e+01
   endloop
 endfacet
 facet normal -2.057667e-02  9.997883e-01  0.000000e+00
   outer loop
     vertex  5.125486e+01  1.650094e+01  1.220000e+01
     vertex  5.125486e+01  1.650094e+01  1.040000e+01
     vertex  5.121097e+01  1.650004e+01  1.040000e+01
   endloop
 endfacet
 facet normal -4.799716e-02  9.988475e-01  0.000000e+00
   outer loop
     vertex  5.129871e+01  1.650305e+01  1.220000e+01
     vertex  5.129871e+01  1.650305e+01  1.040000e+01
     vertex  5.125486e+01  1.650094e+01  1.040000e+01
   endloop
 endfacet
 facet normal -4.799716e-02  9.988475e-01 -5.172093e-20
   outer loop
     vertex  5.129871e+01  1.650305e+01  1.220000e+01
     vertex  5.125486e+01  1.650094e+01  1.040000e+01
     vertex  5.125486e+01  1.650094e+01  1.220000e+01
   endloop
 endfacet
 facet normal -7.538152e-02  9.971548e-01  0.000000e+00
   outer loop
     vertex  5.134249e+01  1.650636e+01  1.220000e+01
     vertex  5.134249e+01  1.650636e+01  1.040000e+01
     vertex  5.129871e+01  1.650305e+01  1.040000e+01
   endloop
 endfacet
 facet normal -7.538152e-02  9.971548e-01 -6.392805e-20
   outer loop
     vertex  5.134249e+01  1.650636e+01  1.220000e+01
     vertex  5.129871e+01  1.650305e+01  1.040000e+01
     vertex  5.129871e+01  1.650305e+01  1.220000e+01
   endloop
 endfacet
 facet normal -1.027091e-01  9.947114e-01  0.000000e+00
   outer loop
     vertex  5.138615e+01  1.651087e+01  1.220000e+01
     vertex  5.138615e+01  1.651087e+01  1.040000e+01
     vertex  5.134249e+01  1.650636e+01  1.040000e+01
   endloop
 endfacet
 facet normal -1.027091e-01  9.947114e-01 -1.391863e-19
   outer loop
     vertex  5.138615e+01  1.651087e+01  1.220000e+01
     vertex  5.134249e+01  1.650636e+01  1.040000e+01
     vertex  5.134249e+01  1.650636e+01  1.220000e+01
   endloop
 endfacet
 facet normal -1.299594e-01  9.915193e-01  0.000000e+00
   outer loop
     vertex  5.142968e+01  1.651657e+01  1.220000e+01
     vertex  5.142968e+01  1.651657e+01  1.040000e+01
     vertex  5.138615e+01  1.651087e+01  1.040000e+01
   endloop
 endfacet
 facet normal -1.571119e-01  9.875808e-01  0.000000e+00
   outer loop
     vertex  5.142968e+01  1.651657e+01  1.220000e+01
     vertex  5.147303e+01  1.652347e+01  1.040000e+01
     vertex  5.142968e+01  1.651657e+01  1.040000e+01
   endloop
 endfacet
 facet normal -1.299594e-01  9.915193e-01  2.862887e-20
   outer loop
     vertex  5.142968e+01  1.651657e+01  1.220000e+01
     vertex  5.138615e+01  1.651087e+01  1.040000e+01
     vertex  5.138615e+01  1.651087e+01  1.220000e+01
   endloop
 endfacet
 facet normal -1.571119e-01  9.875808e-01  0.000000e+00
   outer loop
     vertex  5.147303e+01  1.652347e+01  1.220000e+01
     vertex  5.147303e+01  1.652347e+01  1.040000e+01
     vertex  5.142968e+01  1.651657e+01  1.220000e+01
   endloop
 endfacet
 facet normal -1.841461e-01  9.828989e-01  0.000000e+00
   outer loop
     vertex  5.151618e+01  1.653155e+01  1.220000e+01
     vertex  5.151618e+01  1.653155e+01  1.040000e+01
     vertex  5.147303e+01  1.652347e+01  1.040000e+01
   endloop
 endfacet
 facet normal -2.110417e-01  9.774771e-01  0.000000e+00
   outer loop
     vertex  5.151618e+01  1.653155e+01  1.220000e+01
     vertex  5.155909e+01  1.654082e+01  1.040000e+01
     vertex  5.151618e+01  1.653155e+01  1.040000e+01
   endloop
 endfacet
 facet normal -1.841461e-01  9.828989e-01 -1.113781e-19
   outer loop
     vertex  5.151618e+01  1.653155e+01  1.220000e+01
     vertex  5.147303e+01  1.652347e+01  1.040000e+01
     vertex  5.147303e+01  1.652347e+01  1.220000e+01
   endloop
 endfacet
 facet normal -2.110417e-01  9.774771e-01  0.000000e+00
   outer loop
     vertex  5.155909e+01  1.654082e+01  1.220000e+01
     vertex  5.155909e+01  1.654082e+01  1.040000e+01
     vertex  5.151618e+01  1.653155e+01  1.220000e+01
   endloop
 endfacet
 facet normal -2.377784e-01  9.713194e-01  0.000000e+00
   outer loop
     vertex  5.160173e+01  1.655125e+01  1.220000e+01
     vertex  5.160173e+01  1.655125e+01  1.040000e+01
     vertex  5.155909e+01  1.654082e+01  1.040000e+01
   endloop
 endfacet
 facet normal -2.643362e-01  9.644306e-01  0.000000e+00
   outer loop
     vertex  5.160173e+01  1.655125e+01  1.220000e+01
     vertex  5.164407e+01  1.656286e+01  1.040000e+01
     vertex  5.160173e+01  1.655125e+01  1.040000e+01
   endloop
 endfacet
 facet normal -2.377784e-01  9.713194e-01 -2.973318e-19
   outer loop
     vertex  5.160173e+01  1.655125e+01  1.220000e+01
     vertex  5.155909e+01  1.654082e+01  1.040000e+01
     vertex  5.155909e+01  1.654082e+01  1.220000e+01
   endloop
 endfacet
 facet normal -2.906949e-01  9.568158e-01  0.000000e+00
   outer loop
     vertex  5.164407e+01  1.656286e+01  1.220000e+01
     vertex  5.168607e+01  1.657562e+01  1.040000e+01
     vertex  5.164407e+01  1.656286e+01  1.040000e+01
   endloop
 endfacet
 facet normal -2.643362e-01  9.644306e-01  0.000000e+00
   outer loop
     vertex  5.164407e+01  1.656286e+01  1.220000e+01
     vertex  5.164407e+01  1.656286e+01  1.040000e+01
     vertex  5.160173e+01  1.655125e+01  1.220000e+01
   endloop
 endfacet
 facet normal -2.906949e-01  9.568158e-01  0.000000e+00
   outer loop
     vertex  5.168607e+01  1.657562e+01  1.220000e+01
     vertex  5.168607e+01  1.657562e+01  1.040000e+01
     vertex  5.164407e+01  1.656286e+01  1.220000e+01
   endloop
 endfacet
 facet normal -3.168348e-01  9.484807e-01  0.000000e+00
   outer loop
     vertex  5.172771e+01  1.658953e+01  1.220000e+01
     vertex  5.172771e+01  1.658953e+01  1.040000e+01
     vertex  5.168607e+01  1.657562e+01  1.040000e+01
   endloop
 endfacet
 facet normal -3.168348e-01  9.484807e-01  1.998850e-19
   outer loop
     vertex  5.172771e+01  1.658953e+01  1.220000e+01
     vertex  5.168607e+01  1.657562e+01  1.040000e+01
     vertex  5.168607e+01  1.657562e+01  1.220000e+01
   endloop
 endfacet
 facet normal -3.427362e-01  9.394317e-01  0.000000e+00
   outer loop
     vertex  5.176895e+01  1.660457e+01  1.220000e+01
     vertex  5.176895e+01  1.660457e+01  1.040000e+01
     vertex  5.172771e+01  1.658953e+01  1.040000e+01
   endloop
 endfacet
 facet normal -3.683796e-01  9.296754e-01  0.000000e+00
   outer loop
     vertex  5.176895e+01  1.660457e+01  1.220000e+01
     vertex  5.180976e+01  1.662074e+01  1.040000e+01
     vertex  5.176895e+01  1.660457e+01  1.040000e+01
   endloop
 endfacet
 facet normal -3.427362e-01  9.394317e-01  4.004696e-19
   outer loop
     vertex  5.176895e+01  1.660457e+01  1.220000e+01
     vertex  5.172771e+01  1.658953e+01  1.040000e+01
     vertex  5.172771e+01  1.658953e+01  1.220000e+01
   endloop
 endfacet
 facet normal -3.683796e-01  9.296754e-01  0.000000e+00
   outer loop
     vertex  5.180976e+01  1.662074e+01  1.220000e+01
     vertex  5.180976e+01  1.662074e+01  1.040000e+01
     vertex  5.176895e+01  1.660457e+01  1.220000e+01
   endloop
 endfacet
 facet normal -3.937458e-01  9.192194e-01 -4.419904e-19
   outer loop
     vertex  5.185011e+01  1.663803e+01  1.220000e+01
     vertex  5.180976e+01  1.662074e+01  1.040000e+01
     vertex  5.180976e+01  1.662074e+01  1.220000e+01
   endloop
 endfacet
 facet normal -3.937458e-01  9.192194e-01  0.000000e+00
   outer loop
     vertex  5.185011e+01  1.663803e+01  1.220000e+01
     vertex  5.185011e+01  1.663803e+01  1.040000e+01
     vertex  5.180976e+01  1.662074e+01  1.040000e+01
   endloop
 endfacet
 facet normal -4.188155e-01  9.080714e-01 -1.849794e-19
   outer loop
     vertex  5.188997e+01  1.665642e+01  1.220000e+01
     vertex  5.185011e+01  1.663803e+01  1.040000e+01
     vertex  5.185011e+01  1.663803e+01  1.220000e+01
   endloop
 endfacet
 facet normal -4.188155e-01  9.080714e-01  0.000000e+00
   outer loop
     vertex  5.188997e+01  1.665642e+01  1.220000e+01
     vertex  5.188997e+01  1.665642e+01  1.040000e+01
     vertex  5.185011e+01  1.663803e+01  1.040000e+01
   endloop
 endfacet
 facet normal -4.435699e-01  8.962398e-01  0.000000e+00
   outer loop
     vertex  5.188997e+01  1.665642e+01  1.220000e+01
     vertex  5.192932e+01  1.667589e+01  1.040000e+01
     vertex  5.188997e+01  1.665642e+01  1.040000e+01
   endloop
 endfacet
 facet normal -4.435699e-01  8.962398e-01  0.000000e+00
   outer loop
     vertex  5.192932e+01  1.667589e+01  1.220000e+01
     vertex  5.192932e+01  1.667589e+01  1.040000e+01
     vertex  5.188997e+01  1.665642e+01  1.220000e+01
   endloop
 endfacet
 facet normal -4.679904e-01  8.837335e-01 -5.761311e-19
   outer loop
     vertex  5.196811e+01  1.669643e+01  1.220000e+01
     vertex  5.192932e+01  1.667589e+01  1.040000e+01
     vertex  5.192932e+01  1.667589e+01  1.220000e+01
   endloop
 endfacet
 facet normal -4.679904e-01  8.837335e-01  0.000000e+00
   outer loop
     vertex  5.196811e+01  1.669643e+01  1.220000e+01
     vertex  5.196811e+01  1.669643e+01  1.040000e+01
     vertex  5.192932e+01  1.667589e+01  1.040000e+01
   endloop
 endfacet
 facet normal -4.920587e-01  8.705620e-01  0.000000e+00
   outer loop
     vertex  5.196811e+01  1.669643e+01  1.220000e+01
     vertex  5.200633e+01  1.671803e+01  1.040000e+01
     vertex  5.196811e+01  1.669643e+01  1.040000e+01
   endloop
 endfacet
 facet normal -4.920587e-01  8.705620e-01  0.000000e+00
   outer loop
     vertex  5.200633e+01  1.671803e+01  1.220000e+01
     vertex  5.200633e+01  1.671803e+01  1.040000e+01
     vertex  5.196811e+01  1.669643e+01  1.220000e+01
   endloop
 endfacet
 facet normal -5.157565e-01  8.567352e-01  0.000000e+00
   outer loop
     vertex  5.204394e+01  1.674067e+01  1.220000e+01
     vertex  5.204394e+01  1.674067e+01  1.040000e+01
     vertex  5.200633e+01  1.671803e+01  1.040000e+01
   endloop
 endfacet
 facet normal -5.157565e-01  8.567352e-01  6.791313e-19
   outer loop
     vertex  5.204394e+01  1.674067e+01  1.220000e+01
     vertex  5.200633e+01  1.671803e+01  1.040000e+01
     vertex  5.200633e+01  1.671803e+01  1.220000e+01
   endloop
 endfacet
 facet normal -5.390661e-01  8.422635e-01  0.000000e+00
   outer loop
     vertex  5.208091e+01  1.676434e+01  1.220000e+01
     vertex  5.208091e+01  1.676434e+01  1.040000e+01
     vertex  5.204394e+01  1.674067e+01  1.040000e+01
   endloop
 endfacet
 facet normal -5.390661e-01  8.422635e-01  2.172656e-19
   outer loop
     vertex  5.208091e+01  1.676434e+01  1.220000e+01
     vertex  5.204394e+01  1.674067e+01  1.040000e+01
     vertex  5.204394e+01  1.674067e+01  1.220000e+01
   endloop
 endfacet
 facet normal -5.619699e-01  8.271577e-01  0.000000e+00
   outer loop
     vertex  5.211722e+01  1.678901e+01  1.220000e+01
     vertex  5.211722e+01  1.678901e+01  1.040000e+01
     vertex  5.208091e+01  1.676434e+01  1.040000e+01
   endloop
 endfacet
 facet normal -5.619699e-01  8.271577e-01 -5.657137e-19
   outer loop
     vertex  5.211722e+01  1.678901e+01  1.220000e+01
     vertex  5.208091e+01  1.676434e+01  1.040000e+01
     vertex  5.208091e+01  1.676434e+01  1.220000e+01
   endloop
 endfacet
 facet normal -5.844507e-01  8.114292e-01  0.000000e+00
   outer loop
     vertex  5.215284e+01  1.681466e+01  1.220000e+01
     vertex  5.215284e+01  1.681466e+01  1.040000e+01
     vertex  5.211722e+01  1.678901e+01  1.040000e+01
   endloop
 endfacet
 facet normal -6.064915e-01  7.950900e-01  0.000000e+00
   outer loop
     vertex  5.215284e+01  1.681466e+01  1.220000e+01
     vertex  5.218775e+01  1.684129e+01  1.040000e+01
     vertex  5.215284e+01  1.681466e+01  1.040000e+01
   endloop
 endfacet
 facet normal -5.844507e-01  8.114292e-01  2.018521e-19
   outer loop
     vertex  5.215284e+01  1.681466e+01  1.220000e+01
     vertex  5.211722e+01  1.678901e+01  1.040000e+01
     vertex  5.211722e+01  1.678901e+01  1.220000e+01
   endloop
 endfacet
 facet normal -6.064915e-01  7.950900e-01  0.000000e+00
   outer loop
     vertex  5.218775e+01  1.684129e+01  1.220000e+01
     vertex  5.218775e+01  1.684129e+01  1.040000e+01
     vertex  5.215284e+01  1.681466e+01  1.220000e+01
   endloop
 endfacet
 facet normal -6.280757e-01  7.781522e-01  0.000000e+00
   outer loop
     vertex  5.222191e+01  1.686886e+01  1.220000e+01
     vertex  5.222191e+01  1.686886e+01  1.040000e+01
     vertex  5.218775e+01  1.684129e+01  1.040000e+01
   endloop
 endfacet
 facet normal -6.491872e-01  7.606287e-01  0.000000e+00
   outer loop
     vertex  5.222191e+01  1.686886e+01  1.220000e+01
     vertex  5.225530e+01  1.689736e+01  1.040000e+01
     vertex  5.222191e+01  1.686886e+01  1.040000e+01
   endloop
 endfacet
 facet normal -6.280757e-01  7.781522e-01  4.986863e-20
   outer loop
     vertex  5.222191e+01  1.686886e+01  1.220000e+01
     vertex  5.218775e+01  1.684129e+01  1.040000e+01
     vertex  5.218775e+01  1.684129e+01  1.220000e+01
   endloop
 endfacet
 facet normal -6.491872e-01  7.606287e-01  0.000000e+00
   outer loop
     vertex  5.225530e+01  1.689736e+01  1.220000e+01
     vertex  5.225530e+01  1.689736e+01  1.040000e+01
     vertex  5.222191e+01  1.686886e+01  1.220000e+01
   endloop
 endfacet
 facet normal -6.698100e-01  7.425325e-01  0.000000e+00
   outer loop
     vertex  5.228789e+01  1.692676e+01  1.220000e+01
     vertex  5.228789e+01  1.692676e+01  1.040000e+01
     vertex  5.225530e+01  1.689736e+01  1.040000e+01
   endloop
 endfacet
 facet normal -6.698100e-01  7.425325e-01  6.070927e-19
   outer loop
     vertex  5.228789e+01  1.692676e+01  1.220000e+01
     vertex  5.225530e+01  1.689736e+01  1.040000e+01
     vertex  5.225530e+01  1.689736e+01  1.220000e+01
   endloop
 endfacet
 facet normal -6.899286e-01  7.238775e-01  0.000000e+00
   outer loop
     vertex  5.231967e+01  1.695705e+01  1.220000e+01
     vertex  5.231967e+01  1.695705e+01  1.040000e+01
     vertex  5.228789e+01  1.692676e+01  1.040000e+01
   endloop
 endfacet
 facet normal -6.899286e-01  7.238775e-01 -1.360031e-19
   outer loop
     vertex  5.231967e+01  1.695705e+01  1.220000e+01
     vertex  5.228789e+01  1.692676e+01  1.040000e+01
     vertex  5.228789e+01  1.692676e+01  1.220000e+01
   endloop
 endfacet
 facet normal -7.095278e-01  7.046775e-01  0.000000e+00
   outer loop
     vertex  5.235060e+01  1.698820e+01  1.220000e+01
     vertex  5.235060e+01  1.698820e+01  1.040000e+01
     vertex  5.231967e+01  1.695705e+01  1.040000e+01
   endloop
 endfacet
 facet normal -7.095278e-01  7.046775e-01  1.583543e-19
   outer loop
     vertex  5.235060e+01  1.698820e+01  1.220000e+01
     vertex  5.231967e+01  1.695705e+01  1.040000e+01
     vertex  5.231967e+01  1.695705e+01  1.220000e+01
   endloop
 endfacet
 facet normal -7.285929e-01  6.849470e-01  0.000000e+00
   outer loop
     vertex  5.238067e+01  1.702018e+01  1.220000e+01
     vertex  5.238067e+01  1.702018e+01  1.040000e+01
     vertex  5.235060e+01  1.698820e+01  1.040000e+01
   endloop
 endfacet
 facet normal -7.471095e-01  6.647010e-01  0.000000e+00
   outer loop
     vertex  5.238067e+01  1.702018e+01  1.220000e+01
     vertex  5.240985e+01  1.705298e+01  1.040000e+01
     vertex  5.238067e+01  1.702018e+01  1.040000e+01
   endloop
 endfacet
 facet normal -7.285929e-01  6.849470e-01 -6.529190e-19
   outer loop
     vertex  5.238067e+01  1.702018e+01  1.220000e+01
     vertex  5.235060e+01  1.698820e+01  1.040000e+01
     vertex  5.235060e+01  1.698820e+01  1.220000e+01
   endloop
 endfacet
 facet normal -7.471095e-01  6.647010e-01  0.000000e+00
   outer loop
     vertex  5.240985e+01  1.705298e+01  1.220000e+01
     vertex  5.240985e+01  1.705298e+01  1.040000e+01
     vertex  5.238067e+01  1.702018e+01  1.220000e+01
   endloop
 endfacet
 facet normal -7.650637e-01  6.439545e-01  0.000000e+00
   outer loop
     vertex  5.243812e+01  1.708656e+01  1.220000e+01
     vertex  5.243812e+01  1.708656e+01  1.040000e+01
     vertex  5.240985e+01  1.705298e+01  1.040000e+01
   endloop
 endfacet
 facet normal -7.650637e-01  6.439545e-01 -1.261455e-19
   outer loop
     vertex  5.243812e+01  1.708656e+01  1.220000e+01
     vertex  5.240985e+01  1.705298e+01  1.040000e+01
     vertex  5.240985e+01  1.705298e+01  1.220000e+01
   endloop
 endfacet
 facet normal -7.824421e-01  6.227234e-01  0.000000e+00
   outer loop
     vertex  5.246546e+01  1.712091e+01  1.220000e+01
     vertex  5.246546e+01  1.712091e+01  1.040000e+01
     vertex  5.243812e+01  1.708656e+01  1.040000e+01
   endloop
 endfacet
 facet normal -7.824421e-01  6.227234e-01 -4.982592e-19
   outer loop
     vertex  5.246546e+01  1.712091e+01  1.220000e+01
     vertex  5.243812e+01  1.708656e+01  1.040000e+01
     vertex  5.243812e+01  1.708656e+01  1.220000e+01
   endloop
 endfacet
 facet normal -7.992314e-01  6.010234e-01  0.000000e+00
   outer loop
     vertex  5.249184e+01  1.715600e+01  1.220000e+01
     vertex  5.249184e+01  1.715600e+01  1.040000e+01
     vertex  5.246546e+01  1.712091e+01  1.040000e+01
   endloop
 endfacet
 facet normal -7.992314e-01  6.010234e-01  4.906687e-19
   outer loop
     vertex  5.249184e+01  1.715600e+01  1.220000e+01
     vertex  5.246546e+01  1.712091e+01  1.040000e+01
     vertex  5.246546e+01  1.712091e+01  1.220000e+01
   endloop
 endfacet
 facet normal -8.154191e-01  5.788711e-01  0.000000e+00
   outer loop
     vertex  5.251725e+01  1.719179e+01  1.220000e+01
     vertex  5.251725e+01  1.719179e+01  1.040000e+01
     vertex  5.249184e+01  1.715600e+01  1.040000e+01
   endloop
 endfacet
 facet normal -8.154191e-01  5.788711e-01 -4.932420e-19
   outer loop
     vertex  5.251725e+01  1.719179e+01  1.220000e+01
     vertex  5.249184e+01  1.715600e+01  1.040000e+01
     vertex  5.249184e+01  1.715600e+01  1.220000e+01
   endloop
 endfacet
 facet normal -8.309929e-01  5.562829e-01  0.000000e+00
   outer loop
     vertex  5.254167e+01  1.722827e+01  1.220000e+01
     vertex  5.254167e+01  1.722827e+01  1.040000e+01
     vertex  5.251725e+01  1.719179e+01  1.040000e+01
   endloop
 endfacet
 facet normal -8.459413e-01  5.332761e-01  0.000000e+00
   outer loop
     vertex  5.254167e+01  1.722827e+01  1.220000e+01
     vertex  5.256508e+01  1.726541e+01  1.040000e+01
     vertex  5.254167e+01  1.722827e+01  1.040000e+01
   endloop
 endfacet
 facet normal -8.309929e-01  5.562829e-01  2.223887e-19
   outer loop
     vertex  5.254167e+01  1.722827e+01  1.220000e+01
     vertex  5.251725e+01  1.719179e+01  1.040000e+01
     vertex  5.251725e+01  1.719179e+01  1.220000e+01
   endloop
 endfacet
 facet normal -8.459413e-01  5.332761e-01  0.000000e+00
   outer loop
     vertex  5.256508e+01  1.726541e+01  1.220000e+01
     vertex  5.256508e+01  1.726541e+01  1.040000e+01
     vertex  5.254167e+01  1.722827e+01  1.220000e+01
   endloop
 endfacet
 facet normal -8.602528e-01  5.098678e-01  0.000000e+00
   outer loop
     vertex  5.258747e+01  1.730317e+01  1.220000e+01
     vertex  5.258747e+01  1.730317e+01  1.040000e+01
     vertex  5.256508e+01  1.726541e+01  1.040000e+01
   endloop
 endfacet
 facet normal -8.602528e-01  5.098678e-01 -4.515431e-19
   outer loop
     vertex  5.258747e+01  1.730317e+01  1.220000e+01
     vertex  5.256508e+01  1.726541e+01  1.040000e+01
     vertex  5.256508e+01  1.726541e+01  1.220000e+01
   endloop
 endfacet
 facet normal -8.739167e-01  4.860756e-01  0.000000e+00
   outer loop
     vertex  5.260880e+01  1.734153e+01  1.220000e+01
     vertex  5.260880e+01  1.734153e+01  1.040000e+01
     vertex  5.258747e+01  1.730317e+01  1.040000e+01
   endloop
 endfacet
 facet normal -8.739167e-01  4.860756e-01  1.238046e-19
   outer loop
     vertex  5.260880e+01  1.734153e+01  1.220000e+01
     vertex  5.258747e+01  1.730317e+01  1.040000e+01
     vertex  5.258747e+01  1.730317e+01  1.220000e+01
   endloop
 endfacet
 facet normal -8.869228e-01  4.619176e-01 -2.040243e-19
   outer loop
     vertex  5.262908e+01  1.738047e+01  1.220000e+01
     vertex  5.260880e+01  1.734153e+01  1.040000e+01
     vertex  5.260880e+01  1.734153e+01  1.220000e+01
   endloop
 endfacet
 facet normal -8.869228e-01  4.619176e-01  0.000000e+00
   outer loop
     vertex  5.262908e+01  1.738047e+01  1.220000e+01
     vertex  5.262908e+01  1.738047e+01  1.040000e+01
     vertex  5.260880e+01  1.734153e+01  1.040000e+01
   endloop
 endfacet
 facet normal -8.992613e-01  4.374119e-01  5.946100e-19
   outer loop
     vertex  5.264828e+01  1.741995e+01  1.220000e+01
     vertex  5.262908e+01  1.738047e+01  1.040000e+01
     vertex  5.262908e+01  1.738047e+01  1.220000e+01
   endloop
 endfacet
 facet normal -8.992613e-01  4.374119e-01  0.000000e+00
   outer loop
     vertex  5.264828e+01  1.741995e+01  1.220000e+01
     vertex  5.264828e+01  1.741995e+01  1.040000e+01
     vertex  5.262908e+01  1.738047e+01  1.040000e+01
   endloop
 endfacet
 facet normal -9.109228e-01  4.125769e-01  0.000000e+00
   outer loop
     vertex  5.264828e+01  1.741995e+01  1.220000e+01
     vertex  5.266640e+01  1.745993e+01  1.040000e+01
     vertex  5.264828e+01  1.741995e+01  1.040000e+01
   endloop
 endfacet
 facet normal -9.109228e-01  4.125769e-01  0.000000e+00
   outer loop
     vertex  5.266640e+01  1.745993e+01  1.220000e+01
     vertex  5.266640e+01  1.745993e+01  1.040000e+01
     vertex  5.264828e+01  1.741995e+01  1.220000e+01
   endloop
 endfacet
 facet normal -9.218986e-01  3.874313e-01  5.368462e-19
   outer loop
     vertex  5.268340e+01  1.750040e+01  1.220000e+01
     vertex  5.266640e+01  1.745993e+01  1.040000e+01
     vertex  5.266640e+01  1.745993e+01  1.220000e+01
   endloop
 endfacet
 facet normal -9.218986e-01  3.874313e-01  0.000000e+00
   outer loop
     vertex  5.268340e+01  1.750040e+01  1.220000e+01
     vertex  5.268340e+01  1.750040e+01  1.040000e+01
     vertex  5.266640e+01  1.745993e+01  1.040000e+01
   endloop
 endfacet
 facet normal -9.321804e-01  3.619940e-01  0.000000e+00
   outer loop
     vertex  5.268340e+01  1.750040e+01  1.220000e+01
     vertex  5.269929e+01  1.754132e+01  1.040000e+01
     vertex  5.268340e+01  1.750040e+01  1.040000e+01
   endloop
 endfacet
 facet normal -9.321804e-01  3.619940e-01  0.000000e+00
   outer loop
     vertex  5.269929e+01  1.754132e+01  1.220000e+01
     vertex  5.269929e+01  1.754132e+01  1.040000e+01
     vertex  5.268340e+01  1.750040e+01  1.220000e+01
   endloop
 endfacet
 facet normal -9.417605e-01  3.362843e-01  3.467587e-19
   outer loop
     vertex  5.271406e+01  1.758267e+01  1.220000e+01
     vertex  5.269929e+01  1.754132e+01  1.040000e+01
     vertex  5.269929e+01  1.754132e+01  1.220000e+01
   endloop
 endfacet
 facet normal -9.417605e-01  3.362843e-01  0.000000e+00
   outer loop
     vertex  5.271406e+01  1.758267e+01  1.220000e+01
     vertex  5.271406e+01  1.758267e+01  1.040000e+01
     vertex  5.269929e+01  1.754132e+01  1.040000e+01
   endloop
 endfacet
 facet normal -9.506317e-01  3.103214e-01  5.595891e-19
   outer loop
     vertex  5.272768e+01  1.762440e+01  1.220000e+01
     vertex  5.271406e+01  1.758267e+01  1.040000e+01
     vertex  5.271406e+01  1.758267e+01  1.220000e+01
   endloop
 endfacet
 facet normal -9.506317e-01  3.103214e-01  0.000000e+00
   outer loop
     vertex  5.272768e+01  1.762440e+01  1.220000e+01
     vertex  5.272768e+01  1.762440e+01  1.040000e+01
     vertex  5.271406e+01  1.758267e+01  1.040000e+01
   endloop
 endfacet
 facet normal -9.587873e-01  2.841250e-01 -1.998301e-19
   outer loop
     vertex  5.274015e+01  1.766649e+01  1.220000e+01
     vertex  5.272768e+01  1.762440e+01  1.040000e+01
     vertex  5.272768e+01  1.762440e+01  1.220000e+01
   endloop
 endfacet
 facet normal -9.587873e-01  2.841250e-01  0.000000e+00
   outer loop
     vertex  5.274015e+01  1.766649e+01  1.220000e+01
     vertex  5.274015e+01  1.766649e+01  1.040000e+01
     vertex  5.272768e+01  1.762440e+01  1.040000e+01
   endloop
 endfacet
 facet normal -9.662211e-01  2.577146e-01  0.000000e+00
   outer loop
     vertex  5.274015e+01  1.766649e+01  1.220000e+01
     vertex  5.275146e+01  1.770890e+01  1.040000e+01
     vertex  5.274015e+01  1.766649e+01  1.040000e+01
   endloop
 endfacet
 facet normal -9.662211e-01  2.577146e-01  0.000000e+00
   outer loop
     vertex  5.275146e+01  1.770890e+01  1.220000e+01
     vertex  5.275146e+01  1.770890e+01  1.040000e+01
     vertex  5.274015e+01  1.766649e+01  1.220000e+01
   endloop
 endfacet
 facet normal -9.729276e-01  2.311102e-01  2.192193e-19
   outer loop
     vertex  5.276161e+01  1.775161e+01  1.220000e+01
     vertex  5.275146e+01  1.770890e+01  1.040000e+01
     vertex  5.275146e+01  1.770890e+01  1.220000e+01
   endloop
 endfacet
 facet normal -9.729276e-01  2.311102e-01  0.000000e+00
   outer loop
     vertex  5.276161e+01  1.775161e+01  1.220000e+01
     vertex  5.276161e+01  1.775161e+01  1.040000e+01
     vertex  5.275146e+01  1.770890e+01  1.040000e+01
   endloop
 endfacet
 facet normal -9.789017e-01  2.043319e-01  1.806220e-19
   outer loop
     vertex  5.277058e+01  1.779459e+01  1.220000e+01
     vertex  5.276161e+01  1.775161e+01  1.040000e+01
     vertex  5.276161e+01  1.775161e+01  1.220000e+01
   endloop
 endfacet
 facet normal -9.789017e-01  2.043319e-01  0.000000e+00
   outer loop
     vertex  5.277058e+01  1.779459e+01  1.220000e+01
     vertex  5.277058e+01  1.779459e+01  1.040000e+01
     vertex  5.276161e+01  1.775161e+01  1.040000e+01
   endloop
 endfacet
 facet normal -9.841389e-01  1.773998e-01 -2.446027e-19
   outer loop
     vertex  5.277837e+01  1.783779e+01  1.220000e+01
     vertex  5.277058e+01  1.779459e+01  1.040000e+01
     vertex  5.277058e+01  1.779459e+01  1.220000e+01
   endloop
 endfacet
 facet normal -9.841389e-01  1.773998e-01  0.000000e+00
   outer loop
     vertex  5.277837e+01  1.783779e+01  1.220000e+01
     vertex  5.277837e+01  1.783779e+01  1.040000e+01
     vertex  5.277058e+01  1.779459e+01  1.040000e+01
   endloop
 endfacet
 facet normal -9.886353e-01  1.503341e-01 -2.014648e-20
   outer loop
     vertex  5.278497e+01  1.788119e+01  1.220000e+01
     vertex  5.277837e+01  1.783779e+01  1.040000e+01
     vertex  5.277837e+01  1.783779e+01  1.220000e+01
   endloop
 endfacet
 facet normal -9.886353e-01  1.503341e-01  0.000000e+00
   outer loop
     vertex  5.278497e+01  1.788119e+01  1.220000e+01
     vertex  5.278497e+01  1.788119e+01  1.040000e+01
     vertex  5.277837e+01  1.783779e+01  1.040000e+01
   endloop
 endfacet
 facet normal -9.923874e-01  1.231552e-01 -3.006250e-20
   outer loop
     vertex  5.279037e+01  1.792475e+01  1.220000e+01
     vertex  5.278497e+01  1.788119e+01  1.040000e+01
     vertex  5.278497e+01  1.788119e+01  1.220000e+01
   endloop
 endfacet
 facet normal -9.923874e-01  1.231552e-01  0.000000e+00
   outer loop
     vertex  5.279037e+01  1.792475e+01  1.220000e+01
     vertex  5.279037e+01  1.792475e+01  1.040000e+01
     vertex  5.278497e+01  1.788119e+01  1.040000e+01
   endloop
 endfacet
 facet normal -9.953925e-01  9.588368e-02  0.000000e+00
   outer loop
     vertex  5.279037e+01  1.792475e+01  1.220000e+01
     vertex  5.279458e+01  1.796845e+01  1.040000e+01
     vertex  5.279037e+01  1.792475e+01  1.040000e+01
   endloop
 endfacet
 facet normal -9.953925e-01  9.588368e-02  0.000000e+00
   outer loop
     vertex  5.279458e+01  1.796845e+01  1.220000e+01
     vertex  5.279458e+01  1.796845e+01  1.040000e+01
     vertex  5.279037e+01  1.792475e+01  1.220000e+01
   endloop
 endfacet
 facet normal -9.976484e-01  6.853995e-02  0.000000e+00
   outer loop
     vertex  5.279759e+01  1.801224e+01  1.220000e+01
     vertex  5.279759e+01  1.801224e+01  1.040000e+01
     vertex  5.279458e+01  1.796845e+01  1.040000e+01
   endloop
 endfacet
 facet normal -9.976484e-01  6.853995e-02  5.866208e-20
   outer loop
     vertex  5.279759e+01  1.801224e+01  1.220000e+01
     vertex  5.279458e+01  1.796845e+01  1.040000e+01
     vertex  5.279458e+01  1.796845e+01  1.220000e+01
   endloop
 endfacet
 facet normal -9.991532e-01  4.114462e-02  0.000000e+00
   outer loop
     vertex  5.279940e+01  1.805611e+01  1.220000e+01
     vertex  5.279940e+01  1.805611e+01  1.040000e+01
     vertex  5.279759e+01  1.801224e+01  1.040000e+01
   endloop
 endfacet
 facet normal -9.999059e-01  1.371831e-02  0.000000e+00
   outer loop
     vertex  5.279940e+01  1.805611e+01  1.220000e+01
     vertex  5.280000e+01  1.810000e+01  1.040000e+01
     vertex  5.279940e+01  1.805611e+01  1.040000e+01
   endloop
 endfacet
 facet normal -9.991532e-01  4.114462e-02  6.309950e-20
   outer loop
     vertex  5.279940e+01  1.805611e+01  1.220000e+01
     vertex  5.279759e+01  1.801224e+01  1.040000e+01
     vertex  5.279759e+01  1.801224e+01  1.220000e+01
   endloop
 endfacet
 facet normal -9.999059e-01  1.371831e-02  0.000000e+00
   outer loop
     vertex  5.280000e+01  1.810000e+01  1.220000e+01
     vertex  5.280000e+01  1.810000e+01  1.040000e+01
     vertex  5.279940e+01  1.805611e+01  1.220000e+01
   endloop
 endfacet
 facet normal  0.000000e+00  0.000000e+00  1.000000e+00
   outer loop
     vertex  3.138316e+00  2.420000e+01  3.100000e+00
     vertex  3.154899e+00  2.417686e+01  3.100000e+00
     vertex  3.172103e+00  2.415418e+01  3.100000e+00
   endloop
 endfacet
 facet normal  0.000000e+00  0.000000e+00  1.000000e+00
   outer loop
     vertex  3.138316e+00  2.420000e+01  3.100000e+00
     vertex  3.172103e+00  2.415418e+01  3.100000e+00
     vertex  3.189916e+00  2.413197e+01  3.100000e+00
   endloop
 endfacet
 facet normal  0.000000e+00  0.000000e+00  1.000000e+00
   outer loop
     vertex  3.138316e+00  2.420000e+01  3.100000e+00
     vertex  3.189916e+00  2.413197e+01  3.100000e+00
     vertex  3.208325e+00  2.411025e+01  3.100000e+00
   endloop
 endfacet
 facet normal  0.000000e+00  0.000000e+00  1.000000e+00
   outer loop
     vertex  3.138316e+00  2.420000e+01  3.100000e+00
     vertex  3.208325e+00  2.411025e+01  3.100000e+00
     vertex  3.227315e+00  2.408904e+01  3.100000e+00
   endloop
 endfacet
 facet normal  0.000000e+00  0.000000e+00  1.000000e+00
   outer loop
     vertex  3.138316e+00  2.420000e+01  3.100000e+00
     vertex  3.227315e+00  2.408904e+01  3.100000e+00
     vertex  3.246874e+00  2.406836e+01  3.100000e+00
   endloop
 endfacet
 facet normal  0.000000e+00  0.000000e+00  1.000000e+00
   outer loop
     vertex  3.138316e+00  2.420000e+01  3.100000e+00
     vertex  3.246874e+00  2.406836e+01  3.100000e+00
     vertex  3.266986e+00  2.404821e+01  3.100000e+00
   endloop
 endfacet
 facet normal  0.000000e+00  0.000000e+00  1.000000e+00
   outer loop
     vertex  3.138316e+00  2.420000e+01  3.100000e+00
     vertex  3.266986e+00  2.404821e+01  3.100000e+00
     vertex  3.287637e+00  2.402861e+01  3.100000e+00
   endloop
 endfacet
 facet normal  0.000000e+00  0.000000e+00  1.000000e+00
   outer loop
     vertex  3.732518e+00  2.378464e+01  3.100000e+00
     vertex  3.445961e+00  2.390807e+01  3.100000e+00
     vertex  3.470345e+00  2.389338e+01  3.100000e+00
   endloop
 endfacet
 facet normal  0.000000e+00  0.000000e+00  1.000000e+00
   outer loop
     vertex  3.732518e+00  2.378464e+01  3.100000e+00
     vertex  3.470345e+00  2.389338e+01  3.100000e+00
     vertex  3.495119e+00  2.387935e+01  3.100000e+00
   endloop
 endfacet
 facet normal  0.000000e+00  0.000000e+00  1.000000e+00
   outer loop
     vertex  3.732518e+00  2.378464e+01  3.100000e+00
     vertex  3.495119e+00  2.387935e+01  3.100000e+00
     vertex  3.520265e+00  2.386600e+01  3.100000e+00
   endloop
 endfacet
 facet normal  0.000000e+00  0.000000e+00  1.000000e+00
   outer loop
     vertex  3.732518e+00  2.378464e+01  3.100000e+00
     vertex  3.520265e+00  2.386600e+01  3.100000e+00
     vertex  3.545762e+00  2.385334e+01  3.100000e+00
   endloop
 endfacet
 facet normal  0.000000e+00  0.000000e+00  1.000000e+00
   outer loop
     vertex  3.732518e+00  2.378464e+01  3.100000e+00
     vertex  3.545762e+00  2.385334e+01  3.100000e+00
     vertex  3.571594e+00  2.384137e+01  3.100000e+00
   endloop
 endfacet
 facet normal  0.000000e+00  0.000000e+00  1.000000e+00
   outer loop
     vertex  3.732518e+00  2.378464e+01  3.100000e+00
     vertex  3.571594e+00  2.384137e+01  3.100000e+00
     vertex  3.597741e+00  2.383011e+01  3.100000e+00
   endloop
 endfacet
 facet normal  0.000000e+00  0.000000e+00  1.000000e+00
   outer loop
     vertex  3.732518e+00  2.378464e+01  3.100000e+00
     vertex  3.597741e+00  2.383011e+01  3.100000e+00
     vertex  3.624183e+00  2.381956e+01  3.100000e+00
   endloop
 endfacet
 facet normal  0.000000e+00  0.000000e+00  1.000000e+00
   outer loop
     vertex  3.732518e+00  2.378464e+01  3.100000e+00
     vertex  3.624183e+00  2.381956e+01  3.100000e+00
     vertex  3.650902e+00  2.380973e+01  3.100000e+00
   endloop
 endfacet
 facet normal  0.000000e+00  0.000000e+00  1.000000e+00
   outer loop
     vertex  3.732518e+00  2.378464e+01  3.100000e+00
     vertex  3.650902e+00  2.380973e+01  3.100000e+00
     vertex  3.677877e+00  2.380063e+01  3.100000e+00
   endloop
 endfacet
 facet normal  0.000000e+00  0.000000e+00  1.000000e+00
   outer loop
     vertex  3.732518e+00  2.378464e+01  3.100000e+00
     vertex  3.677877e+00  2.380063e+01  3.100000e+00
     vertex  3.705089e+00  2.379227e+01  3.100000e+00
   endloop
 endfacet
 facet normal  0.000000e+00  0.000000e+00  1.000000e+00
   outer loop
     vertex  3.815903e+00  2.376626e+01  3.100000e+00
     vertex  3.760143e+00  2.377776e+01  3.100000e+00
     vertex  3.787945e+00  2.377164e+01  3.100000e+00
   endloop
 endfacet
 facet normal  0.000000e+00  0.000000e+00  1.000000e+00
   outer loop
     vertex  3.843996e+00  2.376165e+01  3.100000e+00
     vertex  3.760143e+00  2.377776e+01  3.100000e+00
     vertex  3.815903e+00  2.376626e+01  3.100000e+00
   endloop
 endfacet
 facet normal  0.000000e+00  0.000000e+00  1.000000e+00
   outer loop
     vertex  3.843996e+00  2.376165e+01  3.100000e+00
     vertex  3.732518e+00  2.378464e+01  3.100000e+00
     vertex  3.760143e+00  2.377776e+01  3.100000e+00
   endloop
 endfacet
 facet normal  0.000000e+00  0.000000e+00  1.000000e+00
   outer loop
     vertex  3.900505e+00  2.375472e+01  3.100000e+00
     vertex  3.843996e+00  2.376165e+01  3.100000e+00
     vertex  3.872203e+00  2.375781e+01  3.100000e+00
   endloop
 endfacet
 facet normal  0.000000e+00  0.000000e+00  1.000000e+00
   outer loop
     vertex  4.184097e+00  2.376626e+01  3.100000e+00
     vertex  4.099495e+00  2.375472e+01  3.100000e+00
     vertex  4.127797e+00  2.375781e+01  3.100000e+00
   endloop
 endfacet
 facet normal  0.000000e+00  0.000000e+00  1.000000e+00
   outer loop
     vertex  4.184097e+00  2.376626e+01  3.100000e+00
     vertex  4.127797e+00  2.375781e+01  3.100000e+00
     vertex  4.156004e+00  2.376165e+01  3.100000e+00
   endloop
 endfacet
 facet normal  0.000000e+00  0.000000e+00  1.000000e+00
   outer loop
     vertex  4.349098e+00  2.380973e+01  3.100000e+00
     vertex  4.267482e+00  2.378464e+01  3.100000e+00
     vertex  4.294911e+00  2.379227e+01  3.100000e+00
   endloop
 endfacet
 facet normal  0.000000e+00  0.000000e+00  1.000000e+00
   outer loop
     vertex  4.349098e+00  2.380973e+01  3.100000e+00
     vertex  4.294911e+00  2.379227e+01  3.100000e+00
     vertex  4.322123e+00  2.380063e+01  3.100000e+00
   endloop
 endfacet
 facet normal  0.000000e+00  0.000000e+00  1.000000e+00
   outer loop
     vertex  4.375817e+00  2.381956e+01  3.100000e+00
     vertex  4.212055e+00  2.377164e+01  3.100000e+00
     vertex  4.239857e+00  2.377776e+01  3.100000e+00
   endloop
 endfacet
 facet normal  0.000000e+00  0.000000e+00  1.000000e+00
   outer loop
     vertex  4.375817e+00  2.381956e+01  3.100000e+00
     vertex  4.239857e+00  2.377776e+01  3.100000e+00
     vertex  4.267482e+00  2.378464e+01  3.100000e+00
   endloop
 endfacet
 facet normal  0.000000e+00  0.000000e+00  1.000000e+00
   outer loop
     vertex  4.375817e+00  2.381956e+01  3.100000e+00
     vertex  4.267482e+00  2.378464e+01  3.100000e+00
     vertex  4.349098e+00  2.380973e+01  3.100000e+00
   endloop
 endfacet
 facet normal  0.000000e+00  0.000000e+00  1.000000e+00
   outer loop
     vertex  4.479735e+00  2.386600e+01  3.100000e+00
     vertex  4.402259e+00  2.383011e+01  3.100000e+00
     vertex  4.428406e+00  2.384137e+01  3.100000e+00
   endloop
 endfacet
 facet normal  0.000000e+00  0.000000e+00  1.000000e+00
   outer loop
     vertex  4.479735e+00  2.386600e+01  3.100000e+00
     vertex  4.428406e+00  2.384137e+01  3.100000e+00
     vertex  4.454238e+00  2.385334e+01  3.100000e+00
   endloop
 endfacet
 facet normal  0.000000e+00  0.000000e+00  1.000000e+00
   outer loop
     vertex  4.529655e+00  2.389338e+01  3.100000e+00
     vertex  4.375817e+00  2.381956e+01  3.100000e+00
     vertex  4.402259e+00  2.383011e+01  3.100000e+00
   endloop
 endfacet
 facet normal  0.000000e+00  0.000000e+00  1.000000e+00
   outer loop
     vertex  4.529655e+00  2.389338e+01  3.100000e+00
     vertex  4.479735e+00  2.386600e+01  3.100000e+00
     vertex  4.504881e+00  2.387935e+01  3.100000e+00
   endloop
 endfacet
 facet normal  0.000000e+00  0.000000e+00  1.000000e+00
   outer loop
     vertex  4.529655e+00  2.389338e+01  3.100000e+00
     vertex  4.402259e+00  2.383011e+01  3.100000e+00
     vertex  4.479735e+00  2.386600e+01  3.100000e+00
   endloop
 endfacet
 facet normal  0.000000e+00  0.000000e+00  1.000000e+00
   outer loop
     vertex  4.624679e+00  2.395604e+01  3.100000e+00
     vertex  4.529655e+00  2.389338e+01  3.100000e+00
     vertex  4.554039e+00  2.390807e+01  3.100000e+00
   endloop
 endfacet
 facet normal  0.000000e+00  0.000000e+00  1.000000e+00
   outer loop
     vertex  4.624679e+00  2.395604e+01  3.100000e+00
     vertex  4.554039e+00  2.390807e+01  3.100000e+00
     vertex  4.578016e+00  2.392342e+01  3.100000e+00
   endloop
 endfacet
 facet normal  0.000000e+00  0.000000e+00  1.000000e+00
   outer loop
     vertex  4.624679e+00  2.395604e+01  3.100000e+00
     vertex  4.578016e+00  2.392342e+01  3.100000e+00
     vertex  4.601569e+00  2.393941e+01  3.100000e+00
   endloop
 endfacet
 facet normal  0.000000e+00  0.000000e+00  1.000000e+00
   outer loop
     vertex  4.669505e+00  2.399113e+01  3.100000e+00
     vertex  4.624679e+00  2.395604e+01  3.100000e+00
     vertex  4.647330e+00  2.397328e+01  3.100000e+00
   endloop
 endfacet
 facet normal  0.000000e+00  0.000000e+00  1.000000e+00
   outer loop
     vertex  4.691188e+00  2.400958e+01  3.100000e+00
     vertex  4.529655e+00  2.389338e+01  3.100000e+00
     vertex  4.624679e+00  2.395604e+01  3.100000e+00
   endloop
 endfacet
 facet normal  0.000000e+00  0.000000e+00  1.000000e+00
   outer loop
     vertex  4.691188e+00  2.400958e+01  3.100000e+00
     vertex  4.624679e+00  2.395604e+01  3.100000e+00
     vertex  4.669505e+00  2.399113e+01  3.100000e+00
   endloop
 endfacet
 facet normal  0.000000e+00  0.000000e+00  1.000000e+00
   outer loop
     vertex  4.733014e+00  2.404821e+01  3.100000e+00
     vertex  4.691188e+00  2.400958e+01  3.100000e+00
     vertex  4.712363e+00  2.402861e+01  3.100000e+00
   endloop
 endfacet
 facet normal  0.000000e+00  0.000000e+00  1.000000e+00
   outer loop
     vertex  4.791675e+00  2.411025e+01  3.100000e+00
     vertex  4.753126e+00  2.406836e+01  3.100000e+00
     vertex  4.772685e+00  2.408904e+01  3.100000e+00
   endloop
 endfacet
 facet normal  0.000000e+00  0.000000e+00  1.000000e+00
   outer loop
     vertex  4.810084e+00  2.413197e+01  3.100000e+00
     vertex  4.753126e+00  2.406836e+01  3.100000e+00
     vertex  4.791675e+00  2.411025e+01  3.100000e+00
   endloop
 endfacet
 facet normal  0.000000e+00  0.000000e+00  1.000000e+00
   outer loop
     vertex  4.810084e+00  2.413197e+01  3.100000e+00
     vertex  4.733014e+00  2.404821e+01  3.100000e+00
     vertex  4.753126e+00  2.406836e+01  3.100000e+00
   endloop
 endfacet
 facet normal  0.000000e+00  0.000000e+00  1.000000e+00
   outer loop
     vertex  4.827897e+00  2.415418e+01  3.100000e+00
     vertex  4.733014e+00  2.404821e+01  3.100000e+00
     vertex  4.810084e+00  2.413197e+01  3.100000e+00
   endloop
 endfacet
 facet normal  0.000000e+00  0.000000e+00  1.000000e+00
   outer loop
     vertex  4.845101e+00  2.417686e+01  3.100000e+00
     vertex  4.733014e+00  2.404821e+01  3.100000e+00
     vertex  4.827897e+00  2.415418e+01  3.100000e+00
   endloop
 endfacet
 facet normal  0.000000e+00  0.000000e+00  1.000000e+00
   outer loop
     vertex  4.861684e+00  2.420000e+01  3.100000e+00
     vertex  4.691188e+00  2.400958e+01  3.100000e+00
     vertex  4.733014e+00  2.404821e+01  3.100000e+00
   endloop
 endfacet
 facet normal  0.000000e+00  0.000000e+00  1.000000e+00
   outer loop
     vertex  4.861684e+00  2.420000e+01  3.100000e+00
     vertex  3.138316e+00  2.420000e+01  3.100000e+00
     vertex  3.287637e+00  2.402861e+01  3.100000e+00
   endloop
 endfacet
 facet normal  0.000000e+00  0.000000e+00  1.000000e+00
   outer loop
     vertex  4.861684e+00  2.420000e+01  3.100000e+00
     vertex  3.445961e+00  2.390807e+01  3.100000e+00
     vertex  3.732518e+00  2.378464e+01  3.100000e+00
   endloop
 endfacet
 facet normal  0.000000e+00  0.000000e+00  1.000000e+00
   outer loop
     vertex  4.861684e+00  2.420000e+01  3.100000e+00
     vertex  3.287637e+00  2.402861e+01  3.100000e+00
     vertex  3.308812e+00  2.400958e+01  3.100000e+00
   endloop
 endfacet
 facet normal  0.000000e+00  0.000000e+00  1.000000e+00
   outer loop
     vertex  4.861684e+00  2.420000e+01  3.100000e+00
     vertex  3.308812e+00  2.400958e+01  3.100000e+00
     vertex  3.330495e+00  2.399113e+01  3.100000e+00
   endloop
 endfacet
 facet normal  0.000000e+00  0.000000e+00  1.000000e+00
   outer loop
     vertex  4.861684e+00  2.420000e+01  3.100000e+00
     vertex  3.330495e+00  2.399113e+01  3.100000e+00
     vertex  3.352670e+00  2.397328e+01  3.100000e+00
   endloop
 endfacet
 facet normal  0.000000e+00  0.000000e+00  1.000000e+00
   outer loop
     vertex  4.861684e+00  2.420000e+01  3.100000e+00
     vertex  3.352670e+00  2.397328e+01  3.100000e+00
     vertex  3.375321e+00  2.395604e+01  3.100000e+00
   endloop
 endfacet
 facet normal  0.000000e+00  0.000000e+00  1.000000e+00
   outer loop
     vertex  4.861684e+00  2.420000e+01  3.100000e+00
     vertex  3.375321e+00  2.395604e+01  3.100000e+00
     vertex  3.398431e+00  2.393941e+01  3.100000e+00
   endloop
 endfacet
 facet normal  0.000000e+00  0.000000e+00  1.000000e+00
   outer loop
     vertex  4.861684e+00  2.420000e+01  3.100000e+00
     vertex  3.398431e+00  2.393941e+01  3.100000e+00
     vertex  3.421984e+00  2.392342e+01  3.100000e+00
   endloop
 endfacet
 facet normal  0.000000e+00  0.000000e+00  1.000000e+00
   outer loop
     vertex  4.861684e+00  2.420000e+01  3.100000e+00
     vertex  3.421984e+00  2.392342e+01  3.100000e+00
     vertex  3.445961e+00  2.390807e+01  3.100000e+00
   endloop
 endfacet
 facet normal  0.000000e+00  0.000000e+00  1.000000e+00
   outer loop
     vertex  4.861684e+00  2.420000e+01  3.100000e+00
     vertex  3.843996e+00  2.376165e+01  3.100000e+00
     vertex  3.900505e+00  2.375472e+01  3.100000e+00
   endloop
 endfacet
 facet normal  0.000000e+00  0.000000e+00  1.000000e+00
   outer loop
     vertex  4.861684e+00  2.420000e+01  3.100000e+00
     vertex  3.732518e+00  2.378464e+01  3.100000e+00
     vertex  3.843996e+00  2.376165e+01  3.100000e+00
   endloop
 endfacet
 facet normal  0.000000e+00  0.000000e+00  1.000000e+00
   outer loop
     vertex  4.861684e+00  2.420000e+01  3.100000e+00
     vertex  3.900505e+00  2.375472e+01  3.100000e+00
     vertex  3.928880e+00  2.375241e+01  3.100000e+00
   endloop
 endfacet
 facet normal  0.000000e+00  0.000000e+00  1.000000e+00
   outer loop
     vertex  4.861684e+00  2.420000e+01  3.100000e+00
     vertex  3.928880e+00  2.375241e+01  3.100000e+00
     vertex  3.957307e+00  2.375087e+01  3.100000e+00
   endloop
 endfacet
 facet normal  0.000000e+00  0.000000e+00  1.000000e+00
   outer loop
     vertex  4.861684e+00  2.420000e+01  3.100000e+00
     vertex  3.957307e+00  2.375087e+01  3.100000e+00
     vertex  3.985766e+00  2.375010e+01  3.100000e+00
   endloop
 endfacet
 facet normal  0.000000e+00  0.000000e+00  1.000000e+00
   outer loop
     vertex  4.861684e+00  2.420000e+01  3.100000e+00
     vertex  3.985766e+00  2.375010e+01  3.100000e+00
     vertex  4.014234e+00  2.375010e+01  3.100000e+00
   endloop
 endfacet
 facet normal  0.000000e+00  0.000000e+00  1.000000e+00
   outer loop
     vertex  4.861684e+00  2.420000e+01  3.100000e+00
     vertex  4.014234e+00  2.375010e+01  3.100000e+00
     vertex  4.042693e+00  2.375087e+01  3.100000e+00
   endloop
 endfacet
 facet normal  0.000000e+00  0.000000e+00  1.000000e+00
   outer loop
     vertex  4.861684e+00  2.420000e+01  3.100000e+00
     vertex  4.042693e+00  2.375087e+01  3.100000e+00
     vertex  4.071120e+00  2.375241e+01  3.100000e+00
   endloop
 endfacet
 facet normal  0.000000e+00  0.000000e+00  1.000000e+00
   outer loop
     vertex  4.861684e+00  2.420000e+01  3.100000e+00
     vertex  4.071120e+00  2.375241e+01  3.100000e+00
     vertex  4.099495e+00  2.375472e+01  3.100000e+00
   endloop
 endfacet
 facet normal  0.000000e+00  0.000000e+00  1.000000e+00
   outer loop
     vertex  4.861684e+00  2.420000e+01  3.100000e+00
     vertex  4.184097e+00  2.376626e+01  3.100000e+00
     vertex  4.212055e+00  2.377164e+01  3.100000e+00
   endloop
 endfacet
 facet normal  0.000000e+00  0.000000e+00  1.000000e+00
   outer loop
     vertex  4.861684e+00  2.420000e+01  3.100000e+00
     vertex  4.099495e+00  2.375472e+01  3.100000e+00
     vertex  4.184097e+00  2.376626e+01  3.100000e+00
   endloop
 endfacet
 facet normal  0.000000e+00  0.000000e+00  1.000000e+00
   outer loop
     vertex  4.861684e+00  2.420000e+01  3.100000e+00
     vertex  4.733014e+00  2.404821e+01  3.100000e+00
     vertex  4.845101e+00  2.417686e+01  3.100000e+00
   endloop
 endfacet
 facet normal  0.000000e+00  0.000000e+00  1.000000e+00
   outer loop
     vertex  4.861684e+00  2.420000e+01  3.100000e+00
     vertex  4.212055e+00  2.377164e+01  3.100000e+00
     vertex  4.375817e+00  2.381956e+01  3.100000e+00
   endloop
 endfacet
 facet normal  0.000000e+00  0.000000e+00  1.000000e+00
   outer loop
     vertex  4.861684e+00  2.420000e+01  3.100000e+00
     vertex  4.375817e+00  2.381956e+01  3.100000e+00
     vertex  4.529655e+00  2.389338e+01  3.100000e+00
   endloop
 endfacet
 facet normal  0.000000e+00  0.000000e+00  1.000000e+00
   outer loop
     vertex  4.861684e+00  2.420000e+01  3.100000e+00
     vertex  4.529655e+00  2.389338e+01  3.100000e+00
     vertex  4.691188e+00  2.400958e+01  3.100000e+00
   endloop
 endfacet
 facet normal  8.128297e-01  5.825013e-01  3.642188e-20
   outer loop
     vertex  3.154899e+00  2.417686e+01  9.100000e+00
     vertex  3.138316e+00  2.420000e+01  3.100000e+00
     vertex  3.138316e+00  2.420000e+01  9.100000e+00
   endloop
 endfacet
 facet normal  8.128297e-01  5.825013e-01  0.000000e+00
   outer loop
     vertex  3.154899e+00  2.417686e+01  9.100000e+00
     vertex  3.154899e+00  2.417686e+01  3.100000e+00
     vertex  3.138316e+00  2.420000e+01  3.100000e+00
   endloop
 endfacet
 facet normal  7.967389e-01  6.043237e-01  6.280606e-20
   outer loop
     vertex  3.172103e+00  2.415418e+01  9.100000e+00
     vertex  3.154899e+00  2.417686e+01  3.100000e+00
     vertex  3.154899e+00  2.417686e+01  9.100000e+00
   endloop
 endfacet
 facet normal  7.967389e-01  6.043237e-01  0.000000e+00
   outer loop
     vertex  3.172103e+00  2.415418e+01  9.100000e+00
     vertex  3.172103e+00  2.415418e+01  3.100000e+00
     vertex  3.154899e+00  2.417686e+01  3.100000e+00
   endloop
 endfacet
 facet normal  7.800624e-01  6.257018e-01  0.000000e+00
   outer loop
     vertex  3.172103e+00  2.415418e+01  9.100000e+00
     vertex  3.189916e+00  2.413197e+01  3.100000e+00
     vertex  3.172103e+00  2.415418e+01  3.100000e+00
   endloop
 endfacet
 facet normal  7.800624e-01  6.257018e-01  0.000000e+00
   outer loop
     vertex  3.189916e+00  2.413197e+01  9.100000e+00
     vertex  3.189916e+00  2.413197e+01  3.100000e+00
     vertex  3.172103e+00  2.415418e+01  9.100000e+00
   endloop
 endfacet
 facet normal  7.628124e-01  6.466199e-01  4.098971e-20
   outer loop
     vertex  3.208325e+00  2.411025e+01  9.100000e+00
     vertex  3.189916e+00  2.413197e+01  3.100000e+00
     vertex  3.189916e+00  2.413197e+01  9.100000e+00
   endloop
 endfacet
 facet normal  7.628124e-01  6.466199e-01  0.000000e+00
   outer loop
     vertex  3.208325e+00  2.411025e+01  9.100000e+00
     vertex  3.208325e+00  2.411025e+01  3.100000e+00
     vertex  3.189916e+00  2.413197e+01  3.100000e+00
   endloop
 endfacet
 facet normal  7.450016e-01  6.670627e-01  1.464402e-19
   outer loop
     vertex  3.227315e+00  2.408904e+01  9.100000e+00
     vertex  3.208325e+00  2.411025e+01  3.100000e+00
     vertex  3.208325e+00  2.411025e+01  9.100000e+00
   endloop
 endfacet
 facet normal  7.450016e-01  6.670627e-01  0.000000e+00
   outer loop
     vertex  3.227315e+00  2.408904e+01  9.100000e+00
     vertex  3.227315e+00  2.408904e+01  3.100000e+00
     vertex  3.208325e+00  2.411025e+01  3.100000e+00
   endloop
 endfacet
 facet normal  7.266432e-01  6.870150e-01  4.145181e-20
   outer loop
     vertex  3.246874e+00  2.406836e+01  9.100000e+00
     vertex  3.227315e+00  2.408904e+01  3.100000e+00
     vertex  3.227315e+00  2.408904e+01  9.100000e+00
   endloop
 endfacet
 facet normal  7.266432e-01  6.870150e-01  0.000000e+00
   outer loop
     vertex  3.246874e+00  2.406836e+01  9.100000e+00
     vertex  3.246874e+00  2.406836e+01  3.100000e+00
     vertex  3.227315e+00  2.408904e+01  3.100000e+00
   endloop
 endfacet
 facet normal  7.077506e-01  7.064624e-01  0.000000e+00
   outer loop
     vertex  3.246874e+00  2.406836e+01  9.100000e+00
     vertex  3.266986e+00  2.404821e+01  3.100000e+00
     vertex  3.246874e+00  2.406836e+01  3.100000e+00
   endloop
 endfacet
 facet normal  7.077506e-01  7.064624e-01  0.000000e+00
   outer loop
     vertex  3.266986e+00  2.404821e+01  9.100000e+00
     vertex  3.266986e+00  2.404821e+01  3.100000e+00
     vertex  3.246874e+00  2.406836e+01  9.100000e+00
   endloop
 endfacet
 facet normal  6.883377e-01  7.253904e-01  0.000000e+00
   outer loop
     vertex  3.266986e+00  2.404821e+01  9.100000e+00
     vertex  3.287637e+00  2.402861e+01  3.100000e+00
     vertex  3.266986e+00  2.404821e+01  3.100000e+00
   endloop
 endfacet
 facet normal  6.883377e-01  7.253904e-01  0.000000e+00
   outer loop
     vertex  3.287637e+00  2.402861e+01  9.100000e+00
     vertex  3.287637e+00  2.402861e+01  3.100000e+00
     vertex  3.266986e+00  2.404821e+01  9.100000e+00
   endloop
 endfacet
 facet normal  6.684188e-01  7.437851e-01  0.000000e+00
   outer loop
     vertex  3.308812e+00  2.400958e+01  9.100000e+00
     vertex  3.308812e+00  2.400958e+01  3.100000e+00
     vertex  3.287637e+00  2.402861e+01  3.100000e+00
   endloop
 endfacet
 facet normal  6.480085e-01  7.616331e-01  0.000000e+00
   outer loop
     vertex  3.308812e+00  2.400958e+01  9.100000e+00
     vertex  3.330495e+00  2.399113e+01  3.100000e+00
     vertex  3.308812e+00  2.400958e+01  3.100000e+00
   endloop
 endfacet
 facet normal  6.684188e-01  7.437851e-01  1.302840e-19
   outer loop
     vertex  3.308812e+00  2.400958e+01  9.100000e+00
     vertex  3.287637e+00  2.402861e+01  3.100000e+00
     vertex  3.287637e+00  2.402861e+01  9.100000e+00
   endloop
 endfacet
 facet normal  6.480085e-01  7.616331e-01  0.000000e+00
   outer loop
     vertex  3.330495e+00  2.399113e+01  9.100000e+00
     vertex  3.330495e+00  2.399113e+01  3.100000e+00
     vertex  3.308812e+00  2.400958e+01  9.100000e+00
   endloop
 endfacet
 facet normal  6.271218e-01  7.789212e-01  0.000000e+00
   outer loop
     vertex  3.352670e+00  2.397328e+01  9.100000e+00
     vertex  3.352670e+00  2.397328e+01  3.100000e+00
     vertex  3.330495e+00  2.399113e+01  3.100000e+00
   endloop
 endfacet
 facet normal  6.271218e-01  7.789212e-01 -1.094745e-19
   outer loop
     vertex  3.352670e+00  2.397328e+01  9.100000e+00
     vertex  3.330495e+00  2.399113e+01  3.100000e+00
     vertex  3.330495e+00  2.399113e+01  9.100000e+00
   endloop
 endfacet
 facet normal  6.057742e-01  7.956366e-01  0.000000e+00
   outer loop
     vertex  3.375321e+00  2.395604e+01  9.100000e+00
     vertex  3.375321e+00  2.395604e+01  3.100000e+00
     vertex  3.352670e+00  2.397328e+01  3.100000e+00
   endloop
 endfacet
 facet normal  6.057742e-01  7.956366e-01  5.991958e-20
   outer loop
     vertex  3.375321e+00  2.395604e+01  9.100000e+00
     vertex  3.352670e+00  2.397328e+01  3.100000e+00
     vertex  3.352670e+00  2.397328e+01  9.100000e+00
   endloop
 endfacet
 facet normal  5.839812e-01  8.117672e-01  0.000000e+00
   outer loop
     vertex  3.398431e+00  2.393941e+01  9.100000e+00
     vertex  3.398431e+00  2.393941e+01  3.100000e+00
     vertex  3.375321e+00  2.395604e+01  3.100000e+00
   endloop
 endfacet
 facet normal  5.617589e-01  8.273010e-01  0.000000e+00
   outer loop
     vertex  3.398431e+00  2.393941e+01  9.100000e+00
     vertex  3.421984e+00  2.392342e+01  3.100000e+00
     vertex  3.398431e+00  2.393941e+01  3.100000e+00
   endloop
 endfacet
 facet normal  5.839812e-01  8.117672e-01 -4.770518e-20
   outer loop
     vertex  3.398431e+00  2.393941e+01  9.100000e+00
     vertex  3.375321e+00  2.395604e+01  3.100000e+00
     vertex  3.375321e+00  2.395604e+01  9.100000e+00
   endloop
 endfacet
 facet normal  5.617589e-01  8.273010e-01  0.000000e+00
   outer loop
     vertex  3.421984e+00  2.392342e+01  9.100000e+00
     vertex  3.421984e+00  2.392342e+01  3.100000e+00
     vertex  3.398431e+00  2.393941e+01  9.100000e+00
   endloop
 endfacet
 facet normal  5.391236e-01  8.422266e-01  6.386544e-20
   outer loop
     vertex  3.445961e+00  2.390807e+01  9.100000e+00
     vertex  3.421984e+00  2.392342e+01  3.100000e+00
     vertex  3.421984e+00  2.392342e+01  9.100000e+00
   endloop
 endfacet
 facet normal  5.391236e-01  8.422266e-01  0.000000e+00
   outer loop
     vertex  3.445961e+00  2.390807e+01  9.100000e+00
     vertex  3.445961e+00  2.390807e+01  3.100000e+00
     vertex  3.421984e+00  2.392342e+01  3.100000e+00
   endloop
 endfacet
 facet normal  5.160920e-01  8.565331e-01  0.000000e+00
   outer loop
     vertex  3.445961e+00  2.390807e+01  9.100000e+00
     vertex  3.470345e+00  2.389338e+01  3.100000e+00
     vertex  3.445961e+00  2.390807e+01  3.100000e+00
   endloop
 endfacet
 facet normal  5.160920e-01  8.565331e-01  0.000000e+00
   outer loop
     vertex  3.470345e+00  2.389338e+01  9.100000e+00
     vertex  3.470345e+00  2.389338e+01  3.100000e+00
     vertex  3.445961e+00  2.390807e+01  9.100000e+00
   endloop
 endfacet
 facet normal  4.926811e-01  8.702100e-01  1.158884e-19
   outer loop
     vertex  3.495119e+00  2.387935e+01  9.100000e+00
     vertex  3.470345e+00  2.389338e+01  3.100000e+00
     vertex  3.470345e+00  2.389338e+01  9.100000e+00
   endloop
 endfacet
 facet normal  4.926811e-01  8.702100e-01  0.000000e+00
   outer loop
     vertex  3.495119e+00  2.387935e+01  9.100000e+00
     vertex  3.495119e+00  2.387935e+01  3.100000e+00
     vertex  3.470345e+00  2.389338e+01  3.100000e+00
   endloop
 endfacet
 facet normal  4.689079e-01  8.832471e-01  0.000000e+00
   outer loop
     vertex  3.495119e+00  2.387935e+01  9.100000e+00
     vertex  3.520265e+00  2.386600e+01  3.100000e+00
     vertex  3.495119e+00  2.387935e+01  3.100000e+00
   endloop
 endfacet
 facet normal  4.689079e-01  8.832471e-01  0.000000e+00
   outer loop
     vertex  3.520265e+00  2.386600e+01  9.100000e+00
     vertex  3.520265e+00  2.386600e+01  3.100000e+00
     vertex  3.495119e+00  2.387935e+01  9.100000e+00
   endloop
 endfacet
 facet normal  4.447900e-01  8.956349e-01  3.244568e-20
   outer loop
     vertex  3.545762e+00  2.385334e+01  9.100000e+00
     vertex  3.520265e+00  2.386600e+01  3.100000e+00
     vertex  3.520265e+00  2.386600e+01  9.100000e+00
   endloop
 endfacet
 facet normal  4.447900e-01  8.956349e-01  0.000000e+00
   outer loop
     vertex  3.545762e+00  2.385334e+01  9.100000e+00
     vertex  3.545762e+00  2.385334e+01  3.100000e+00
     vertex  3.520265e+00  2.386600e+01  3.100000e+00
   endloop
 endfacet
 facet normal  4.203452e-01  9.073643e-01  1.560905e-19
   outer loop
     vertex  3.571594e+00  2.384137e+01  9.100000e+00
     vertex  3.545762e+00  2.385334e+01  3.100000e+00
     vertex  3.545762e+00  2.385334e+01  9.100000e+00
   endloop
 endfacet
 facet normal  4.203452e-01  9.073643e-01  0.000000e+00
   outer loop
     vertex  3.571594e+00  2.384137e+01  9.100000e+00
     vertex  3.571594e+00  2.384137e+01  3.100000e+00
     vertex  3.545762e+00  2.385334e+01  3.100000e+00
   endloop
 endfacet
 facet normal  3.955913e-01  9.184267e-01  7.430161e-20
   outer loop
     vertex  3.597741e+00  2.383011e+01  9.100000e+00
     vertex  3.571594e+00  2.384137e+01  3.100000e+00
     vertex  3.571594e+00  2.384137e+01  9.100000e+00
   endloop
 endfacet
 facet normal  3.955913e-01  9.184267e-01  0.000000e+00
   outer loop
     vertex  3.597741e+00  2.383011e+01  9.100000e+00
     vertex  3.597741e+00  2.383011e+01  3.100000e+00
     vertex  3.571594e+00  2.384137e+01  3.100000e+00
   endloop
 endfacet
 facet normal  3.705466e-01  9.288139e-01 -7.483976e-20
   outer loop
     vertex  3.624183e+00  2.381956e+01  9.100000e+00
     vertex  3.597741e+00  2.383011e+01  3.100000e+00
     vertex  3.597741e+00  2.383011e+01  9.100000e+00
   endloop
 endfacet
 facet normal  3.705466e-01  9.288139e-01  0.000000e+00
   outer loop
     vertex  3.624183e+00  2.381956e+01  9.100000e+00
     vertex  3.624183e+00  2.381956e+01  3.100000e+00
     vertex  3.597741e+00  2.383011e+01  3.100000e+00
   endloop
 endfacet
 facet normal  3.452296e-01  9.385183e-01 -1.123611e-19
   outer loop
     vertex  3.650902e+00  2.380973e+01  9.100000e+00
     vertex  3.624183e+00  2.381956e+01  3.100000e+00
     vertex  3.624183e+00  2.381956e+01  9.100000e+00
   endloop
 endfacet
 facet normal  3.452296e-01  9.385183e-01  0.000000e+00
   outer loop
     vertex  3.650902e+00  2.380973e+01  9.100000e+00
     vertex  3.650902e+00  2.380973e+01  3.100000e+00
     vertex  3.624183e+00  2.381956e+01  3.100000e+00
   endloop
 endfacet
 facet normal  3.196587e-01  9.475328e-01  3.985619e-20
   outer loop
     vertex  3.677877e+00  2.380063e+01  9.100000e+00
     vertex  3.650902e+00  2.380973e+01  3.100000e+00
     vertex  3.650902e+00  2.380973e+01  9.100000e+00
   endloop
 endfacet
 facet normal  3.196587e-01  9.475328e-01  0.000000e+00
   outer loop
     vertex  3.677877e+00  2.380063e+01  9.100000e+00
     vertex  3.677877e+00  2.380063e+01  3.100000e+00
     vertex  3.650902e+00  2.380973e+01  3.100000e+00
   endloop
 endfacet
 facet normal  2.938528e-01  9.558507e-01 -6.883129e-20
   outer loop
     vertex  3.705089e+00  2.379227e+01  9.100000e+00
     vertex  3.677877e+00  2.380063e+01  3.100000e+00
     vertex  3.677877e+00  2.380063e+01  9.100000e+00
   endloop
 endfacet
 facet normal  2.938528e-01  9.558507e-01  0.000000e+00
   outer loop
     vertex  3.705089e+00  2.379227e+01  9.100000e+00
     vertex  3.705089e+00  2.379227e+01  3.100000e+00
     vertex  3.677877e+00  2.380063e+01  3.100000e+00
   endloop
 endfacet
 facet normal  2.678310e-01  9.634659e-01 -7.530252e-20
   outer loop
     vertex  3.732518e+00  2.378464e+01  9.100000e+00
     vertex  3.705089e+00  2.379227e+01  3.100000e+00
     vertex  3.705089e+00  2.379227e+01  9.100000e+00
   endloop
 endfacet
 facet normal  2.678310e-01  9.634659e-01  0.000000e+00
   outer loop
     vertex  3.732518e+00  2.378464e+01  9.100000e+00
     vertex  3.732518e+00  2.378464e+01  3.100000e+00
     vertex  3.705089e+00  2.379227e+01  3.100000e+00
   endloop
 endfacet
 facet normal  2.416122e-01  9.703729e-01  7.589325e-20
   outer loop
     vertex  3.760143e+00  2.377776e+01  9.100000e+00
     vertex  3.732518e+00  2.378464e+01  3.100000e+00
     vertex  3.732518e+00  2.378464e+01  9.100000e+00
   endloop
 endfacet
 facet normal  2.416122e-01  9.703729e-01  0.000000e+00
   outer loop
     vertex  3.760143e+00  2.377776e+01  9.100000e+00
     vertex  3.760143e+00  2.377776e+01  3.100000e+00
     vertex  3.732518e+00  2.378464e+01  3.100000e+00
   endloop
 endfacet
 facet normal  1.886613e-01  9.820422e-01  0.000000e+00
   outer loop
     vertex  3.787945e+00  2.377164e+01  9.100000e+00
     vertex  3.815903e+00  2.376626e+01  3.100000e+00
     vertex  3.787945e+00  2.377164e+01  3.100000e+00
   endloop
 endfacet
 facet normal  2.152158e-01  9.765665e-01 -2.151183e-20
   outer loop
     vertex  3.787945e+00  2.377164e+01  9.100000e+00
     vertex  3.760143e+00  2.377776e+01  3.100000e+00
     vertex  3.760143e+00  2.377776e+01  9.100000e+00
   endloop
 endfacet
 facet normal  2.152158e-01  9.765665e-01  0.000000e+00
   outer loop
     vertex  3.787945e+00  2.377164e+01  9.100000e+00
     vertex  3.787945e+00  2.377164e+01  3.100000e+00
     vertex  3.760143e+00  2.377776e+01  3.100000e+00
   endloop
 endfacet
 facet normal  1.886613e-01  9.820422e-01  0.000000e+00
   outer loop
     vertex  3.815903e+00  2.376626e+01  9.100000e+00
     vertex  3.815903e+00  2.376626e+01  3.100000e+00
     vertex  3.787945e+00  2.377164e+01  9.100000e+00
   endloop
 endfacet
 facet normal  1.619680e-01  9.867960e-01  0.000000e+00
   outer loop
     vertex  3.843996e+00  2.376165e+01  9.100000e+00
     vertex  3.843996e+00  2.376165e+01  3.100000e+00
     vertex  3.815903e+00  2.376626e+01  3.100000e+00
   endloop
 endfacet
 facet normal  1.351556e-01  9.908244e-01  0.000000e+00
   outer loop
     vertex  3.843996e+00  2.376165e+01  9.100000e+00
     vertex  3.872203e+00  2.375781e+01  3.100000e+00
     vertex  3.843996e+00  2.376165e+01  3.100000e+00
   endloop
 endfacet
 facet normal  1.619680e-01  9.867960e-01  8.552145e-21
   outer loop
     vertex  3.843996e+00  2.376165e+01  9.100000e+00
     vertex  3.815903e+00  2.376626e+01  3.100000e+00
     vertex  3.815903e+00  2.376626e+01  9.100000e+00
   endloop
 endfacet
 facet normal  1.351556e-01  9.908244e-01  0.000000e+00
   outer loop
     vertex  3.872203e+00  2.375781e+01  9.100000e+00
     vertex  3.872203e+00  2.375781e+01  3.100000e+00
     vertex  3.843996e+00  2.376165e+01  9.100000e+00
   endloop
 endfacet
 facet normal  1.082439e-01  9.941244e-01  0.000000e+00
   outer loop
     vertex  3.900505e+00  2.375472e+01  9.100000e+00
     vertex  3.900505e+00  2.375472e+01  3.100000e+00
     vertex  3.872203e+00  2.375781e+01  3.100000e+00
   endloop
 endfacet
 facet normal  8.125265e-02  9.966935e-01  0.000000e+00
   outer loop
     vertex  3.900505e+00  2.375472e+01  9.100000e+00
     vertex  3.928880e+00  2.375241e+01  3.100000e+00
     vertex  3.900505e+00  2.375472e+01  3.100000e+00
   endloop
 endfacet
 facet normal  1.082439e-01  9.941244e-01 -2.204152e-20
   outer loop
     vertex  3.900505e+00  2.375472e+01  9.100000e+00
     vertex  3.872203e+00  2.375781e+01  3.100000e+00
     vertex  3.872203e+00  2.375781e+01  9.100000e+00
   endloop
 endfacet
 facet normal  5.420164e-02  9.985300e-01  0.000000e+00
   outer loop
     vertex  3.928880e+00  2.375241e+01  9.100000e+00
     vertex  3.957307e+00  2.375087e+01  3.100000e+00
     vertex  3.928880e+00  2.375241e+01  3.100000e+00
   endloop
 endfacet
 facet normal  8.125265e-02  9.966935e-01  0.000000e+00
   outer loop
     vertex  3.928880e+00  2.375241e+01  9.100000e+00
     vertex  3.928880e+00  2.375241e+01  3.100000e+00
     vertex  3.900505e+00  2.375472e+01  9.100000e+00
   endloop
 endfacet
 facet normal  5.420164e-02  9.985300e-01  0.000000e+00
   outer loop
     vertex  3.957307e+00  2.375087e+01  9.100000e+00
     vertex  3.957307e+00  2.375087e+01  3.100000e+00
     vertex  3.928880e+00  2.375241e+01  9.100000e+00
   endloop
 endfacet
 facet normal  2.711078e-02  9.996324e-01  0.000000e+00
   outer loop
     vertex  3.985766e+00  2.375010e+01  9.100000e+00
     vertex  3.985766e+00  2.375010e+01  3.100000e+00
     vertex  3.957307e+00  2.375087e+01  3.100000e+00
   endloop
 endfacet
 facet normal  2.711078e-02  9.996324e-01 -3.812782e-21
   outer loop
     vertex  3.985766e+00  2.375010e+01  9.100000e+00
     vertex  3.957307e+00  2.375087e+01  3.100000e+00
     vertex  3.957307e+00  2.375087e+01  9.100000e+00
   endloop
 endfacet
 facet normal  1.247926e-13  1.000000e+00  0.000000e+00
   outer loop
     vertex  4.014234e+00  2.375010e+01  9.100000e+00
     vertex  4.014234e+00  2.375010e+01  3.100000e+00
     vertex  3.985766e+00  2.375010e+01  3.100000e+00
   endloop
 endfacet
 facet normal -2.711078e-02  9.996324e-01  0.000000e+00
   outer loop
     vertex  4.014234e+00  2.375010e+01  9.100000e+00
     vertex  4.042693e+00  2.375087e+01  3.100000e+00
     vertex  4.014234e+00  2.375010e+01  3.100000e+00
   endloop
 endfacet
 facet normal  1.247926e-13  1.000000e+00  0.000000e+00
   outer loop
     vertex  4.014234e+00  2.375010e+01  9.100000e+00
     vertex  3.985766e+00  2.375010e+01  3.100000e+00
     vertex  3.985766e+00  2.375010e+01  9.100000e+00
   endloop
 endfacet
 facet normal -5.420164e-02  9.985300e-01  0.000000e+00
   outer loop
     vertex  4.042693e+00  2.375087e+01  9.100000e+00
     vertex  4.071120e+00  2.375241e+01  3.100000e+00
     vertex  4.042693e+00  2.375087e+01  3.100000e+00
   endloop
 endfacet
 facet normal -2.711078e-02  9.996324e-01  0.000000e+00
   outer loop
     vertex  4.042693e+00  2.375087e+01  9.100000e+00
     vertex  4.042693e+00  2.375087e+01  3.100000e+00
     vertex  4.014234e+00  2.375010e+01  9.100000e+00
   endloop
 endfacet
 facet normal -5.420164e-02  9.985300e-01  0.000000e+00
   outer loop
     vertex  4.071120e+00  2.375241e+01  9.100000e+00
     vertex  4.071120e+00  2.375241e+01  3.100000e+00
     vertex  4.042693e+00  2.375087e+01  9.100000e+00
   endloop
 endfacet
 facet normal -8.125265e-02  9.966935e-01 -3.163368e-20
   outer loop
     vertex  4.099495e+00  2.375472e+01  9.100000e+00
     vertex  4.071120e+00  2.375241e+01  3.100000e+00
     vertex  4.071120e+00  2.375241e+01  9.100000e+00
   endloop
 endfacet
 facet normal -8.125265e-02  9.966935e-01  0.000000e+00
   outer loop
     vertex  4.099495e+00  2.375472e+01  9.100000e+00
     vertex  4.099495e+00  2.375472e+01  3.100000e+00
     vertex  4.071120e+00  2.375241e+01  3.100000e+00
   endloop
 endfacet
 facet normal -1.082439e-01  9.941244e-01  2.204152e-20
   outer loop
     vertex  4.127797e+00  2.375781e+01  9.100000e+00
     vertex  4.099495e+00  2.375472e+01  3.100000e+00
     vertex  4.099495e+00  2.375472e+01  9.100000e+00
   endloop
 endfacet
 facet normal -1.082439e-01  9.941244e-01  0.000000e+00
   outer loop
     vertex  4.127797e+00  2.375781e+01  9.100000e+00
     vertex  4.127797e+00  2.375781e+01  3.100000e+00
     vertex  4.099495e+00  2.375472e+01  3.100000e+00
   endloop
 endfacet
 facet normal -1.351556e-01  9.908244e-01  0.000000e+00
   outer loop
     vertex  4.127797e+00  2.375781e+01  9.100000e+00
     vertex  4.156004e+00  2.376165e+01  3.100000e+00
     vertex  4.127797e+00  2.375781e+01  3.100000e+00
   endloop
 endfacet
 facet normal -1.619680e-01  9.867960e-01  0.000000e+00
   outer loop
     vertex  4.156004e+00  2.376165e+01  9.100000e+00
     vertex  4.184097e+00  2.376626e+01  3.100000e+00
     vertex  4.156004e+00  2.376165e+01  3.100000e+00
   endloop
 endfacet
 facet normal -1.351556e-01  9.908244e-01  0.000000e+00
   outer loop
     vertex  4.156004e+00  2.376165e+01  9.100000e+00
     vertex  4.156004e+00  2.376165e+01  3.100000e+00
     vertex  4.127797e+00  2.375781e+01  9.100000e+00
   endloop
 endfacet
 facet normal -1.619680e-01  9.867960e-01  0.000000e+00
   outer loop
     vertex  4.184097e+00  2.376626e+01  9.100000e+00
     vertex  4.184097e+00  2.376626e+01  3.100000e+00
     vertex  4.156004e+00  2.376165e+01  9.100000e+00
   endloop
 endfacet
 facet normal -1.886613e-01  9.820422e-01 -6.648490e-20
   outer loop
     vertex  4.212055e+00  2.377164e+01  9.100000e+00
     vertex  4.184097e+00  2.376626e+01  3.100000e+00
     vertex  4.184097e+00  2.376626e+01  9.100000e+00
   endloop
 endfacet
 facet normal -1.886613e-01  9.820422e-01  0.000000e+00
   outer loop
     vertex  4.212055e+00  2.377164e+01  9.100000e+00
     vertex  4.212055e+00  2.377164e+01  3.100000e+00
     vertex  4.184097e+00  2.376626e+01  3.100000e+00
   endloop
 endfacet
 facet normal -2.152158e-01  9.765665e-01  0.000000e+00
   outer loop
     vertex  4.212055e+00  2.377164e+01  9.100000e+00
     vertex  4.239857e+00  2.377776e+01  3.100000e+00
     vertex  4.212055e+00  2.377164e+01  3.100000e+00
   endloop
 endfacet
 facet normal -2.152158e-01  9.765665e-01  0.000000e+00
   outer loop
     vertex  4.239857e+00  2.377776e+01  9.100000e+00
     vertex  4.239857e+00  2.377776e+01  3.100000e+00
     vertex  4.212055e+00  2.377164e+01  9.100000e+00
   endloop
 endfacet
 facet normal -2.416122e-01  9.703729e-01  0.000000e+00
   outer loop
     vertex  4.267482e+00  2.378464e+01  9.100000e+00
     vertex  4.267482e+00  2.378464e+01  3.100000e+00
     vertex  4.239857e+00  2.377776e+01  3.100000e+00
   endloop
 endfacet
 facet normal -2.416122e-01  9.703729e-01 -7.589325e-20
   outer loop
     vertex  4.267482e+00  2.378464e+01  9.100000e+00
     vertex  4.239857e+00  2.377776e+01  3.100000e+00
     vertex  4.239857e+00  2.377776e+01  9.100000e+00
   endloop
 endfacet
 facet normal -2.678310e-01  9.634659e-01  0.000000e+00
   outer loop
     vertex  4.294911e+00  2.379227e+01  9.100000e+00
     vertex  4.294911e+00  2.379227e+01  3.100000e+00
     vertex  4.267482e+00  2.378464e+01  3.100000e+00
   endloop
 endfacet
 facet normal -2.938528e-01  9.558507e-01  0.000000e+00
   outer loop
     vertex  4.294911e+00  2.379227e+01  9.100000e+00
     vertex  4.322123e+00  2.380063e+01  3.100000e+00
     vertex  4.294911e+00  2.379227e+01  3.100000e+00
   endloop
 endfacet
 facet normal -2.678310e-01  9.634659e-01  3.900648e-20
   outer loop
     vertex  4.294911e+00  2.379227e+01  9.100000e+00
     vertex  4.267482e+00  2.378464e+01  3.100000e+00
     vertex  4.267482e+00  2.378464e+01  9.100000e+00
   endloop
 endfacet
 facet normal -2.938528e-01  9.558507e-01  0.000000e+00
   outer loop
     vertex  4.322123e+00  2.380063e+01  9.100000e+00
     vertex  4.322123e+00  2.380063e+01  3.100000e+00
     vertex  4.294911e+00  2.379227e+01  9.100000e+00
   endloop
 endfacet
 facet normal -3.196587e-01  9.475328e-01  0.000000e+00
   outer loop
     vertex  4.349098e+00  2.380973e+01  9.100000e+00
     vertex  4.349098e+00  2.380973e+01  3.100000e+00
     vertex  4.322123e+00  2.380063e+01  3.100000e+00
   endloop
 endfacet
 facet normal -3.196587e-01  9.475328e-01  5.538154e-20
   outer loop
     vertex  4.349098e+00  2.380973e+01  9.100000e+00
     vertex  4.322123e+00  2.380063e+01  3.100000e+00
     vertex  4.322123e+00  2.380063e+01  9.100000e+00
   endloop
 endfacet
 facet normal -3.452296e-01  9.385183e-01  0.000000e+00
   outer loop
     vertex  4.375817e+00  2.381956e+01  9.100000e+00
     vertex  4.375817e+00  2.381956e+01  3.100000e+00
     vertex  4.349098e+00  2.380973e+01  3.100000e+00
   endloop
 endfacet
 facet normal -3.452296e-01  9.385183e-01  1.110120e-19
   outer loop
     vertex  4.375817e+00  2.381956e+01  9.100000e+00
     vertex  4.349098e+00  2.380973e+01  3.100000e+00
     vertex  4.349098e+00  2.380973e+01  9.100000e+00
   endloop
 endfacet
 facet normal -3.705466e-01  9.288139e-01  0.000000e+00
   outer loop
     vertex  4.402259e+00  2.383011e+01  9.100000e+00
     vertex  4.402259e+00  2.383011e+01  3.100000e+00
     vertex  4.375817e+00  2.381956e+01  3.100000e+00
   endloop
 endfacet
 facet normal -3.705466e-01  9.288139e-01 -5.781087e-20
   outer loop
     vertex  4.402259e+00  2.383011e+01  9.100000e+00
     vertex  4.375817e+00  2.381956e+01  3.100000e+00
     vertex  4.375817e+00  2.381956e+01  9.100000e+00
   endloop
 endfacet
 facet normal -3.955913e-01  9.184267e-01  0.000000e+00
   outer loop
     vertex  4.428406e+00  2.384137e+01  9.100000e+00
     vertex  4.428406e+00  2.384137e+01  3.100000e+00
     vertex  4.402259e+00  2.383011e+01  3.100000e+00
   endloop
 endfacet
 facet normal -3.955913e-01  9.184267e-01  8.998702e-20
   outer loop
     vertex  4.428406e+00  2.384137e+01  9.100000e+00
     vertex  4.402259e+00  2.383011e+01  3.100000e+00
     vertex  4.402259e+00  2.383011e+01  9.100000e+00
   endloop
 endfacet
 facet normal -4.203452e-01  9.073643e-01  0.000000e+00
   outer loop
     vertex  4.454238e+00  2.385334e+01  9.100000e+00
     vertex  4.454238e+00  2.385334e+01  3.100000e+00
     vertex  4.428406e+00  2.384137e+01  3.100000e+00
   endloop
 endfacet
 facet normal -4.447900e-01  8.956349e-01  0.000000e+00
   outer loop
     vertex  4.454238e+00  2.385334e+01  9.100000e+00
     vertex  4.479735e+00  2.386600e+01  3.100000e+00
     vertex  4.454238e+00  2.385334e+01  3.100000e+00
   endloop
 endfacet
 facet normal -4.203452e-01  9.073643e-01 -1.560905e-19
   outer loop
     vertex  4.454238e+00  2.385334e+01  9.100000e+00
     vertex  4.428406e+00  2.384137e+01  3.100000e+00
     vertex  4.428406e+00  2.384137e+01  9.100000e+00
   endloop
 endfacet
 facet normal -4.447900e-01  8.956349e-01  0.000000e+00
   outer loop
     vertex  4.479735e+00  2.386600e+01  9.100000e+00
     vertex  4.479735e+00  2.386600e+01  3.100000e+00
     vertex  4.454238e+00  2.385334e+01  9.100000e+00
   endloop
 endfacet
 facet normal -4.689079e-01  8.832471e-01  0.000000e+00
   outer loop
     vertex  4.504881e+00  2.387935e+01  9.100000e+00
     vertex  4.504881e+00  2.387935e+01  3.100000e+00
     vertex  4.479735e+00  2.386600e+01  3.100000e+00
   endloop
 endfacet
 facet normal -4.689079e-01  8.832471e-01  1.533113e-20
   outer loop
     vertex  4.504881e+00  2.387935e+01  9.100000e+00
     vertex  4.479735e+00  2.386600e+01  3.100000e+00
     vertex  4.479735e+00  2.386600e+01  9.100000e+00
   endloop
 endfacet
 facet normal -4.926811e-01  8.702100e-01  0.000000e+00
   outer loop
     vertex  4.529655e+00  2.389338e+01  9.100000e+00
     vertex  4.529655e+00  2.389338e+01  3.100000e+00
     vertex  4.504881e+00  2.387935e+01  3.100000e+00
   endloop
 endfacet
 facet normal -4.926811e-01  8.702100e-01  1.554601e-20
   outer loop
     vertex  4.529655e+00  2.389338e+01  9.100000e+00
     vertex  4.504881e+00  2.387935e+01  3.100000e+00
     vertex  4.504881e+00  2.387935e+01  9.100000e+00
   endloop
 endfacet
 facet normal -5.160920e-01  8.565331e-01  0.000000e+00
   outer loop
     vertex  4.554039e+00  2.390807e+01  9.100000e+00
     vertex  4.554039e+00  2.390807e+01  3.100000e+00
     vertex  4.529655e+00  2.389338e+01  3.100000e+00
   endloop
 endfacet
 facet normal -5.160920e-01  8.565331e-01 -1.585859e-19
   outer loop
     vertex  4.554039e+00  2.390807e+01  9.100000e+00
     vertex  4.529655e+00  2.389338e+01  3.100000e+00
     vertex  4.529655e+00  2.389338e+01  9.100000e+00
   endloop
 endfacet
 facet normal -5.391236e-01  8.422266e-01  0.000000e+00
   outer loop
     vertex  4.578016e+00  2.392342e+01  9.100000e+00
     vertex  4.578016e+00  2.392342e+01  3.100000e+00
     vertex  4.554039e+00  2.390807e+01  3.100000e+00
   endloop
 endfacet
 facet normal -5.391236e-01  8.422266e-01 -1.485734e-19
   outer loop
     vertex  4.578016e+00  2.392342e+01  9.100000e+00
     vertex  4.554039e+00  2.390807e+01  3.100000e+00
     vertex  4.554039e+00  2.390807e+01  9.100000e+00
   endloop
 endfacet
 facet normal -5.617589e-01  8.273010e-01  0.000000e+00
   outer loop
     vertex  4.601569e+00  2.393941e+01  9.100000e+00
     vertex  4.601569e+00  2.393941e+01  3.100000e+00
     vertex  4.578016e+00  2.392342e+01  3.100000e+00
   endloop
 endfacet
 facet normal -5.617589e-01  8.273010e-01 -1.181205e-19
   outer loop
     vertex  4.601569e+00  2.393941e+01  9.100000e+00
     vertex  4.578016e+00  2.392342e+01  3.100000e+00
     vertex  4.578016e+00  2.392342e+01  9.100000e+00
   endloop
 endfacet
 facet normal -5.839812e-01  8.117672e-01  0.000000e+00
   outer loop
     vertex  4.624679e+00  2.395604e+01  9.100000e+00
     vertex  4.624679e+00  2.395604e+01  3.100000e+00
     vertex  4.601569e+00  2.393941e+01  3.100000e+00
   endloop
 endfacet
 facet normal -5.839812e-01  8.117672e-01  1.094827e-19
   outer loop
     vertex  4.624679e+00  2.395604e+01  9.100000e+00
     vertex  4.601569e+00  2.393941e+01  3.100000e+00
     vertex  4.601569e+00  2.393941e+01  9.100000e+00
   endloop
 endfacet
 facet normal -6.057742e-01  7.956366e-01  0.000000e+00
   outer loop
     vertex  4.647330e+00  2.397328e+01  9.100000e+00
     vertex  4.647330e+00  2.397328e+01  3.100000e+00
     vertex  4.624679e+00  2.395604e+01  3.100000e+00
   endloop
 endfacet
 facet normal -6.057742e-01  7.956366e-01 -5.991958e-20
   outer loop
     vertex  4.647330e+00  2.397328e+01  9.100000e+00
     vertex  4.624679e+00  2.395604e+01  3.100000e+00
     vertex  4.624679e+00  2.395604e+01  9.100000e+00
   endloop
 endfacet
 facet normal -6.271218e-01  7.789212e-01  0.000000e+00
   outer loop
     vertex  4.669505e+00  2.399113e+01  9.100000e+00
     vertex  4.669505e+00  2.399113e+01  3.100000e+00
     vertex  4.647330e+00  2.397328e+01  3.100000e+00
   endloop
 endfacet
 facet normal -6.271218e-01  7.789212e-01  2.547669e-20
   outer loop
     vertex  4.669505e+00  2.399113e+01  9.100000e+00
     vertex  4.647330e+00  2.397328e+01  3.100000e+00
     vertex  4.647330e+00  2.397328e+01  9.100000e+00
   endloop
 endfacet
 facet normal -6.480085e-01  7.616331e-01  0.000000e+00
   outer loop
     vertex  4.691188e+00  2.400958e+01  9.100000e+00
     vertex  4.691188e+00  2.400958e+01  3.100000e+00
     vertex  4.669505e+00  2.399113e+01  3.100000e+00
   endloop
 endfacet
 facet normal -6.684188e-01  7.437851e-01  0.000000e+00
   outer loop
     vertex  4.691188e+00  2.400958e+01  9.100000e+00
     vertex  4.712363e+00  2.402861e+01  3.100000e+00
     vertex  4.691188e+00  2.400958e+01  3.100000e+00
   endloop
 endfacet
 facet normal -6.480085e-01  7.616331e-01 -1.329094e-19
   outer loop
     vertex  4.691188e+00  2.400958e+01  9.100000e+00
     vertex  4.669505e+00  2.399113e+01  3.100000e+00
     vertex  4.669505e+00  2.399113e+01  9.100000e+00
   endloop
 endfacet
 facet normal -6.883377e-01  7.253904e-01  0.000000e+00
   outer loop
     vertex  4.712363e+00  2.402861e+01  9.100000e+00
     vertex  4.733014e+00  2.404821e+01  3.100000e+00
     vertex  4.712363e+00  2.402861e+01  3.100000e+00
   endloop
 endfacet
 facet normal -6.684188e-01  7.437851e-01  0.000000e+00
   outer loop
     vertex  4.712363e+00  2.402861e+01  9.100000e+00
     vertex  4.712363e+00  2.402861e+01  3.100000e+00
     vertex  4.691188e+00  2.400958e+01  9.100000e+00
   endloop
 endfacet
 facet normal -6.883377e-01  7.253904e-01  0.000000e+00
   outer loop
     vertex  4.733014e+00  2.404821e+01  9.100000e+00
     vertex  4.733014e+00  2.404821e+01  3.100000e+00
     vertex  4.712363e+00  2.402861e+01  9.100000e+00
   endloop
 endfacet
 facet normal -7.077506e-01  7.064624e-01  0.000000e+00
   outer loop
     vertex  4.753126e+00  2.406836e+01  9.100000e+00
     vertex  4.753126e+00  2.406836e+01  3.100000e+00
     vertex  4.733014e+00  2.404821e+01  3.100000e+00
   endloop
 endfacet
 facet normal -7.266432e-01  6.870150e-01  0.000000e+00
   outer loop
     vertex  4.753126e+00  2.406836e+01  9.100000e+00
     vertex  4.772685e+00  2.408904e+01  3.100000e+00
     vertex  4.753126e+00  2.406836e+01  3.100000e+00
   endloop
 endfacet
 facet normal -7.077506e-01  7.064624e-01 -4.542112e-20
   outer loop
     vertex  4.753126e+00  2.406836e+01  9.100000e+00
     vertex  4.733014e+00  2.404821e+01  3.100000e+00
     vertex  4.733014e+00  2.404821e+01  9.100000e+00
   endloop
 endfacet
 facet normal -7.266432e-01  6.870150e-01  0.000000e+00
   outer loop
     vertex  4.772685e+00  2.408904e+01  9.100000e+00
     vertex  4.772685e+00  2.408904e+01  3.100000e+00
     vertex  4.753126e+00  2.406836e+01  9.100000e+00
   endloop
 endfacet
 facet normal -7.450016e-01  6.670627e-01  0.000000e+00
   outer loop
     vertex  4.791675e+00  2.411025e+01  9.100000e+00
     vertex  4.791675e+00  2.411025e+01  3.100000e+00
     vertex  4.772685e+00  2.408904e+01  3.100000e+00
   endloop
 endfacet
 facet normal -7.450016e-01  6.670627e-01 -8.615879e-21
   outer loop
     vertex  4.791675e+00  2.411025e+01  9.100000e+00
     vertex  4.772685e+00  2.408904e+01  3.100000e+00
     vertex  4.772685e+00  2.408904e+01  9.100000e+00
   endloop
 endfacet
 facet normal -7.628124e-01  6.466199e-01 -4.098971e-20
   outer loop
     vertex  4.810084e+00  2.413197e+01  9.100000e+00
     vertex  4.791675e+00  2.411025e+01  3.100000e+00
     vertex  4.791675e+00  2.411025e+01  9.100000e+00
   endloop
 endfacet
 facet normal -7.628124e-01  6.466199e-01  0.000000e+00
   outer loop
     vertex  4.810084e+00  2.413197e+01  9.100000e+00
     vertex  4.810084e+00  2.413197e+01  3.100000e+00
     vertex  4.791675e+00  2.411025e+01  3.100000e+00
   endloop
 endfacet
 facet normal -7.800624e-01  6.257018e-01  1.198557e-19
   outer loop
     vertex  4.827897e+00  2.415418e+01  9.100000e+00
     vertex  4.810084e+00  2.413197e+01  3.100000e+00
     vertex  4.810084e+00  2.413197e+01  9.100000e+00
   endloop
 endfacet
 facet normal -7.800624e-01  6.257018e-01  0.000000e+00
   outer loop
     vertex  4.827897e+00  2.415418e+01  9.100000e+00
     vertex  4.827897e+00  2.415418e+01  3.100000e+00
     vertex  4.810084e+00  2.413197e+01  3.100000e+00
   endloop
 endfacet
 facet normal -7.967389e-01  6.043237e-01 -6.280606e-20
   outer loop
     vertex  4.845101e+00  2.417686e+01  9.100000e+00
     vertex  4.827897e+00  2.415418e+01  3.100000e+00
     vertex  4.827897e+00  2.415418e+01  9.100000e+00
   endloop
 endfacet
 facet normal -7.967389e-01  6.043237e-01  0.000000e+00
   outer loop
     vertex  4.845101e+00  2.417686e+01  9.100000e+00
     vertex  4.845101e+00  2.417686e+01  3.100000e+00
     vertex  4.827897e+00  2.415418e+01  3.100000e+00
   endloop
 endfacet
 facet normal -8.128297e-01  5.825013e-01  0.000000e+00
   outer loop
     vertex  4.845101e+00  2.417686e+01  9.100000e+00
     vertex  4.861684e+00  2.420000e+01  3.100000e+00
     vertex  4.845101e+00  2.417686e+01  3.100000e+00
   endloop
 endfacet
 facet normal -8.128297e-01  5.825013e-01  0.000000e+00
   outer loop
     vertex  4.861684e+00  2.420000e+01  9.100000e+00
     vertex  4.861684e+00  2.420000e+01  3.100000e+00
     vertex  4.845101e+00  2.417686e+01  9.100000e+00
   endloop
 endfacet
 facet normal  0.000000e+00  0.000000e+00 -1.000000e+00
   outer loop
     vertex  3.138316e+00  2.420000e+01  9.100000e+00
     vertex  3.172103e+00  2.415418e+01  9.100000e+00
     vertex  3.154899e+00  2.417686e+01  9.100000e+00
   endloop
 endfacet
 facet normal  0.000000e+00  0.000000e+00 -1.000000e+00
   outer loop
     vertex  3.138316e+00  2.420000e+01  9.100000e+00
     vertex  3.189916e+00  2.413197e+01  9.100000e+00
     vertex  3.172103e+00  2.415418e+01  9.100000e+00
   endloop
 endfacet
 facet normal  0.000000e+00  0.000000e+00 -1.000000e+00
   outer loop
     vertex  3.138316e+00  2.420000e+01  9.100000e+00
     vertex  3.208325e+00  2.411025e+01  9.100000e+00
     vertex  3.189916e+00  2.413197e+01  9.100000e+00
   endloop
 endfacet
 facet normal  0.000000e+00  0.000000e+00 -1.000000e+00
   outer loop
     vertex  3.138316e+00  2.420000e+01  9.100000e+00
     vertex  3.227315e+00  2.408904e+01  9.100000e+00
     vertex  3.208325e+00  2.411025e+01  9.100000e+00
   endloop
 endfacet
 facet normal  0.000000e+00  0.000000e+00 -1.000000e+00
   outer loop
     vertex  3.138316e+00  2.420000e+01  9.100000e+00
     vertex  3.246874e+00  2.406836e+01  9.100000e+00
     vertex  3.227315e+00  2.408904e+01  9.100000e+00
   endloop
 endfacet
 facet normal  0.000000e+00  0.000000e+00 -1.000000e+00
   outer loop
     vertex  3.138316e+00  2.420000e+01  9.100000e+00
     vertex  3.266986e+00  2.404821e+01  9.100000e+00
     vertex  3.246874e+00  2.406836e+01  9.100000e+00
   endloop
 endfacet
 facet normal  0.000000e+00  0.000000e+00 -1.000000e+00
   outer loop
     vertex  3.138316e+00  2.420000e+01  9.100000e+00
     vertex  3.287637e+00  2.402861e+01  9.100000e+00
     vertex  3.266986e+00  2.404821e+01  9.100000e+00
   endloop
 endfacet
 facet normal  0.000000e+00  0.000000e+00 -1.000000e+00
   outer loop
     vertex  3.732518e+00  2.378464e+01  9.100000e+00
     vertex  3.470345e+00  2.389338e+01  9.100000e+00
     vertex  3.445961e+00  2.390807e+01  9.100000e+00
   endloop
 endfacet
 facet normal  0.000000e+00  0.000000e+00 -1.000000e+00
   outer loop
     vertex  3.732518e+00  2.378464e+01  9.100000e+00
     vertex  3.495119e+00  2.387935e+01  9.100000e+00
     vertex  3.470345e+00  2.389338e+01  9.100000e+00
   endloop
 endfacet
 facet normal  0.000000e+00  0.000000e+00 -1.000000e+00
   outer loop
     vertex  3.732518e+00  2.378464e+01  9.100000e+00
     vertex  3.520265e+00  2.386600e+01  9.100000e+00
     vertex  3.495119e+00  2.387935e+01  9.100000e+00
   endloop
 endfacet
 facet normal  0.000000e+00  0.000000e+00 -1.000000e+00
   outer loop
     vertex  3.732518e+00  2.378464e+01  9.100000e+00
     vertex  3.545762e+00  2.385334e+01  9.100000e+00
     vertex  3.520265e+00  2.386600e+01  9.100000e+00
   endloop
 endfacet
 facet normal  0.000000e+00  0.000000e+00 -1.000000e+00
   outer loop
     vertex  3.732518e+00  2.378464e+01  9.100000e+00
     vertex  3.571594e+00  2.384137e+01  9.100000e+00
     vertex  3.545762e+00  2.385334e+01  9.100000e+00
   endloop
 endfacet
 facet normal  0.000000e+00  0.000000e+00 -1.000000e+00
   outer loop
     vertex  3.732518e+00  2.378464e+01  9.100000e+00
     vertex  3.597741e+00  2.383011e+01  9.100000e+00
     vertex  3.571594e+00  2.384137e+01  9.100000e+00
   endloop
 endfacet
 facet normal  0.000000e+00  0.000000e+00 -1.000000e+00
   outer loop
     vertex  3.732518e+00  2.378464e+01  9.100000e+00
     vertex  3.624183e+00  2.381956e+01  9.100000e+00
     vertex  3.597741e+00  2.383011e+01  9.100000e+00
   endloop
 endfacet
 facet normal  0.000000e+00  0.000000e+00 -1.000000e+00
   outer loop
     vertex  3.732518e+00  2.378464e+01  9.100000e+00
     vertex  3.650902e+00  2.380973e+01  9.100000e+00
     vertex  3.624183e+00  2.381956e+01  9.100000e+00
   endloop
 endfacet
 facet normal  0.000000e+00  0.000000e+00 -1.000000e+00
   outer loop
     vertex  3.732518e+00  2.378464e+01  9.100000e+00
     vertex  3.677877e+00  2.380063e+01  9.100000e+00
     vertex  3.650902e+00  2.380973e+01  9.100000e+00
   endloop
 endfacet
 facet normal  0.000000e+00  0.000000e+00 -1.000000e+00
   outer loop
     vertex  3.732518e+00  2.378464e+01  9.100000e+00
     vertex  3.705089e+00  2.379227e+01  9.100000e+00
     vertex  3.677877e+00  2.380063e+01  9.100000e+00
   endloop
 endfacet
 facet normal  0.000000e+00  0.000000e+00 -1.000000e+00
   outer loop
     vertex  3.815903e+00  2.376626e+01  9.100000e+00
     vertex  3.787945e+00  2.377164e+01  9.100000e+00
     vertex  3.760143e+00  2.377776e+01  9.100000e+00
   endloop
 endfacet
 facet normal  0.000000e+00  0.000000e+00 -1.000000e+00
   outer loop
     vertex  3.843996e+00  2.376165e+01  9.100000e+00
     vertex  3.815903e+00  2.376626e+01  9.100000e+00
     vertex  3.760143e+00  2.377776e+01  9.100000e+00
   endloop
 endfacet
 facet normal  0.000000e+00  0.000000e+00 -1.000000e+00
   outer loop
     vertex  3.843996e+00  2.376165e+01  9.100000e+00
     vertex  3.760143e+00  2.377776e+01  9.100000e+00
     vertex  3.732518e+00  2.378464e+01  9.100000e+00
   endloop
 endfacet
 facet normal  0.000000e+00  0.000000e+00 -1.000000e+00
   outer loop
     vertex  3.900505e+00  2.375472e+01  9.100000e+00
     vertex  3.872203e+00  2.375781e+01  9.100000e+00
     vertex  3.843996e+00  2.376165e+01  9.100000e+00
   endloop
 endfacet
 facet normal  0.000000e+00  0.000000e+00 -1.000000e+00
   outer loop
     vertex  4.184097e+00  2.376626e+01  9.100000e+00
     vertex  4.127797e+00  2.375781e+01  9.100000e+00
     vertex  4.099495e+00  2.375472e+01  9.100000e+00
   endloop
 endfacet
 facet normal  0.000000e+00  0.000000e+00 -1.000000e+00
   outer loop
     vertex  4.184097e+00  2.376626e+01  9.100000e+00
     vertex  4.156004e+00  2.376165e+01  9.100000e+00
     vertex  4.127797e+00  2.375781e+01  9.100000e+00
   endloop
 endfacet
 facet normal  0.000000e+00  0.000000e+00 -1.000000e+00
   outer loop
     vertex  4.349098e+00  2.380973e+01  9.100000e+00
     vertex  4.294911e+00  2.379227e+01  9.100000e+00
     vertex  4.267482e+00  2.378464e+01  9.100000e+00
   endloop
 endfacet
 facet normal  0.000000e+00  0.000000e+00 -1.000000e+00
   outer loop
     vertex  4.349098e+00  2.380973e+01  9.100000e+00
     vertex  4.322123e+00  2.380063e+01  9.100000e+00
     vertex  4.294911e+00  2.379227e+01  9.100000e+00
   endloop
 endfacet
 facet normal  0.000000e+00  0.000000e+00 -1.000000e+00
   outer loop
     vertex  4.375817e+00  2.381956e+01  9.100000e+00
     vertex  4.239857e+00  2.377776e+01  9.100000e+00
     vertex  4.212055e+00  2.377164e+01  9.100000e+00
   endloop
 endfacet
 facet normal  0.000000e+00  0.000000e+00 -1.000000e+00
   outer loop
     vertex  4.375817e+00  2.381956e+01  9.100000e+00
     vertex  4.267482e+00  2.378464e+01  9.100000e+00
     vertex  4.239857e+00  2.377776e+01  9.100000e+00
   endloop
 endfacet
 facet normal  0.000000e+00  0.000000e+00 -1.000000e+00
   outer loop
     vertex  4.375817e+00  2.381956e+01  9.100000e+00
     vertex  4.349098e+00  2.380973e+01  9.100000e+00
     vertex  4.267482e+00  2.378464e+01  9.100000e+00
   endloop
 endfacet
 facet normal  0.000000e+00  0.000000e+00 -1.000000e+00
   outer loop
     vertex  4.479735e+00  2.386600e+01  9.100000e+00
     vertex  4.428406e+00  2.384137e+01  9.100000e+00
     vertex  4.402259e+00  2.383011e+01  9.100000e+00
   endloop
 endfacet
 facet normal  0.000000e+00  0.000000e+00 -1.000000e+00
   outer loop
     vertex  4.479735e+00  2.386600e+01  9.100000e+00
     vertex  4.454238e+00  2.385334e+01  9.100000e+00
     vertex  4.428406e+00  2.384137e+01  9.100000e+00
   endloop
 endfacet
 facet normal  0.000000e+00  0.000000e+00 -1.000000e+00
   outer loop
     vertex  4.529655e+00  2.389338e+01  9.100000e+00
     vertex  4.402259e+00  2.383011e+01  9.100000e+00
     vertex  4.375817e+00  2.381956e+01  9.100000e+00
   endloop
 endfacet
 facet normal  0.000000e+00  0.000000e+00 -1.000000e+00
   outer loop
     vertex  4.529655e+00  2.389338e+01  9.100000e+00
     vertex  4.504881e+00  2.387935e+01  9.100000e+00
     vertex  4.479735e+00  2.386600e+01  9.100000e+00
   endloop
 endfacet
 facet normal  0.000000e+00  0.000000e+00 -1.000000e+00
   outer loop
     vertex  4.529655e+00  2.389338e+01  9.100000e+00
     vertex  4.479735e+00  2.386600e+01  9.100000e+00
     vertex  4.402259e+00  2.383011e+01  9.100000e+00
   endloop
 endfacet
 facet normal  0.000000e+00  0.000000e+00 -1.000000e+00
   outer loop
     vertex  4.624679e+00  2.395604e+01  9.100000e+00
     vertex  4.554039e+00  2.390807e+01  9.100000e+00
     vertex  4.529655e+00  2.389338e+01  9.100000e+00
   endloop
 endfacet
 facet normal  0.000000e+00  0.000000e+00 -1.000000e+00
   outer loop
     vertex  4.624679e+00  2.395604e+01  9.100000e+00
     vertex  4.578016e+00  2.392342e+01  9.100000e+00
     vertex  4.554039e+00  2.390807e+01  9.100000e+00
   endloop
 endfacet
 facet normal  0.000000e+00  0.000000e+00 -1.000000e+00
   outer loop
     vertex  4.624679e+00  2.395604e+01  9.100000e+00
     vertex  4.601569e+00  2.393941e+01  9.100000e+00
     vertex  4.578016e+00  2.392342e+01  9.100000e+00
   endloop
 endfacet
 facet normal  0.000000e+00  0.000000e+00 -1.000000e+00
   outer loop
     vertex  4.669505e+00  2.399113e+01  9.100000e+00
     vertex  4.647330e+00  2.397328e+01  9.100000e+00
     vertex  4.624679e+00  2.395604e+01  9.100000e+00
   endloop
 endfacet
 facet normal  0.000000e+00  0.000000e+00 -1.000000e+00
   outer loop
     vertex  4.691188e+00  2.400958e+01  9.100000e+00
     vertex  4.624679e+00  2.395604e+01  9.100000e+00
     vertex  4.529655e+00  2.389338e+01  9.100000e+00
   endloop
 endfacet
 facet normal  0.000000e+00  0.000000e+00 -1.000000e+00
   outer loop
     vertex  4.691188e+00  2.400958e+01  9.100000e+00
     vertex  4.669505e+00  2.399113e+01  9.100000e+00
     vertex  4.624679e+00  2.395604e+01  9.100000e+00
   endloop
 endfacet
 facet normal  0.000000e+00  0.000000e+00 -1.000000e+00
   outer loop
     vertex  4.733014e+00  2.404821e+01  9.100000e+00
     vertex  4.712363e+00  2.402861e+01  9.100000e+00
     vertex  4.691188e+00  2.400958e+01  9.100000e+00
   endloop
 endfacet
 facet normal  0.000000e+00  0.000000e+00 -1.000000e+00
   outer loop
     vertex  4.791675e+00  2.411025e+01  9.100000e+00
     vertex  4.772685e+00  2.408904e+01  9.100000e+00
     vertex  4.753126e+00  2.406836e+01  9.100000e+00
   endloop
 endfacet
 facet normal  0.000000e+00  0.000000e+00 -1.000000e+00
   outer loop
     vertex  4.810084e+00  2.413197e+01  9.100000e+00
     vertex  4.791675e+00  2.411025e+01  9.100000e+00
     vertex  4.753126e+00  2.406836e+01  9.100000e+00
   endloop
 endfacet
 facet normal  0.000000e+00  0.000000e+00 -1.000000e+00
   outer loop
     vertex  4.810084e+00  2.413197e+01  9.100000e+00
     vertex  4.753126e+00  2.406836e+01  9.100000e+00
     vertex  4.733014e+00  2.404821e+01  9.100000e+00
   endloop
 endfacet
 facet normal  0.000000e+00  0.000000e+00 -1.000000e+00
   outer loop
     vertex  4.827897e+00  2.415418e+01  9.100000e+00
     vertex  4.810084e+00  2.413197e+01  9.100000e+00
     vertex  4.733014e+00  2.404821e+01  9.100000e+00
   endloop
 endfacet
 facet normal  0.000000e+00  0.000000e+00 -1.000000e+00
   outer loop
     vertex  4.845101e+00  2.417686e+01  9.100000e+00
     vertex  4.827897e+00  2.415418e+01  9.100000e+00
     vertex  4.733014e+00  2.404821e+01  9.100000e+00
   endloop
 endfacet
 facet normal  0.000000e+00  0.000000e+00 -1.000000e+00
   outer loop
     vertex  4.861684e+00  2.420000e+01  9.100000e+00
     vertex  4.733014e+00  2.404821e+01  9.100000e+00
     vertex  4.691188e+00  2.400958e+01  9.100000e+00
   endloop
 endfacet
 facet normal -0.000000e+00  0.000000e+00 -1.000000e+00
   outer loop
     vertex  4.861684e+00  2.420000e+01  9.100000e+00
     vertex  3.287637e+00  2.402861e+01  9.100000e+00
     vertex  3.138316e+00  2.420000e+01  9.100000e+00
   endloop
 endfacet
 facet normal  0.000000e+00  0.000000e+00 -1.000000e+00
   outer loop
     vertex  4.861684e+00  2.420000e+01  9.100000e+00
     vertex  3.732518e+00  2.378464e+01  9.100000e+00
     vertex  3.445961e+00  2.390807e+01  9.100000e+00
   endloop
 endfacet
 facet normal  0.000000e+00  0.000000e+00 -1.000000e+00
   outer loop
     vertex  4.861684e+00  2.420000e+01  9.100000e+00
     vertex  3.308812e+00  2.400958e+01  9.100000e+00
     vertex  3.287637e+00  2.402861e+01  9.100000e+00
   endloop
 endfacet
 facet normal  0.000000e+00  0.000000e+00 -1.000000e+00
   outer loop
     vertex  4.861684e+00  2.420000e+01  9.100000e+00
     vertex  3.330495e+00  2.399113e+01  9.100000e+00
     vertex  3.308812e+00  2.400958e+01  9.100000e+00
   endloop
 endfacet
 facet normal  0.000000e+00  0.000000e+00 -1.000000e+00
   outer loop
     vertex  4.861684e+00  2.420000e+01  9.100000e+00
     vertex  3.352670e+00  2.397328e+01  9.100000e+00
     vertex  3.330495e+00  2.399113e+01  9.100000e+00
   endloop
 endfacet
 facet normal  0.000000e+00  0.000000e+00 -1.000000e+00
   outer loop
     vertex  4.861684e+00  2.420000e+01  9.100000e+00
     vertex  3.375321e+00  2.395604e+01  9.100000e+00
     vertex  3.352670e+00  2.397328e+01  9.100000e+00
   endloop
 endfacet
 facet normal  0.000000e+00  0.000000e+00 -1.000000e+00
   outer loop
     vertex  4.861684e+00  2.420000e+01  9.100000e+00
     vertex  3.398431e+00  2.393941e+01  9.100000e+00
     vertex  3.375321e+00  2.395604e+01  9.100000e+00
   endloop
 endfacet
 facet normal  0.000000e+00  0.000000e+00 -1.000000e+00
   outer loop
     vertex  4.861684e+00  2.420000e+01  9.100000e+00
     vertex  3.421984e+00  2.392342e+01  9.100000e+00
     vertex  3.398431e+00  2.393941e+01  9.100000e+00
   endloop
 endfacet
 facet normal  0.000000e+00  0.000000e+00 -1.000000e+00
   outer loop
     vertex  4.861684e+00  2.420000e+01  9.100000e+00
     vertex  3.445961e+00  2.390807e+01  9.100000e+00
     vertex  3.421984e+00  2.392342e+01  9.100000e+00
   endloop
 endfacet
 facet normal  0.000000e+00  0.000000e+00 -1.000000e+00
   outer loop
     vertex  4.861684e+00  2.420000e+01  9.100000e+00
     vertex  3.900505e+00  2.375472e+01  9.100000e+00
     vertex  3.843996e+00  2.376165e+01  9.100000e+00
   endloop
 endfacet
 facet normal  0.000000e+00  0.000000e+00 -1.000000e+00
   outer loop
     vertex  4.861684e+00  2.420000e+01  9.100000e+00
     vertex  3.843996e+00  2.376165e+01  9.100000e+00
     vertex  3.732518e+00  2.378464e+01  9.100000e+00
   endloop
 endfacet
 facet normal  0.000000e+00  0.000000e+00 -1.000000e+00
   outer loop
     vertex  4.861684e+00  2.420000e+01  9.100000e+00
     vertex  3.928880e+00  2.375241e+01  9.100000e+00
     vertex  3.900505e+00  2.375472e+01  9.100000e+00
   endloop
 endfacet
 facet normal  0.000000e+00  0.000000e+00 -1.000000e+00
   outer loop
     vertex  4.861684e+00  2.420000e+01  9.100000e+00
     vertex  3.957307e+00  2.375087e+01  9.100000e+00
     vertex  3.928880e+00  2.375241e+01  9.100000e+00
   endloop
 endfacet
 facet normal  0.000000e+00  0.000000e+00 -1.000000e+00
   outer loop
     vertex  4.861684e+00  2.420000e+01  9.100000e+00
     vertex  3.985766e+00  2.375010e+01  9.100000e+00
     vertex  3.957307e+00  2.375087e+01  9.100000e+00
   endloop
 endfacet
 facet normal  0.000000e+00  0.000000e+00 -1.000000e+00
   outer loop
     vertex  4.861684e+00  2.420000e+01  9.100000e+00
     vertex  4.014234e+00  2.375010e+01  9.100000e+00
     vertex  3.985766e+00  2.375010e+01  9.100000e+00
   endloop
 endfacet
 facet normal  0.000000e+00  0.000000e+00 -1.000000e+00
   outer loop
     vertex  4.861684e+00  2.420000e+01  9.100000e+00
     vertex  4.042693e+00  2.375087e+01  9.100000e+00
     vertex  4.014234e+00  2.375010e+01  9.100000e+00
   endloop
 endfacet
 facet normal  0.000000e+00  0.000000e+00 -1.000000e+00
   outer loop
     vertex  4.861684e+00  2.420000e+01  9.100000e+00
     vertex  4.071120e+00  2.375241e+01  9.100000e+00
     vertex  4.042693e+00  2.375087e+01  9.100000e+00
   endloop
 endfacet
 facet normal  0.000000e+00  0.000000e+00 -1.000000e+00
   outer loop
     vertex  4.861684e+00  2.420000e+01  9.100000e+00
     vertex  4.099495e+00  2.375472e+01  9.100000e+00
     vertex  4.071120e+00  2.375241e+01  9.100000e+00
   endloop
 endfacet
 facet normal  0.000000e+00  0.000000e+00 -1.000000e+00
   outer loop
     vertex  4.861684e+00  2.420000e+01  9.100000e+00
     vertex  4.212055e+00  2.377164e+01  9.100000e+00
     vertex  4.184097e+00  2.376626e+01  9.100000e+00
   endloop
 endfacet
 facet normal  0.000000e+00  0.000000e+00 -1.000000e+00
   outer loop
     vertex  4.861684e+00  2.420000e+01  9.100000e+00
     vertex  4.184097e+00  2.376626e+01  9.100000e+00
     vertex  4.099495e+00  2.375472e+01  9.100000e+00
   endloop
 endfacet
 facet normal  0.000000e+00  0.000000e+00 -1.000000e+00
   outer loop
     vertex  4.861684e+00  2.420000e+01  9.100000e+00
     vertex  4.845101e+00  2.417686e+01  9.100000e+00
     vertex  4.733014e+00  2.404821e+01  9.100000e+00
   endloop
 endfacet
 facet normal  0.000000e+00  0.000000e+00 -1.000000e+00
   outer loop
     vertex  4.861684e+00  2.420000e+01  9.100000e+00
     vertex  4.375817e+00  2.381956e+01  9.100000e+00
     vertex  4.212055e+00  2.377164e+01  9.100000e+00
   endloop
 endfacet
 facet normal  0.000000e+00  0.000000e+00 -1.000000e+00
   outer loop
     vertex  4.861684e+00  2.420000e+01  9.100000e+00
     vertex  4.529655e+00  2.389338e+01  9.100000e+00
     vertex  4.375817e+00  2.381956e+01  9.100000e+00
   endloop
 endfacet
 facet normal  0.000000e+00  0.000000e+00 -1.000000e+00
   outer loop
     vertex  4.861684e+00  2.420000e+01  9.100000e+00
     vertex  4.691188e+00  2.400958e+01  9.100000e+00
     vertex  4.529655e+00  2.389338e+01  9.100000e+00
   endloop
 endfacet
 facet normal  0.000000e+00  0.000000e+00  1.000000e+00
   outer loop
     vertex  6.324510e+01  2.417686e+01  3.100000e+00
     vertex  6.321008e+01  2.413197e+01  3.100000e+00
     vertex  6.322790e+01  2.415418e+01  3.100000e+00
   endloop
 endfacet
 facet normal  0.000000e+00  0.000000e+00  1.000000e+00
   outer loop
     vertex  6.324510e+01  2.417686e+01  3.100000e+00
     vertex  6.319168e+01  2.411025e+01  3.100000e+00
     vertex  6.321008e+01  2.413197e+01  3.100000e+00
   endloop
 endfacet
 facet normal  0.000000e+00  0.000000e+00  1.000000e+00
   outer loop
     vertex  6.324510e+01  2.417686e+01  3.100000e+00
     vertex  6.317268e+01  2.408904e+01  3.100000e+00
     vertex  6.319168e+01  2.411025e+01  3.100000e+00
   endloop
 endfacet
 facet normal  0.000000e+00  0.000000e+00  1.000000e+00
   outer loop
     vertex  6.324510e+01  2.417686e+01  3.100000e+00
     vertex  6.315313e+01  2.406836e+01  3.100000e+00
     vertex  6.317268e+01  2.408904e+01  3.100000e+00
   endloop
 endfacet
 facet normal  0.000000e+00  0.000000e+00  1.000000e+00
   outer loop
     vertex  6.292965e+01  2.389338e+01  3.100000e+00
     vertex  6.295404e+01  2.390807e+01  3.100000e+00
     vertex  6.297802e+01  2.392342e+01  3.100000e+00
   endloop
 endfacet
 facet normal  0.000000e+00  0.000000e+00  1.000000e+00
   outer loop
     vertex  6.263986e+01  2.377776e+01  3.100000e+00
     vertex  6.266748e+01  2.378464e+01  3.100000e+00
     vertex  6.269491e+01  2.379227e+01  3.100000e+00
   endloop
 endfacet
 facet normal  0.000000e+00  0.000000e+00  1.000000e+00
   outer loop
     vertex  6.255600e+01  2.376165e+01  3.100000e+00
     vertex  6.258410e+01  2.376626e+01  3.100000e+00
     vertex  6.261205e+01  2.377164e+01  3.100000e+00
   endloop
 endfacet
 facet normal  0.000000e+00  0.000000e+00  1.000000e+00
   outer loop
     vertex  6.247112e+01  2.375241e+01  3.100000e+00
     vertex  6.252780e+01  2.375781e+01  3.100000e+00
     vertex  6.255600e+01  2.376165e+01  3.100000e+00
   endloop
 endfacet
 facet normal  0.000000e+00  0.000000e+00  1.000000e+00
   outer loop
     vertex  6.247112e+01  2.375241e+01  3.100000e+00
     vertex  6.249949e+01  2.375472e+01  3.100000e+00
     vertex  6.252780e+01  2.375781e+01  3.100000e+00
   endloop
 endfacet
 facet normal  0.000000e+00  0.000000e+00  1.000000e+00
   outer loop
     vertex  6.221590e+01  2.376626e+01  3.100000e+00
     vertex  6.224400e+01  2.376165e+01  3.100000e+00
     vertex  6.227220e+01  2.375781e+01  3.100000e+00
   endloop
 endfacet
 facet normal  0.000000e+00  0.000000e+00  1.000000e+00
   outer loop
     vertex  6.213252e+01  2.378464e+01  3.100000e+00
     vertex  6.218795e+01  2.377164e+01  3.100000e+00
     vertex  6.221590e+01  2.376626e+01  3.100000e+00
   endloop
 endfacet
 facet normal  0.000000e+00  0.000000e+00  1.000000e+00
   outer loop
     vertex  6.213252e+01  2.378464e+01  3.100000e+00
     vertex  6.216014e+01  2.377776e+01  3.100000e+00
     vertex  6.218795e+01  2.377164e+01  3.100000e+00
   endloop
 endfacet
 facet normal  0.000000e+00  0.000000e+00  1.000000e+00
   outer loop
     vertex  6.205090e+01  2.380973e+01  3.100000e+00
     vertex  6.207788e+01  2.380063e+01  3.100000e+00
     vertex  6.210509e+01  2.379227e+01  3.100000e+00
   endloop
 endfacet
 facet normal  0.000000e+00  0.000000e+00  1.000000e+00
   outer loop
     vertex  6.202418e+01  2.381956e+01  3.100000e+00
     vertex  6.210509e+01  2.379227e+01  3.100000e+00
     vertex  6.213252e+01  2.378464e+01  3.100000e+00
   endloop
 endfacet
 facet normal  0.000000e+00  0.000000e+00  1.000000e+00
   outer loop
     vertex  6.202418e+01  2.381956e+01  3.100000e+00
     vertex  6.205090e+01  2.380973e+01  3.100000e+00
     vertex  6.210509e+01  2.379227e+01  3.100000e+00
   endloop
 endfacet
 facet normal  0.000000e+00  0.000000e+00  1.000000e+00
   outer loop
     vertex  6.194576e+01  2.385334e+01  3.100000e+00
     vertex  6.197159e+01  2.384137e+01  3.100000e+00
     vertex  6.199774e+01  2.383011e+01  3.100000e+00
   endloop
 endfacet
 facet normal  0.000000e+00  0.000000e+00  1.000000e+00
   outer loop
     vertex  6.187035e+01  2.389338e+01  3.100000e+00
     vertex  6.192026e+01  2.386600e+01  3.100000e+00
     vertex  6.194576e+01  2.385334e+01  3.100000e+00
   endloop
 endfacet
 facet normal  0.000000e+00  0.000000e+00  1.000000e+00
   outer loop
     vertex  6.187035e+01  2.389338e+01  3.100000e+00
     vertex  6.189512e+01  2.387935e+01  3.100000e+00
     vertex  6.192026e+01  2.386600e+01  3.100000e+00
   endloop
 endfacet
 facet normal  0.000000e+00  0.000000e+00  1.000000e+00
   outer loop
     vertex  6.187035e+01  2.389338e+01  3.100000e+00
     vertex  6.194576e+01  2.385334e+01  3.100000e+00
     vertex  6.199774e+01  2.383011e+01  3.100000e+00
   endloop
 endfacet
 facet normal  0.000000e+00  0.000000e+00  1.000000e+00
   outer loop
     vertex  6.182198e+01  2.392342e+01  3.100000e+00
     vertex  6.184596e+01  2.390807e+01  3.100000e+00
     vertex  6.187035e+01  2.389338e+01  3.100000e+00
   endloop
 endfacet
 facet normal  0.000000e+00  0.000000e+00  1.000000e+00
   outer loop
     vertex  6.179843e+01  2.393941e+01  3.100000e+00
     vertex  6.182198e+01  2.392342e+01  3.100000e+00
     vertex  6.187035e+01  2.389338e+01  3.100000e+00
   endloop
 endfacet
 facet normal  0.000000e+00  0.000000e+00  1.000000e+00
   outer loop
     vertex  6.177532e+01  2.395604e+01  3.100000e+00
     vertex  6.199774e+01  2.383011e+01  3.100000e+00
     vertex  6.202418e+01  2.381956e+01  3.100000e+00
   endloop
 endfacet
 facet normal  0.000000e+00  0.000000e+00  1.000000e+00
   outer loop
     vertex  6.177532e+01  2.395604e+01  3.100000e+00
     vertex  6.187035e+01  2.389338e+01  3.100000e+00
     vertex  6.199774e+01  2.383011e+01  3.100000e+00
   endloop
 endfacet
 facet normal  0.000000e+00  0.000000e+00  1.000000e+00
   outer loop
     vertex  6.177532e+01  2.395604e+01  3.100000e+00
     vertex  6.179843e+01  2.393941e+01  3.100000e+00
     vertex  6.187035e+01  2.389338e+01  3.100000e+00
   endloop
 endfacet
 facet normal  0.000000e+00  0.000000e+00  1.000000e+00
   outer loop
     vertex  6.173050e+01  2.399113e+01  3.100000e+00
     vertex  6.175267e+01  2.397328e+01  3.100000e+00
     vertex  6.177532e+01  2.395604e+01  3.100000e+00
   endloop
 endfacet
 facet normal  0.000000e+00  0.000000e+00  1.000000e+00
   outer loop
     vertex  6.170881e+01  2.400958e+01  3.100000e+00
     vertex  6.173050e+01  2.399113e+01  3.100000e+00
     vertex  6.177532e+01  2.395604e+01  3.100000e+00
   endloop
 endfacet
 facet normal  0.000000e+00  0.000000e+00  1.000000e+00
   outer loop
     vertex  6.168764e+01  2.402861e+01  3.100000e+00
     vertex  6.170881e+01  2.400958e+01  3.100000e+00
     vertex  6.177532e+01  2.395604e+01  3.100000e+00
   endloop
 endfacet
 facet normal  0.000000e+00  0.000000e+00  1.000000e+00
   outer loop
     vertex  6.164687e+01  2.406836e+01  3.100000e+00
     vertex  6.168764e+01  2.402861e+01  3.100000e+00
     vertex  6.177532e+01  2.395604e+01  3.100000e+00
   endloop
 endfacet
 facet normal  0.000000e+00  0.000000e+00  1.000000e+00
   outer loop
     vertex  6.164687e+01  2.406836e+01  3.100000e+00
     vertex  6.166699e+01  2.404821e+01  3.100000e+00
     vertex  6.168764e+01  2.402861e+01  3.100000e+00
   endloop
 endfacet
 facet normal  0.000000e+00  0.000000e+00  1.000000e+00
   outer loop
     vertex  6.160832e+01  2.411025e+01  3.100000e+00
     vertex  6.162732e+01  2.408904e+01  3.100000e+00
     vertex  6.164687e+01  2.406836e+01  3.100000e+00
   endloop
 endfacet
 facet normal  0.000000e+00  0.000000e+00  1.000000e+00
   outer loop
     vertex  6.158992e+01  2.413197e+01  3.100000e+00
     vertex  6.164687e+01  2.406836e+01  3.100000e+00
     vertex  6.177532e+01  2.395604e+01  3.100000e+00
   endloop
 endfacet
 facet normal  0.000000e+00  0.000000e+00  1.000000e+00
   outer loop
     vertex  6.158992e+01  2.413197e+01  3.100000e+00
     vertex  6.160832e+01  2.411025e+01  3.100000e+00
     vertex  6.164687e+01  2.406836e+01  3.100000e+00
   endloop
 endfacet
 facet normal  0.000000e+00  0.000000e+00  1.000000e+00
   outer loop
     vertex  6.155490e+01  2.417686e+01  3.100000e+00
     vertex  6.292965e+01  2.389338e+01  3.100000e+00
     vertex  6.297802e+01  2.392342e+01  3.100000e+00
   endloop
 endfacet
 facet normal  0.000000e+00  0.000000e+00  1.000000e+00
   outer loop
     vertex  6.155490e+01  2.417686e+01  3.100000e+00
     vertex  6.313301e+01  2.404821e+01  3.100000e+00
     vertex  6.315313e+01  2.406836e+01  3.100000e+00
   endloop
 endfacet
 facet normal  0.000000e+00  0.000000e+00  1.000000e+00
   outer loop
     vertex  6.155490e+01  2.417686e+01  3.100000e+00
     vertex  6.311236e+01  2.402861e+01  3.100000e+00
     vertex  6.313301e+01  2.404821e+01  3.100000e+00
   endloop
 endfacet
 facet normal  0.000000e+00  0.000000e+00  1.000000e+00
   outer loop
     vertex  6.155490e+01  2.417686e+01  3.100000e+00
     vertex  6.309119e+01  2.400958e+01  3.100000e+00
     vertex  6.311236e+01  2.402861e+01  3.100000e+00
   endloop
 endfacet
 facet normal  0.000000e+00  0.000000e+00  1.000000e+00
   outer loop
     vertex  6.155490e+01  2.417686e+01  3.100000e+00
     vertex  6.306950e+01  2.399113e+01  3.100000e+00
     vertex  6.309119e+01  2.400958e+01  3.100000e+00
   endloop
 endfacet
 facet normal  0.000000e+00  0.000000e+00  1.000000e+00
   outer loop
     vertex  6.155490e+01  2.417686e+01  3.100000e+00
     vertex  6.304733e+01  2.397328e+01  3.100000e+00
     vertex  6.306950e+01  2.399113e+01  3.100000e+00
   endloop
 endfacet
 facet normal  0.000000e+00  0.000000e+00  1.000000e+00
   outer loop
     vertex  6.155490e+01  2.417686e+01  3.100000e+00
     vertex  6.302468e+01  2.395604e+01  3.100000e+00
     vertex  6.304733e+01  2.397328e+01  3.100000e+00
   endloop
 endfacet
 facet normal  0.000000e+00  0.000000e+00  1.000000e+00
   outer loop
     vertex  6.155490e+01  2.417686e+01  3.100000e+00
     vertex  6.300157e+01  2.393941e+01  3.100000e+00
     vertex  6.302468e+01  2.395604e+01  3.100000e+00
   endloop
 endfacet
 facet normal  0.000000e+00  0.000000e+00  1.000000e+00
   outer loop
     vertex  6.155490e+01  2.417686e+01  3.100000e+00
     vertex  6.297802e+01  2.392342e+01  3.100000e+00
     vertex  6.300157e+01  2.393941e+01  3.100000e+00
   endloop
 endfacet
 facet normal  0.000000e+00  0.000000e+00  1.000000e+00
   outer loop
     vertex  6.155490e+01  2.417686e+01  3.100000e+00
     vertex  6.290488e+01  2.387935e+01  3.100000e+00
     vertex  6.292965e+01  2.389338e+01  3.100000e+00
   endloop
 endfacet
 facet normal  0.000000e+00  0.000000e+00  1.000000e+00
   outer loop
     vertex  6.155490e+01  2.417686e+01  3.100000e+00
     vertex  6.287974e+01  2.386600e+01  3.100000e+00
     vertex  6.290488e+01  2.387935e+01  3.100000e+00
   endloop
 endfacet
 facet normal  0.000000e+00  0.000000e+00  1.000000e+00
   outer loop
     vertex  6.155490e+01  2.417686e+01  3.100000e+00
     vertex  6.285424e+01  2.385334e+01  3.100000e+00
     vertex  6.287974e+01  2.386600e+01  3.100000e+00
   endloop
 endfacet
 facet normal  0.000000e+00  0.000000e+00  1.000000e+00
   outer loop
     vertex  6.155490e+01  2.417686e+01  3.100000e+00
     vertex  6.282841e+01  2.384137e+01  3.100000e+00
     vertex  6.285424e+01  2.385334e+01  3.100000e+00
   endloop
 endfacet
 facet normal  0.000000e+00  0.000000e+00  1.000000e+00
   outer loop
     vertex  6.155490e+01  2.417686e+01  3.100000e+00
     vertex  6.280226e+01  2.383011e+01  3.100000e+00
     vertex  6.282841e+01  2.384137e+01  3.100000e+00
   endloop
 endfacet
 facet normal  0.000000e+00  0.000000e+00  1.000000e+00
   outer loop
     vertex  6.155490e+01  2.417686e+01  3.100000e+00
     vertex  6.277582e+01  2.381956e+01  3.100000e+00
     vertex  6.280226e+01  2.383011e+01  3.100000e+00
   endloop
 endfacet
 facet normal  0.000000e+00  0.000000e+00  1.000000e+00
   outer loop
     vertex  6.155490e+01  2.417686e+01  3.100000e+00
     vertex  6.255600e+01  2.376165e+01  3.100000e+00
     vertex  6.261205e+01  2.377164e+01  3.100000e+00
   endloop
 endfacet
 facet normal  0.000000e+00  0.000000e+00  1.000000e+00
   outer loop
     vertex  6.155490e+01  2.417686e+01  3.100000e+00
     vertex  6.274910e+01  2.380973e+01  3.100000e+00
     vertex  6.277582e+01  2.381956e+01  3.100000e+00
   endloop
 endfacet
 facet normal  0.000000e+00  0.000000e+00  1.000000e+00
   outer loop
     vertex  6.155490e+01  2.417686e+01  3.100000e+00
     vertex  6.272212e+01  2.380063e+01  3.100000e+00
     vertex  6.274910e+01  2.380973e+01  3.100000e+00
   endloop
 endfacet
 facet normal  0.000000e+00  0.000000e+00  1.000000e+00
   outer loop
     vertex  6.155490e+01  2.417686e+01  3.100000e+00
     vertex  6.263986e+01  2.377776e+01  3.100000e+00
     vertex  6.269491e+01  2.379227e+01  3.100000e+00
   endloop
 endfacet
 facet normal  0.000000e+00  0.000000e+00  1.000000e+00
   outer loop
     vertex  6.155490e+01  2.417686e+01  3.100000e+00
     vertex  6.269491e+01  2.379227e+01  3.100000e+00
     vertex  6.272212e+01  2.380063e+01  3.100000e+00
   endloop
 endfacet
 facet normal  0.000000e+00  0.000000e+00  1.000000e+00
   outer loop
     vertex  6.155490e+01  2.417686e+01  3.100000e+00
     vertex  6.261205e+01  2.377164e+01  3.100000e+00
     vertex  6.263986e+01  2.377776e+01  3.100000e+00
   endloop
 endfacet
 facet normal  0.000000e+00  0.000000e+00  1.000000e+00
   outer loop
     vertex  6.155490e+01  2.417686e+01  3.100000e+00
     vertex  6.244269e+01  2.375087e+01  3.100000e+00
     vertex  6.247112e+01  2.375241e+01  3.100000e+00
   endloop
 endfacet
 facet normal  0.000000e+00  0.000000e+00  1.000000e+00
   outer loop
     vertex  6.155490e+01  2.417686e+01  3.100000e+00
     vertex  6.241423e+01  2.375010e+01  3.100000e+00
     vertex  6.244269e+01  2.375087e+01  3.100000e+00
   endloop
 endfacet
 facet normal  0.000000e+00  0.000000e+00  1.000000e+00
   outer loop
     vertex  6.155490e+01  2.417686e+01  3.100000e+00
     vertex  6.238577e+01  2.375010e+01  3.100000e+00
     vertex  6.241423e+01  2.375010e+01  3.100000e+00
   endloop
 endfacet
 facet normal  0.000000e+00  0.000000e+00  1.000000e+00
   outer loop
     vertex  6.155490e+01  2.417686e+01  3.100000e+00
     vertex  6.235731e+01  2.375087e+01  3.100000e+00
     vertex  6.238577e+01  2.375010e+01  3.100000e+00
   endloop
 endfacet
 facet normal  0.000000e+00  0.000000e+00  1.000000e+00
   outer loop
     vertex  6.155490e+01  2.417686e+01  3.100000e+00
     vertex  6.232888e+01  2.375241e+01  3.100000e+00
     vertex  6.235731e+01  2.375087e+01  3.100000e+00
   endloop
 endfacet
 facet normal  0.000000e+00  0.000000e+00  1.000000e+00
   outer loop
     vertex  6.155490e+01  2.417686e+01  3.100000e+00
     vertex  6.230051e+01  2.375472e+01  3.100000e+00
     vertex  6.232888e+01  2.375241e+01  3.100000e+00
   endloop
 endfacet
 facet normal  0.000000e+00  0.000000e+00  1.000000e+00
   outer loop
     vertex  6.155490e+01  2.417686e+01  3.100000e+00
     vertex  6.158992e+01  2.413197e+01  3.100000e+00
     vertex  6.177532e+01  2.395604e+01  3.100000e+00
   endloop
 endfacet
 facet normal  0.000000e+00  0.000000e+00  1.000000e+00
   outer loop
     vertex  6.155490e+01  2.417686e+01  3.100000e+00
     vertex  6.227220e+01  2.375781e+01  3.100000e+00
     vertex  6.230051e+01  2.375472e+01  3.100000e+00
   endloop
 endfacet
 facet normal  0.000000e+00  0.000000e+00  1.000000e+00
   outer loop
     vertex  6.155490e+01  2.417686e+01  3.100000e+00
     vertex  6.221590e+01  2.376626e+01  3.100000e+00
     vertex  6.227220e+01  2.375781e+01  3.100000e+00
   endloop
 endfacet
 facet normal  0.000000e+00  0.000000e+00  1.000000e+00
   outer loop
     vertex  6.155490e+01  2.417686e+01  3.100000e+00
     vertex  6.213252e+01  2.378464e+01  3.100000e+00
     vertex  6.221590e+01  2.376626e+01  3.100000e+00
   endloop
 endfacet
 facet normal  0.000000e+00  0.000000e+00  1.000000e+00
   outer loop
     vertex  6.155490e+01  2.417686e+01  3.100000e+00
     vertex  6.157210e+01  2.415418e+01  3.100000e+00
     vertex  6.158992e+01  2.413197e+01  3.100000e+00
   endloop
 endfacet
 facet normal  0.000000e+00  0.000000e+00  1.000000e+00
   outer loop
     vertex  6.155490e+01  2.417686e+01  3.100000e+00
     vertex  6.202418e+01  2.381956e+01  3.100000e+00
     vertex  6.213252e+01  2.378464e+01  3.100000e+00
   endloop
 endfacet
 facet normal  0.000000e+00  0.000000e+00  1.000000e+00
   outer loop
     vertex  6.155490e+01  2.417686e+01  3.100000e+00
     vertex  6.177532e+01  2.395604e+01  3.100000e+00
     vertex  6.202418e+01  2.381956e+01  3.100000e+00
   endloop
 endfacet
 facet normal -0.000000e+00  0.000000e+00  1.000000e+00
   outer loop
     vertex  6.155490e+01  2.417686e+01  3.100000e+00
     vertex  6.315313e+01  2.406836e+01  3.100000e+00
     vertex  6.324510e+01  2.417686e+01  3.100000e+00
   endloop
 endfacet
 facet normal  0.000000e+00  0.000000e+00  1.000000e+00
   outer loop
     vertex  6.155490e+01  2.417686e+01  3.100000e+00
     vertex  6.247112e+01  2.375241e+01  3.100000e+00
     vertex  6.255600e+01  2.376165e+01  3.100000e+00
   endloop
 endfacet
 facet normal -0.000000e+00  0.000000e+00  1.000000e+00
   outer loop
     vertex  6.153832e+01  2.420000e+01  3.100000e+00
     vertex  6.324510e+01  2.417686e+01  3.100000e+00
     vertex  6.326168e+01  2.420000e+01  3.100000e+00
   endloop
 endfacet
 facet normal  0.000000e+00  0.000000e+00  1.000000e+00
   outer loop
     vertex  6.153832e+01  2.420000e+01  3.100000e+00
     vertex  6.155490e+01  2.417686e+01  3.100000e+00
     vertex  6.324510e+01  2.417686e+01  3.100000e+00
   endloop
 endfacet
 facet normal -8.128297e-01  5.825013e-01 -9.012280e-20
   outer loop
     vertex  6.324510e+01  2.417686e+01  9.100000e+00
     vertex  6.326168e+01  2.420000e+01  9.100000e+00
     vertex  6.326168e+01  2.420000e+01  3.100000e+00
   endloop
 endfacet
 facet normal -8.128297e-01  5.825013e-01  0.000000e+00
   outer loop
     vertex  6.324510e+01  2.417686e+01  9.100000e+00
     vertex  6.326168e+01  2.420000e+01  3.100000e+00
     vertex  6.324510e+01  2.417686e+01  3.100000e+00
   endloop
 endfacet
 facet normal -7.967389e-01  6.043237e-01  1.301352e-19
   outer loop
     vertex  6.322790e+01  2.415418e+01  9.100000e+00
     vertex  6.324510e+01  2.417686e+01  9.100000e+00
     vertex  6.324510e+01  2.417686e+01  3.100000e+00
   endloop
 endfacet
 facet normal -7.967389e-01  6.043237e-01  0.000000e+00
   outer loop
     vertex  6.322790e+01  2.415418e+01  9.100000e+00
     vertex  6.324510e+01  2.417686e+01  3.100000e+00
     vertex  6.322790e+01  2.415418e+01  3.100000e+00
   endloop
 endfacet
 facet normal -7.800624e-01  6.257018e-01  0.000000e+00
   outer loop
     vertex  6.322790e+01  2.415418e+01  9.100000e+00
     vertex  6.322790e+01  2.415418e+01  3.100000e+00
     vertex  6.321008e+01  2.413197e+01  3.100000e+00
   endloop
 endfacet
 facet normal -7.800624e-01  6.257018e-01  0.000000e+00
   outer loop
     vertex  6.321008e+01  2.413197e+01  9.100000e+00
     vertex  6.322790e+01  2.415418e+01  9.100000e+00
     vertex  6.321008e+01  2.413197e+01  3.100000e+00
   endloop
 endfacet
 facet normal -7.628124e-01  6.466199e-01 -1.036813e-19
   outer loop
     vertex  6.319168e+01  2.411025e+01  9.100000e+00
     vertex  6.321008e+01  2.413197e+01  9.100000e+00
     vertex  6.321008e+01  2.413197e+01  3.100000e+00
   endloop
 endfacet
 facet normal -7.628124e-01  6.466199e-01  0.000000e+00
   outer loop
     vertex  6.319168e+01  2.411025e+01  9.100000e+00
     vertex  6.321008e+01  2.413197e+01  3.100000e+00
     vertex  6.319168e+01  2.411025e+01  3.100000e+00
   endloop
 endfacet
 facet normal -7.450016e-01  6.670627e-01  1.484478e-19
   outer loop
     vertex  6.317268e+01  2.408904e+01  9.100000e+00
     vertex  6.319168e+01  2.411025e+01  9.100000e+00
     vertex  6.319168e+01  2.411025e+01  3.100000e+00
   endloop
 endfacet
 facet normal -7.450016e-01  6.670627e-01  0.000000e+00
   outer loop
     vertex  6.317268e+01  2.408904e+01  9.100000e+00
     vertex  6.319168e+01  2.411025e+01  3.100000e+00
     vertex  6.317268e+01  2.408904e+01  3.100000e+00
   endloop
 endfacet
 facet normal -7.266432e-01  6.870150e-01 -1.473477e-19
   outer loop
     vertex  6.315313e+01  2.406836e+01  9.100000e+00
     vertex  6.317268e+01  2.408904e+01  9.100000e+00
     vertex  6.317268e+01  2.408904e+01  3.100000e+00
   endloop
 endfacet
 facet normal -7.266432e-01  6.870150e-01  0.000000e+00
   outer loop
     vertex  6.315313e+01  2.406836e+01  9.100000e+00
     vertex  6.317268e+01  2.408904e+01  3.100000e+00
     vertex  6.315313e+01  2.406836e+01  3.100000e+00
   endloop
 endfacet
 facet normal -7.077506e-01  7.064624e-01  0.000000e+00
   outer loop
     vertex  6.315313e+01  2.406836e+01  9.100000e+00
     vertex  6.315313e+01  2.406836e+01  3.100000e+00
     vertex  6.313301e+01  2.404821e+01  3.100000e+00
   endloop
 endfacet
 facet normal -7.077506e-01  7.064624e-01  0.000000e+00
   outer loop
     vertex  6.313301e+01  2.404821e+01  9.100000e+00
     vertex  6.315313e+01  2.406836e+01  9.100000e+00
     vertex  6.313301e+01  2.404821e+01  3.100000e+00
   endloop
 endfacet
 facet normal -6.883377e-01  7.253904e-01  0.000000e+00
   outer loop
     vertex  6.313301e+01  2.404821e+01  9.100000e+00
     vertex  6.313301e+01  2.404821e+01  3.100000e+00
     vertex  6.311236e+01  2.402861e+01  3.100000e+00
   endloop
 endfacet
 facet normal -6.883377e-01  7.253904e-01  0.000000e+00
   outer loop
     vertex  6.311236e+01  2.402861e+01  9.100000e+00
     vertex  6.313301e+01  2.404821e+01  9.100000e+00
     vertex  6.311236e+01  2.402861e+01  3.100000e+00
   endloop
 endfacet
 facet normal -6.684188e-01  7.437851e-01  0.000000e+00
   outer loop
     vertex  6.309119e+01  2.400958e+01  9.100000e+00
     vertex  6.311236e+01  2.402861e+01  3.100000e+00
     vertex  6.309119e+01  2.400958e+01  3.100000e+00
   endloop
 endfacet
 facet normal -6.480085e-01  7.616331e-01  0.000000e+00
   outer loop
     vertex  6.309119e+01  2.400958e+01  9.100000e+00
     vertex  6.309119e+01  2.400958e+01  3.100000e+00
     vertex  6.306950e+01  2.399113e+01  3.100000e+00
   endloop
 endfacet
 facet normal -6.684188e-01  7.437851e-01 -6.397848e-20
   outer loop
     vertex  6.309119e+01  2.400958e+01  9.100000e+00
     vertex  6.311236e+01  2.402861e+01  9.100000e+00
     vertex  6.311236e+01  2.402861e+01  3.100000e+00
   endloop
 endfacet
 facet normal -6.480085e-01  7.616331e-01  0.000000e+00
   outer loop
     vertex  6.306950e+01  2.399113e+01  9.100000e+00
     vertex  6.309119e+01  2.400958e+01  9.100000e+00
     vertex  6.306950e+01  2.399113e+01  3.100000e+00
   endloop
 endfacet
 facet normal -6.271218e-01  7.789212e-01  0.000000e+00
   outer loop
     vertex  6.304733e+01  2.397328e+01  9.100000e+00
     vertex  6.306950e+01  2.399113e+01  3.100000e+00
     vertex  6.304733e+01  2.397328e+01  3.100000e+00
   endloop
 endfacet
 facet normal -6.271218e-01  7.789212e-01 -3.074229e-20
   outer loop
     vertex  6.304733e+01  2.397328e+01  9.100000e+00
     vertex  6.306950e+01  2.399113e+01  9.100000e+00
     vertex  6.306950e+01  2.399113e+01  3.100000e+00
   endloop
 endfacet
 facet normal -6.057742e-01  7.956366e-01  0.000000e+00
   outer loop
     vertex  6.302468e+01  2.395604e+01  9.100000e+00
     vertex  6.304733e+01  2.397328e+01  3.100000e+00
     vertex  6.302468e+01  2.395604e+01  3.100000e+00
   endloop
 endfacet
 facet normal -6.057742e-01  7.956366e-01 -1.288938e-19
   outer loop
     vertex  6.302468e+01  2.395604e+01  9.100000e+00
     vertex  6.304733e+01  2.397328e+01  9.100000e+00
     vertex  6.304733e+01  2.397328e+01  3.100000e+00
   endloop
 endfacet
 facet normal -5.839812e-01  8.117672e-01  0.000000e+00
   outer loop
     vertex  6.300157e+01  2.393941e+01  9.100000e+00
     vertex  6.302468e+01  2.395604e+01  3.100000e+00
     vertex  6.300157e+01  2.393941e+01  3.100000e+00
   endloop
 endfacet
 facet normal -5.617589e-01  8.273010e-01  0.000000e+00
   outer loop
     vertex  6.300157e+01  2.393941e+01  9.100000e+00
     vertex  6.300157e+01  2.393941e+01  3.100000e+00
     vertex  6.297802e+01  2.392342e+01  3.100000e+00
   endloop
 endfacet
 facet normal -5.839812e-01  8.117672e-01 -1.343147e-19
   outer loop
     vertex  6.300157e+01  2.393941e+01  9.100000e+00
     vertex  6.302468e+01  2.395604e+01  9.100000e+00
     vertex  6.302468e+01  2.395604e+01  3.100000e+00
   endloop
 endfacet
 facet normal -5.617589e-01  8.273010e-01  0.000000e+00
   outer loop
     vertex  6.297802e+01  2.392342e+01  9.100000e+00
     vertex  6.300157e+01  2.393941e+01  9.100000e+00
     vertex  6.297802e+01  2.392342e+01  3.100000e+00
   endloop
 endfacet
 facet normal -5.391236e-01  8.422266e-01  4.231029e-20
   outer loop
     vertex  6.295404e+01  2.390807e+01  9.100000e+00
     vertex  6.297802e+01  2.392342e+01  9.100000e+00
     vertex  6.297802e+01  2.392342e+01  3.100000e+00
   endloop
 endfacet
 facet normal -5.391236e-01  8.422266e-01  0.000000e+00
   outer loop
     vertex  6.295404e+01  2.390807e+01  9.100000e+00
     vertex  6.297802e+01  2.392342e+01  3.100000e+00
     vertex  6.295404e+01  2.390807e+01  3.100000e+00
   endloop
 endfacet
 facet normal -5.160920e-01  8.565331e-01  0.000000e+00
   outer loop
     vertex  6.295404e+01  2.390807e+01  9.100000e+00
     vertex  6.295404e+01  2.390807e+01  3.100000e+00
     vertex  6.292965e+01  2.389338e+01  3.100000e+00
   endloop
 endfacet
 facet normal -5.160920e-01  8.565331e-01  0.000000e+00
   outer loop
     vertex  6.292965e+01  2.389338e+01  9.100000e+00
     vertex  6.295404e+01  2.390807e+01  9.100000e+00
     vertex  6.292965e+01  2.389338e+01  3.100000e+00
   endloop
 endfacet
 facet normal -4.926811e-01  8.702100e-01 -1.090294e-19
   outer loop
     vertex  6.290488e+01  2.387935e+01  9.100000e+00
     vertex  6.292965e+01  2.389338e+01  9.100000e+00
     vertex  6.292965e+01  2.389338e+01  3.100000e+00
   endloop
 endfacet
 facet normal -4.926811e-01  8.702100e-01  0.000000e+00
   outer loop
     vertex  6.290488e+01  2.387935e+01  9.100000e+00
     vertex  6.292965e+01  2.389338e+01  3.100000e+00
     vertex  6.290488e+01  2.387935e+01  3.100000e+00
   endloop
 endfacet
 facet normal -4.689079e-01  8.832471e-01  0.000000e+00
   outer loop
     vertex  6.290488e+01  2.387935e+01  9.100000e+00
     vertex  6.290488e+01  2.387935e+01  3.100000e+00
     vertex  6.287974e+01  2.386600e+01  3.100000e+00
   endloop
 endfacet
 facet normal -4.689079e-01  8.832471e-01  0.000000e+00
   outer loop
     vertex  6.287974e+01  2.386600e+01  9.100000e+00
     vertex  6.290488e+01  2.387935e+01  9.100000e+00
     vertex  6.287974e+01  2.386600e+01  3.100000e+00
   endloop
 endfacet
 facet normal -4.447900e-01  8.956349e-01 -1.102022e-19
   outer loop
     vertex  6.285424e+01  2.385334e+01  9.100000e+00
     vertex  6.287974e+01  2.386600e+01  9.100000e+00
     vertex  6.287974e+01  2.386600e+01  3.100000e+00
   endloop
 endfacet
 facet normal -4.447900e-01  8.956349e-01  0.000000e+00
   outer loop
     vertex  6.285424e+01  2.385334e+01  9.100000e+00
     vertex  6.287974e+01  2.386600e+01  3.100000e+00
     vertex  6.285424e+01  2.385334e+01  3.100000e+00
   endloop
 endfacet
 facet normal -4.203452e-01  9.073643e-01  8.036422e-20
   outer loop
     vertex  6.282841e+01  2.384137e+01  9.100000e+00
     vertex  6.285424e+01  2.385334e+01  9.100000e+00
     vertex  6.285424e+01  2.385334e+01  3.100000e+00
   endloop
 endfacet
 facet normal -4.203452e-01  9.073643e-01  0.000000e+00
   outer loop
     vertex  6.282841e+01  2.384137e+01  9.100000e+00
     vertex  6.285424e+01  2.385334e+01  3.100000e+00
     vertex  6.282841e+01  2.384137e+01  3.100000e+00
   endloop
 endfacet
 facet normal -3.955913e-01  9.184267e-01 -8.319484e-20
   outer loop
     vertex  6.280226e+01  2.383011e+01  9.100000e+00
     vertex  6.282841e+01  2.384137e+01  9.100000e+00
     vertex  6.282841e+01  2.384137e+01  3.100000e+00
   endloop
 endfacet
 facet normal -3.955913e-01  9.184267e-01  0.000000e+00
   outer loop
     vertex  6.280226e+01  2.383011e+01  9.100000e+00
     vertex  6.282841e+01  2.384137e+01  3.100000e+00
     vertex  6.280226e+01  2.383011e+01  3.100000e+00
   endloop
 endfacet
 facet normal -3.705466e-01  9.288139e-01  7.972848e-20
   outer loop
     vertex  6.277582e+01  2.381956e+01  9.100000e+00
     vertex  6.280226e+01  2.383011e+01  9.100000e+00
     vertex  6.280226e+01  2.383011e+01  3.100000e+00
   endloop
 endfacet
 facet normal -3.705466e-01  9.288139e-01  0.000000e+00
   outer loop
     vertex  6.277582e+01  2.381956e+01  9.100000e+00
     vertex  6.280226e+01  2.383011e+01  3.100000e+00
     vertex  6.277582e+01  2.381956e+01  3.100000e+00
   endloop
 endfacet
 facet normal -3.452296e-01  9.385183e-01  1.037346e-19
   outer loop
     vertex  6.274910e+01  2.380973e+01  9.100000e+00
     vertex  6.277582e+01  2.381956e+01  9.100000e+00
     vertex  6.277582e+01  2.381956e+01  3.100000e+00
   endloop
 endfacet
 facet normal -3.452296e-01  9.385183e-01  0.000000e+00
   outer loop
     vertex  6.274910e+01  2.380973e+01  9.100000e+00
     vertex  6.277582e+01  2.381956e+01  3.100000e+00
     vertex  6.274910e+01  2.380973e+01  3.100000e+00
   endloop
 endfacet
 facet normal -3.196587e-01  9.475328e-01  7.709063e-21
   outer loop
     vertex  6.272212e+01  2.380063e+01  9.100000e+00
     vertex  6.274910e+01  2.380973e+01  9.100000e+00
     vertex  6.274910e+01  2.380973e+01  3.100000e+00
   endloop
 endfacet
 facet normal -3.196587e-01  9.475328e-01  0.000000e+00
   outer loop
     vertex  6.272212e+01  2.380063e+01  9.100000e+00
     vertex  6.274910e+01  2.380973e+01  3.100000e+00
     vertex  6.272212e+01  2.380063e+01  3.100000e+00
   endloop
 endfacet
 facet normal -2.938528e-01  9.558507e-01  5.234972e-22
   outer loop
     vertex  6.269491e+01  2.379227e+01  9.100000e+00
     vertex  6.272212e+01  2.380063e+01  9.100000e+00
     vertex  6.272212e+01  2.380063e+01  3.100000e+00
   endloop
 endfacet
 facet normal -2.938528e-01  9.558507e-01  0.000000e+00
   outer loop
     vertex  6.269491e+01  2.379227e+01  9.100000e+00
     vertex  6.272212e+01  2.380063e+01  3.100000e+00
     vertex  6.269491e+01  2.379227e+01  3.100000e+00
   endloop
 endfacet
 facet normal -2.678310e-01  9.634659e-01  6.352317e-20
   outer loop
     vertex  6.266748e+01  2.378464e+01  9.100000e+00
     vertex  6.269491e+01  2.379227e+01  9.100000e+00
     vertex  6.269491e+01  2.379227e+01  3.100000e+00
   endloop
 endfacet
 facet normal -2.678310e-01  9.634659e-01  0.000000e+00
   outer loop
     vertex  6.266748e+01  2.378464e+01  9.100000e+00
     vertex  6.269491e+01  2.379227e+01  3.100000e+00
     vertex  6.266748e+01  2.378464e+01  3.100000e+00
   endloop
 endfacet
 facet normal -2.416122e-01  9.703729e-01 -7.589325e-20
   outer loop
     vertex  6.263986e+01  2.377776e+01  9.100000e+00
     vertex  6.266748e+01  2.378464e+01  9.100000e+00
     vertex  6.266748e+01  2.378464e+01  3.100000e+00
   endloop
 endfacet
 facet normal -2.416122e-01  9.703729e-01  0.000000e+00
   outer loop
     vertex  6.263986e+01  2.377776e+01  9.100000e+00
     vertex  6.266748e+01  2.378464e+01  3.100000e+00
     vertex  6.263986e+01  2.377776e+01  3.100000e+00
   endloop
 endfacet
 facet normal -1.886613e-01  9.820422e-01  0.000000e+00
   outer loop
     vertex  6.261205e+01  2.377164e+01  9.100000e+00
     vertex  6.261205e+01  2.377164e+01  3.100000e+00
     vertex  6.258410e+01  2.376626e+01  3.100000e+00
   endloop
 endfacet
 facet normal -2.152158e-01  9.765665e-01 -5.116236e-20
   outer loop
     vertex  6.261205e+01  2.377164e+01  9.100000e+00
     vertex  6.263986e+01  2.377776e+01  9.100000e+00
     vertex  6.263986e+01  2.377776e+01  3.100000e+00
   endloop
 endfacet
 facet normal -2.152158e-01  9.765665e-01  0.000000e+00
   outer loop
     vertex  6.261205e+01  2.377164e+01  9.100000e+00
     vertex  6.263986e+01  2.377776e+01  3.100000e+00
     vertex  6.261205e+01  2.377164e+01  3.100000e+00
   endloop
 endfacet
 facet normal -1.886613e-01  9.820422e-01  0.000000e+00
   outer loop
     vertex  6.258410e+01  2.376626e+01  9.100000e+00
     vertex  6.261205e+01  2.377164e+01  9.100000e+00
     vertex  6.258410e+01  2.376626e+01  3.100000e+00
   endloop
 endfacet
 facet normal -1.619680e-01  9.867960e-01  0.000000e+00
   outer loop
     vertex  6.255600e+01  2.376165e+01  9.100000e+00
     vertex  6.258410e+01  2.376626e+01  3.100000e+00
     vertex  6.255600e+01  2.376165e+01  3.100000e+00
   endloop
 endfacet
 facet normal -1.351556e-01  9.908244e-01  0.000000e+00
   outer loop
     vertex  6.255600e+01  2.376165e+01  9.100000e+00
     vertex  6.255600e+01  2.376165e+01  3.100000e+00
     vertex  6.252780e+01  2.375781e+01  3.100000e+00
   endloop
 endfacet
 facet normal -1.619680e-01  9.867960e-01  6.537361e-21
   outer loop
     vertex  6.255600e+01  2.376165e+01  9.100000e+00
     vertex  6.258410e+01  2.376626e+01  9.100000e+00
     vertex  6.258410e+01  2.376626e+01  3.100000e+00
   endloop
 endfacet
 facet normal -1.351556e-01  9.908244e-01  0.000000e+00
   outer loop
     vertex  6.252780e+01  2.375781e+01  9.100000e+00
     vertex  6.255600e+01  2.376165e+01  9.100000e+00
     vertex  6.252780e+01  2.375781e+01  3.100000e+00
   endloop
 endfacet
 facet normal -1.082439e-01  9.941244e-01  0.000000e+00
   outer loop
     vertex  6.249949e+01  2.375472e+01  9.100000e+00
     vertex  6.252780e+01  2.375781e+01  3.100000e+00
     vertex  6.249949e+01  2.375472e+01  3.100000e+00
   endloop
 endfacet
 facet normal -8.125265e-02  9.966935e-01  0.000000e+00
   outer loop
     vertex  6.249949e+01  2.375472e+01  9.100000e+00
     vertex  6.249949e+01  2.375472e+01  3.100000e+00
     vertex  6.247112e+01  2.375241e+01  3.100000e+00
   endloop
 endfacet
 facet normal -1.082439e-01  9.941244e-01  3.273933e-20
   outer loop
     vertex  6.249949e+01  2.375472e+01  9.100000e+00
     vertex  6.252780e+01  2.375781e+01  9.100000e+00
     vertex  6.252780e+01  2.375781e+01  3.100000e+00
   endloop
 endfacet
 facet normal -5.420164e-02  9.985300e-01  0.000000e+00
   outer loop
     vertex  6.247112e+01  2.375241e+01  9.100000e+00
     vertex  6.247112e+01  2.375241e+01  3.100000e+00
     vertex  6.244269e+01  2.375087e+01  3.100000e+00
   endloop
 endfacet
 facet normal -8.125265e-02  9.966935e-01  0.000000e+00
   outer loop
     vertex  6.247112e+01  2.375241e+01  9.100000e+00
     vertex  6.249949e+01  2.375472e+01  9.100000e+00
     vertex  6.247112e+01  2.375241e+01  3.100000e+00
   endloop
 endfacet
 facet normal -5.420164e-02  9.985300e-01  0.000000e+00
   outer loop
     vertex  6.244269e+01  2.375087e+01  9.100000e+00
     vertex  6.247112e+01  2.375241e+01  9.100000e+00
     vertex  6.244269e+01  2.375087e+01  3.100000e+00
   endloop
 endfacet
 facet normal -2.711078e-02  9.996324e-01  0.000000e+00
   outer loop
     vertex  6.241423e+01  2.375010e+01  9.100000e+00
     vertex  6.244269e+01  2.375087e+01  3.100000e+00
     vertex  6.241423e+01  2.375010e+01  3.100000e+00
   endloop
 endfacet
 facet normal -2.711078e-02  9.996324e-01  3.419996e-21
   outer loop
     vertex  6.241423e+01  2.375010e+01  9.100000e+00
     vertex  6.244269e+01  2.375087e+01  9.100000e+00
     vertex  6.244269e+01  2.375087e+01  3.100000e+00
   endloop
 endfacet
 facet normal -1.247926e-13  1.000000e+00  0.000000e+00
   outer loop
     vertex  6.238577e+01  2.375010e+01  9.100000e+00
     vertex  6.241423e+01  2.375010e+01  3.100000e+00
     vertex  6.238577e+01  2.375010e+01  3.100000e+00
   endloop
 endfacet
 facet normal  2.711078e-02  9.996324e-01  0.000000e+00
   outer loop
     vertex  6.238577e+01  2.375010e+01  9.100000e+00
     vertex  6.238577e+01  2.375010e+01  3.100000e+00
     vertex  6.235731e+01  2.375087e+01  3.100000e+00
   endloop
 endfacet
 facet normal -1.247926e-13  1.000000e+00  0.000000e+00
   outer loop
     vertex  6.238577e+01  2.375010e+01  9.100000e+00
     vertex  6.241423e+01  2.375010e+01  9.100000e+00
     vertex  6.241423e+01  2.375010e+01  3.100000e+00
   endloop
 endfacet
 facet normal  5.420164e-02  9.985300e-01  0.000000e+00
   outer loop
     vertex  6.235731e+01  2.375087e+01  9.100000e+00
     vertex  6.235731e+01  2.375087e+01  3.100000e+00
     vertex  6.232888e+01  2.375241e+01  3.100000e+00
   endloop
 endfacet
 facet normal  2.711078e-02  9.996324e-01  0.000000e+00
   outer loop
     vertex  6.235731e+01  2.375087e+01  9.100000e+00
     vertex  6.238577e+01  2.375010e+01  9.100000e+00
     vertex  6.235731e+01  2.375087e+01  3.100000e+00
   endloop
 endfacet
 facet normal  5.420164e-02  9.985300e-01  0.000000e+00
   outer loop
     vertex  6.232888e+01  2.375241e+01  9.100000e+00
     vertex  6.235731e+01  2.375087e+01  9.100000e+00
     vertex  6.232888e+01  2.375241e+01  3.100000e+00
   endloop
 endfacet
 facet normal  8.125265e-02  9.966935e-01  3.308548e-20
   outer loop
     vertex  6.230051e+01  2.375472e+01  9.100000e+00
     vertex  6.232888e+01  2.375241e+01  9.100000e+00
     vertex  6.232888e+01  2.375241e+01  3.100000e+00
   endloop
 endfacet
 facet normal  8.125265e-02  9.966935e-01  0.000000e+00
   outer loop
     vertex  6.230051e+01  2.375472e+01  9.100000e+00
     vertex  6.232888e+01  2.375241e+01  3.100000e+00
     vertex  6.230051e+01  2.375472e+01  3.100000e+00
   endloop
 endfacet
 facet normal  1.082439e-01  9.941244e-01 -3.273933e-20
   outer loop
     vertex  6.227220e+01  2.375781e+01  9.100000e+00
     vertex  6.230051e+01  2.375472e+01  9.100000e+00
     vertex  6.230051e+01  2.375472e+01  3.100000e+00
   endloop
 endfacet
 facet normal  1.082439e-01  9.941244e-01  0.000000e+00
   outer loop
     vertex  6.227220e+01  2.375781e+01  9.100000e+00
     vertex  6.230051e+01  2.375472e+01  3.100000e+00
     vertex  6.227220e+01  2.375781e+01  3.100000e+00
   endloop
 endfacet
 facet normal  1.351556e-01  9.908244e-01  0.000000e+00
   outer loop
     vertex  6.227220e+01  2.375781e+01  9.100000e+00
     vertex  6.227220e+01  2.375781e+01  3.100000e+00
     vertex  6.224400e+01  2.376165e+01  3.100000e+00
   endloop
 endfacet
 facet normal  1.619680e-01  9.867960e-01  0.000000e+00
   outer loop
     vertex  6.224400e+01  2.376165e+01  9.100000e+00
     vertex  6.224400e+01  2.376165e+01  3.100000e+00
     vertex  6.221590e+01  2.376626e+01  3.100000e+00
   endloop
 endfacet
 facet normal  1.351556e-01  9.908244e-01  0.000000e+00
   outer loop
     vertex  6.224400e+01  2.376165e+01  9.100000e+00
     vertex  6.227220e+01  2.375781e+01  9.100000e+00
     vertex  6.224400e+01  2.376165e+01  3.100000e+00
   endloop
 endfacet
 facet normal  1.619680e-01  9.867960e-01  0.000000e+00
   outer loop
     vertex  6.221590e+01  2.376626e+01  9.100000e+00
     vertex  6.224400e+01  2.376165e+01  9.100000e+00
     vertex  6.221590e+01  2.376626e+01  3.100000e+00
   endloop
 endfacet
 facet normal  1.886613e-01  9.820422e-01  6.479835e-20
   outer loop
     vertex  6.218795e+01  2.377164e+01  9.100000e+00
     vertex  6.221590e+01  2.376626e+01  9.100000e+00
     vertex  6.221590e+01  2.376626e+01  3.100000e+00
   endloop
 endfacet
 facet normal  1.886613e-01  9.820422e-01  0.000000e+00
   outer loop
     vertex  6.218795e+01  2.377164e+01  9.100000e+00
     vertex  6.221590e+01  2.376626e+01  3.100000e+00
     vertex  6.218795e+01  2.377164e+01  3.100000e+00
   endloop
 endfacet
 facet normal  2.152158e-01  9.765665e-01  0.000000e+00
   outer loop
     vertex  6.218795e+01  2.377164e+01  9.100000e+00
     vertex  6.218795e+01  2.377164e+01  3.100000e+00
     vertex  6.216014e+01  2.377776e+01  3.100000e+00
   endloop
 endfacet
 facet normal  2.152158e-01  9.765665e-01  0.000000e+00
   outer loop
     vertex  6.216014e+01  2.377776e+01  9.100000e+00
     vertex  6.218795e+01  2.377164e+01  9.100000e+00
     vertex  6.216014e+01  2.377776e+01  3.100000e+00
   endloop
 endfacet
 facet normal  2.416122e-01  9.703729e-01  0.000000e+00
   outer loop
     vertex  6.213252e+01  2.378464e+01  9.100000e+00
     vertex  6.216014e+01  2.377776e+01  3.100000e+00
     vertex  6.213252e+01  2.378464e+01  3.100000e+00
   endloop
 endfacet
 facet normal  2.416122e-01  9.703729e-01  7.589325e-20
   outer loop
     vertex  6.213252e+01  2.378464e+01  9.100000e+00
     vertex  6.216014e+01  2.377776e+01  9.100000e+00
     vertex  6.216014e+01  2.377776e+01  3.100000e+00
   endloop
 endfacet
 facet normal  2.678310e-01  9.634659e-01  0.000000e+00
   outer loop
     vertex  6.210509e+01  2.379227e+01  9.100000e+00
     vertex  6.213252e+01  2.378464e+01  3.100000e+00
     vertex  6.210509e+01  2.379227e+01  3.100000e+00
   endloop
 endfacet
 facet normal  2.938528e-01  9.558507e-01  0.000000e+00
   outer loop
     vertex  6.210509e+01  2.379227e+01  9.100000e+00
     vertex  6.210509e+01  2.379227e+01  3.100000e+00
     vertex  6.207788e+01  2.380063e+01  3.100000e+00
   endloop
 endfacet
 facet normal  2.678310e-01  9.634659e-01 -3.900648e-20
   outer loop
     vertex  6.210509e+01  2.379227e+01  9.100000e+00
     vertex  6.213252e+01  2.378464e+01  9.100000e+00
     vertex  6.213252e+01  2.378464e+01  3.100000e+00
   endloop
 endfacet
 facet normal  2.938528e-01  9.558507e-01  0.000000e+00
   outer loop
     vertex  6.207788e+01  2.380063e+01  9.100000e+00
     vertex  6.210509e+01  2.379227e+01  9.100000e+00
     vertex  6.207788e+01  2.380063e+01  3.100000e+00
   endloop
 endfacet
 facet normal  3.196587e-01  9.475328e-01  0.000000e+00
   outer loop
     vertex  6.205090e+01  2.380973e+01  9.100000e+00
     vertex  6.207788e+01  2.380063e+01  3.100000e+00
     vertex  6.205090e+01  2.380973e+01  3.100000e+00
   endloop
 endfacet
 facet normal  3.196587e-01  9.475328e-01 -7.709063e-21
   outer loop
     vertex  6.205090e+01  2.380973e+01  9.100000e+00
     vertex  6.207788e+01  2.380063e+01  9.100000e+00
     vertex  6.207788e+01  2.380063e+01  3.100000e+00
   endloop
 endfacet
 facet normal  3.452296e-01  9.385183e-01  0.000000e+00
   outer loop
     vertex  6.202418e+01  2.381956e+01  9.100000e+00
     vertex  6.205090e+01  2.380973e+01  3.100000e+00
     vertex  6.202418e+01  2.381956e+01  3.100000e+00
   endloop
 endfacet
 facet normal  3.452296e-01  9.385183e-01  1.446171e-19
   outer loop
     vertex  6.202418e+01  2.381956e+01  9.100000e+00
     vertex  6.205090e+01  2.380973e+01  9.100000e+00
     vertex  6.205090e+01  2.380973e+01  3.100000e+00
   endloop
 endfacet
 facet normal  3.705466e-01  9.288139e-01  0.000000e+00
   outer loop
     vertex  6.199774e+01  2.383011e+01  9.100000e+00
     vertex  6.202418e+01  2.381956e+01  3.100000e+00
     vertex  6.199774e+01  2.383011e+01  3.100000e+00
   endloop
 endfacet
 facet normal  3.705466e-01  9.288139e-01  1.148609e-19
   outer loop
     vertex  6.199774e+01  2.383011e+01  9.100000e+00
     vertex  6.202418e+01  2.381956e+01  9.100000e+00
     vertex  6.202418e+01  2.381956e+01  3.100000e+00
   endloop
 endfacet
 facet normal  3.955913e-01  9.184267e-01  0.000000e+00
   outer loop
     vertex  6.197159e+01  2.384137e+01  9.100000e+00
     vertex  6.199774e+01  2.383011e+01  3.100000e+00
     vertex  6.197159e+01  2.384137e+01  3.100000e+00
   endloop
 endfacet
 facet normal  3.955913e-01  9.184267e-01 -8.998702e-20
   outer loop
     vertex  6.197159e+01  2.384137e+01  9.100000e+00
     vertex  6.199774e+01  2.383011e+01  9.100000e+00
     vertex  6.199774e+01  2.383011e+01  3.100000e+00
   endloop
 endfacet
 facet normal  4.203452e-01  9.073643e-01  0.000000e+00
   outer loop
     vertex  6.194576e+01  2.385334e+01  9.100000e+00
     vertex  6.197159e+01  2.384137e+01  3.100000e+00
     vertex  6.194576e+01  2.385334e+01  3.100000e+00
   endloop
 endfacet
 facet normal  4.447900e-01  8.956349e-01  0.000000e+00
   outer loop
     vertex  6.194576e+01  2.385334e+01  9.100000e+00
     vertex  6.194576e+01  2.385334e+01  3.100000e+00
     vertex  6.192026e+01  2.386600e+01  3.100000e+00
   endloop
 endfacet
 facet normal  4.203452e-01  9.073643e-01  7.518114e-20
   outer loop
     vertex  6.194576e+01  2.385334e+01  9.100000e+00
     vertex  6.197159e+01  2.384137e+01  9.100000e+00
     vertex  6.197159e+01  2.384137e+01  3.100000e+00
   endloop
 endfacet
 facet normal  4.447900e-01  8.956349e-01  0.000000e+00
   outer loop
     vertex  6.192026e+01  2.386600e+01  9.100000e+00
     vertex  6.194576e+01  2.385334e+01  9.100000e+00
     vertex  6.192026e+01  2.386600e+01  3.100000e+00
   endloop
 endfacet
 facet normal  4.689079e-01  8.832471e-01  0.000000e+00
   outer loop
     vertex  6.189512e+01  2.387935e+01  9.100000e+00
     vertex  6.192026e+01  2.386600e+01  3.100000e+00
     vertex  6.189512e+01  2.387935e+01  3.100000e+00
   endloop
 endfacet
 facet normal  4.689079e-01  8.832471e-01 -1.057496e-19
   outer loop
     vertex  6.189512e+01  2.387935e+01  9.100000e+00
     vertex  6.192026e+01  2.386600e+01  9.100000e+00
     vertex  6.192026e+01  2.386600e+01  3.100000e+00
   endloop
 endfacet
 facet normal  4.926811e-01  8.702100e-01  0.000000e+00
   outer loop
     vertex  6.187035e+01  2.389338e+01  9.100000e+00
     vertex  6.189512e+01  2.387935e+01  3.100000e+00
     vertex  6.187035e+01  2.389338e+01  3.100000e+00
   endloop
 endfacet
 facet normal  4.926811e-01  8.702100e-01  1.090294e-19
   outer loop
     vertex  6.187035e+01  2.389338e+01  9.100000e+00
     vertex  6.189512e+01  2.387935e+01  9.100000e+00
     vertex  6.189512e+01  2.387935e+01  3.100000e+00
   endloop
 endfacet
 facet normal  5.160920e-01  8.565331e-01  0.000000e+00
   outer loop
     vertex  6.184596e+01  2.390807e+01  9.100000e+00
     vertex  6.187035e+01  2.389338e+01  3.100000e+00
     vertex  6.184596e+01  2.390807e+01  3.100000e+00
   endloop
 endfacet
 facet normal  5.160920e-01  8.565331e-01  3.709512e-20
   outer loop
     vertex  6.184596e+01  2.390807e+01  9.100000e+00
     vertex  6.187035e+01  2.389338e+01  9.100000e+00
     vertex  6.187035e+01  2.389338e+01  3.100000e+00
   endloop
 endfacet
 facet normal  5.391236e-01  8.422266e-01  0.000000e+00
   outer loop
     vertex  6.182198e+01  2.392342e+01  9.100000e+00
     vertex  6.184596e+01  2.390807e+01  3.100000e+00
     vertex  6.182198e+01  2.392342e+01  3.100000e+00
   endloop
 endfacet
 facet normal  5.391236e-01  8.422266e-01 -4.231029e-20
   outer loop
     vertex  6.182198e+01  2.392342e+01  9.100000e+00
     vertex  6.184596e+01  2.390807e+01  9.100000e+00
     vertex  6.184596e+01  2.390807e+01  3.100000e+00
   endloop
 endfacet
 facet normal  5.617589e-01  8.273010e-01  0.000000e+00
   outer loop
     vertex  6.179843e+01  2.393941e+01  9.100000e+00
     vertex  6.182198e+01  2.392342e+01  3.100000e+00
     vertex  6.179843e+01  2.393941e+01  3.100000e+00
   endloop
 endfacet
 facet normal  5.617589e-01  8.273010e-01  7.230931e-20
   outer loop
     vertex  6.179843e+01  2.393941e+01  9.100000e+00
     vertex  6.182198e+01  2.392342e+01  9.100000e+00
     vertex  6.182198e+01  2.392342e+01  3.100000e+00
   endloop
 endfacet
 facet normal  5.839812e-01  8.117672e-01  0.000000e+00
   outer loop
     vertex  6.177532e+01  2.395604e+01  9.100000e+00
     vertex  6.179843e+01  2.393941e+01  3.100000e+00
     vertex  6.177532e+01  2.395604e+01  3.100000e+00
   endloop
 endfacet
 facet normal  5.839812e-01  8.117672e-01 -2.880154e-21
   outer loop
     vertex  6.177532e+01  2.395604e+01  9.100000e+00
     vertex  6.179843e+01  2.393941e+01  9.100000e+00
     vertex  6.179843e+01  2.393941e+01  3.100000e+00
   endloop
 endfacet
 facet normal  6.057742e-01  7.956366e-01  0.000000e+00
   outer loop
     vertex  6.175267e+01  2.397328e+01  9.100000e+00
     vertex  6.177532e+01  2.395604e+01  3.100000e+00
     vertex  6.175267e+01  2.397328e+01  3.100000e+00
   endloop
 endfacet
 facet normal  6.057742e-01  7.956366e-01  1.341980e-19
   outer loop
     vertex  6.175267e+01  2.397328e+01  9.100000e+00
     vertex  6.177532e+01  2.395604e+01  9.100000e+00
     vertex  6.177532e+01  2.395604e+01  3.100000e+00
   endloop
 endfacet
 facet normal  6.271218e-01  7.789212e-01  0.000000e+00
   outer loop
     vertex  6.173050e+01  2.399113e+01  9.100000e+00
     vertex  6.175267e+01  2.397328e+01  3.100000e+00
     vertex  6.173050e+01  2.399113e+01  3.100000e+00
   endloop
 endfacet
 facet normal  6.271218e-01  7.789212e-01  6.028670e-20
   outer loop
     vertex  6.173050e+01  2.399113e+01  9.100000e+00
     vertex  6.175267e+01  2.397328e+01  9.100000e+00
     vertex  6.175267e+01  2.397328e+01  3.100000e+00
   endloop
 endfacet
 facet normal  6.480085e-01  7.616331e-01  0.000000e+00
   outer loop
     vertex  6.170881e+01  2.400958e+01  9.100000e+00
     vertex  6.173050e+01  2.399113e+01  3.100000e+00
     vertex  6.170881e+01  2.400958e+01  3.100000e+00
   endloop
 endfacet
 facet normal  6.684188e-01  7.437851e-01  0.000000e+00
   outer loop
     vertex  6.170881e+01  2.400958e+01  9.100000e+00
     vertex  6.170881e+01  2.400958e+01  3.100000e+00
     vertex  6.168764e+01  2.402861e+01  3.100000e+00
   endloop
 endfacet
 facet normal  6.480085e-01  7.616331e-01 -1.057773e-19
   outer loop
     vertex  6.170881e+01  2.400958e+01  9.100000e+00
     vertex  6.173050e+01  2.399113e+01  9.100000e+00
     vertex  6.173050e+01  2.399113e+01  3.100000e+00
   endloop
 endfacet
 facet normal  6.883377e-01  7.253904e-01  0.000000e+00
   outer loop
     vertex  6.168764e+01  2.402861e+01  9.100000e+00
     vertex  6.168764e+01  2.402861e+01  3.100000e+00
     vertex  6.166699e+01  2.404821e+01  3.100000e+00
   endloop
 endfacet
 facet normal  6.684188e-01  7.437851e-01  0.000000e+00
   outer loop
     vertex  6.168764e+01  2.402861e+01  9.100000e+00
     vertex  6.170881e+01  2.400958e+01  9.100000e+00
     vertex  6.168764e+01  2.402861e+01  3.100000e+00
   endloop
 endfacet
 facet normal  6.883377e-01  7.253904e-01  0.000000e+00
   outer loop
     vertex  6.166699e+01  2.404821e+01  9.100000e+00
     vertex  6.168764e+01  2.402861e+01  9.100000e+00
     vertex  6.166699e+01  2.404821e+01  3.100000e+00
   endloop
 endfacet
 facet normal  7.077506e-01  7.064624e-01  0.000000e+00
   outer loop
     vertex  6.164687e+01  2.406836e+01  9.100000e+00
     vertex  6.166699e+01  2.404821e+01  3.100000e+00
     vertex  6.164687e+01  2.406836e+01  3.100000e+00
   endloop
 endfacet
 facet normal  7.266432e-01  6.870150e-01  0.000000e+00
   outer loop
     vertex  6.164687e+01  2.406836e+01  9.100000e+00
     vertex  6.164687e+01  2.406836e+01  3.100000e+00
     vertex  6.162732e+01  2.408904e+01  3.100000e+00
   endloop
 endfacet
 facet normal  7.077506e-01  7.064624e-01 -1.199736e-19
   outer loop
     vertex  6.164687e+01  2.406836e+01  9.100000e+00
     vertex  6.166699e+01  2.404821e+01  9.100000e+00
     vertex  6.166699e+01  2.404821e+01  3.100000e+00
   endloop
 endfacet
 facet normal  7.266432e-01  6.870150e-01  0.000000e+00
   outer loop
     vertex  6.162732e+01  2.408904e+01  9.100000e+00
     vertex  6.164687e+01  2.406836e+01  9.100000e+00
     vertex  6.162732e+01  2.408904e+01  3.100000e+00
   endloop
 endfacet
 facet normal  7.450016e-01  6.670627e-01  0.000000e+00
   outer loop
     vertex  6.160832e+01  2.411025e+01  9.100000e+00
     vertex  6.162732e+01  2.408904e+01  3.100000e+00
     vertex  6.160832e+01  2.411025e+01  3.100000e+00
   endloop
 endfacet
 facet normal  7.450016e-01  6.670627e-01 -1.484478e-19
   outer loop
     vertex  6.160832e+01  2.411025e+01  9.100000e+00
     vertex  6.162732e+01  2.408904e+01  9.100000e+00
     vertex  6.162732e+01  2.408904e+01  3.100000e+00
   endloop
 endfacet
 facet normal  7.628124e-01  6.466199e-01  1.036813e-19
   outer loop
     vertex  6.158992e+01  2.413197e+01  9.100000e+00
     vertex  6.160832e+01  2.411025e+01  9.100000e+00
     vertex  6.160832e+01  2.411025e+01  3.100000e+00
   endloop
 endfacet
 facet normal  7.628124e-01  6.466199e-01  0.000000e+00
   outer loop
     vertex  6.158992e+01  2.413197e+01  9.100000e+00
     vertex  6.160832e+01  2.411025e+01  3.100000e+00
     vertex  6.158992e+01  2.413197e+01  3.100000e+00
   endloop
 endfacet
 facet normal  7.800624e-01  6.257018e-01 -4.295554e-20
   outer loop
     vertex  6.157210e+01  2.415418e+01  9.100000e+00
     vertex  6.158992e+01  2.413197e+01  9.100000e+00
     vertex  6.158992e+01  2.413197e+01  3.100000e+00
   endloop
 endfacet
 facet normal  7.800624e-01  6.257018e-01  0.000000e+00
   outer loop
     vertex  6.157210e+01  2.415418e+01  9.100000e+00
     vertex  6.158992e+01  2.413197e+01  3.100000e+00
     vertex  6.157210e+01  2.415418e+01  3.100000e+00
   endloop
 endfacet
 facet normal  7.967389e-01  6.043237e-01 -1.351777e-19
   outer loop
     vertex  6.155490e+01  2.417686e+01  9.100000e+00
     vertex  6.157210e+01  2.415418e+01  9.100000e+00
     vertex  6.157210e+01  2.415418e+01  3.100000e+00
   endloop
 endfacet
 facet normal  7.967389e-01  6.043237e-01  0.000000e+00
   outer loop
     vertex  6.155490e+01  2.417686e+01  9.100000e+00
     vertex  6.157210e+01  2.415418e+01  3.100000e+00
     vertex  6.155490e+01  2.417686e+01  3.100000e+00
   endloop
 endfacet
 facet normal  8.128297e-01  5.825013e-01  1.235587e-19
   outer loop
     vertex  6.153832e+01  2.420000e+01  9.100000e+00
     vertex  6.155490e+01  2.417686e+01  9.100000e+00
     vertex  6.155490e+01  2.417686e+01  3.100000e+00
   endloop
 endfacet
 facet normal  8.128297e-01  5.825013e-01  0.000000e+00
   outer loop
     vertex  6.153832e+01  2.420000e+01  9.100000e+00
     vertex  6.155490e+01  2.417686e+01  3.100000e+00
     vertex  6.153832e+01  2.420000e+01  3.100000e+00
   endloop
 endfacet
 facet normal  0.000000e+00  0.000000e+00 -1.000000e+00
   outer loop
     vertex  6.324510e+01  2.417686e+01  9.100000e+00
     vertex  6.322790e+01  2.415418e+01  9.100000e+00
     vertex  6.321008e+01  2.413197e+01  9.100000e+00
   endloop
 endfacet
 facet normal  0.000000e+00  0.000000e+00 -1.000000e+00
   outer loop
     vertex  6.324510e+01  2.417686e+01  9.100000e+00
     vertex  6.321008e+01  2.413197e+01  9.100000e+00
     vertex  6.319168e+01  2.411025e+01  9.100000e+00
   endloop
 endfacet
 facet normal  0.000000e+00  0.000000e+00 -1.000000e+00
   outer loop
     vertex  6.324510e+01  2.417686e+01  9.100000e+00
     vertex  6.319168e+01  2.411025e+01  9.100000e+00
     vertex  6.317268e+01  2.408904e+01  9.100000e+00
   endloop
 endfacet
 facet normal  0.000000e+00  0.000000e+00 -1.000000e+00
   outer loop
     vertex  6.324510e+01  2.417686e+01  9.100000e+00
     vertex  6.317268e+01  2.408904e+01  9.100000e+00
     vertex  6.315313e+01  2.406836e+01  9.100000e+00
   endloop
 endfacet
 facet normal  0.000000e+00  0.000000e+00 -1.000000e+00
   outer loop
     vertex  6.292965e+01  2.389338e+01  9.100000e+00
     vertex  6.297802e+01  2.392342e+01  9.100000e+00
     vertex  6.295404e+01  2.390807e+01  9.100000e+00
   endloop
 endfacet
 facet normal  0.000000e+00  0.000000e+00 -1.000000e+00
   outer loop
     vertex  6.263986e+01  2.377776e+01  9.100000e+00
     vertex  6.269491e+01  2.379227e+01  9.100000e+00
     vertex  6.266748e+01  2.378464e+01  9.100000e+00
   endloop
 endfacet
 facet normal  0.000000e+00  0.000000e+00 -1.000000e+00
   outer loop
     vertex  6.255600e+01  2.376165e+01  9.100000e+00
     vertex  6.261205e+01  2.377164e+01  9.100000e+00
     vertex  6.258410e+01  2.376626e+01  9.100000e+00
   endloop
 endfacet
 facet normal  0.000000e+00  0.000000e+00 -1.000000e+00
   outer loop
     vertex  6.247112e+01  2.375241e+01  9.100000e+00
     vertex  6.255600e+01  2.376165e+01  9.100000e+00
     vertex  6.252780e+01  2.375781e+01  9.100000e+00
   endloop
 endfacet
 facet normal  0.000000e+00  0.000000e+00 -1.000000e+00
   outer loop
     vertex  6.247112e+01  2.375241e+01  9.100000e+00
     vertex  6.252780e+01  2.375781e+01  9.100000e+00
     vertex  6.249949e+01  2.375472e+01  9.100000e+00
   endloop
 endfacet
 facet normal  0.000000e+00  0.000000e+00 -1.000000e+00
   outer loop
     vertex  6.221590e+01  2.376626e+01  9.100000e+00
     vertex  6.227220e+01  2.375781e+01  9.100000e+00
     vertex  6.224400e+01  2.376165e+01  9.100000e+00
   endloop
 endfacet
 facet normal  0.000000e+00  0.000000e+00 -1.000000e+00
   outer loop
     vertex  6.213252e+01  2.378464e+01  9.100000e+00
     vertex  6.221590e+01  2.376626e+01  9.100000e+00
     vertex  6.218795e+01  2.377164e+01  9.100000e+00
   endloop
 endfacet
 facet normal  0.000000e+00  0.000000e+00 -1.000000e+00
   outer loop
     vertex  6.213252e+01  2.378464e+01  9.100000e+00
     vertex  6.218795e+01  2.377164e+01  9.100000e+00
     vertex  6.216014e+01  2.377776e+01  9.100000e+00
   endloop
 endfacet
 facet normal  0.000000e+00  0.000000e+00 -1.000000e+00
   outer loop
     vertex  6.205090e+01  2.380973e+01  9.100000e+00
     vertex  6.210509e+01  2.379227e+01  9.100000e+00
     vertex  6.207788e+01  2.380063e+01  9.100000e+00
   endloop
 endfacet
 facet normal  0.000000e+00  0.000000e+00 -1.000000e+00
   outer loop
     vertex  6.202418e+01  2.381956e+01  9.100000e+00
     vertex  6.213252e+01  2.378464e+01  9.100000e+00
     vertex  6.210509e+01  2.379227e+01  9.100000e+00
   endloop
 endfacet
 facet normal  0.000000e+00  0.000000e+00 -1.000000e+00
   outer loop
     vertex  6.202418e+01  2.381956e+01  9.100000e+00
     vertex  6.210509e+01  2.379227e+01  9.100000e+00
     vertex  6.205090e+01  2.380973e+01  9.100000e+00
   endloop
 endfacet
 facet normal  0.000000e+00  0.000000e+00 -1.000000e+00
   outer loop
     vertex  6.194576e+01  2.385334e+01  9.100000e+00
     vertex  6.199774e+01  2.383011e+01  9.100000e+00
     vertex  6.197159e+01  2.384137e+01  9.100000e+00
   endloop
 endfacet
 facet normal  0.000000e+00  0.000000e+00 -1.000000e+00
   outer loop
     vertex  6.187035e+01  2.389338e+01  9.100000e+00
     vertex  6.194576e+01  2.385334e+01  9.100000e+00
     vertex  6.192026e+01  2.386600e+01  9.100000e+00
   endloop
 endfacet
 facet normal  0.000000e+00  0.000000e+00 -1.000000e+00
   outer loop
     vertex  6.187035e+01  2.389338e+01  9.100000e+00
     vertex  6.192026e+01  2.386600e+01  9.100000e+00
     vertex  6.189512e+01  2.387935e+01  9.100000e+00
   endloop
 endfacet
 facet normal  0.000000e+00  0.000000e+00 -1.000000e+00
   outer loop
     vertex  6.187035e+01  2.389338e+01  9.100000e+00
     vertex  6.199774e+01  2.383011e+01  9.100000e+00
     vertex  6.194576e+01  2.385334e+01  9.100000e+00
   endloop
 endfacet
 facet normal  0.000000e+00  0.000000e+00 -1.000000e+00
   outer loop
     vertex  6.182198e+01  2.392342e+01  9.100000e+00
     vertex  6.187035e+01  2.389338e+01  9.100000e+00
     vertex  6.184596e+01  2.390807e+01  9.100000e+00
   endloop
 endfacet
 facet normal  0.000000e+00  0.000000e+00 -1.000000e+00
   outer loop
     vertex  6.179843e+01  2.393941e+01  9.100000e+00
     vertex  6.187035e+01  2.389338e+01  9.100000e+00
     vertex  6.182198e+01  2.392342e+01  9.100000e+00
   endloop
 endfacet
 facet normal  0.000000e+00  0.000000e+00 -1.000000e+00
   outer loop
     vertex  6.177532e+01  2.395604e+01  9.100000e+00
     vertex  6.202418e+01  2.381956e+01  9.100000e+00
     vertex  6.199774e+01  2.383011e+01  9.100000e+00
   endloop
 endfacet
 facet normal  0.000000e+00  0.000000e+00 -1.000000e+00
   outer loop
     vertex  6.177532e+01  2.395604e+01  9.100000e+00
     vertex  6.199774e+01  2.383011e+01  9.100000e+00
     vertex  6.187035e+01  2.389338e+01  9.100000e+00
   endloop
 endfacet
 facet normal  0.000000e+00  0.000000e+00 -1.000000e+00
   outer loop
     vertex  6.177532e+01  2.395604e+01  9.100000e+00
     vertex  6.187035e+01  2.389338e+01  9.100000e+00
     vertex  6.179843e+01  2.393941e+01  9.100000e+00
   endloop
 endfacet
 facet normal  0.000000e+00  0.000000e+00 -1.000000e+00
   outer loop
     vertex  6.173050e+01  2.399113e+01  9.100000e+00
     vertex  6.177532e+01  2.395604e+01  9.100000e+00
     vertex  6.175267e+01  2.397328e+01  9.100000e+00
   endloop
 endfacet
 facet normal  0.000000e+00  0.000000e+00 -1.000000e+00
   outer loop
     vertex  6.170881e+01  2.400958e+01  9.100000e+00
     vertex  6.177532e+01  2.395604e+01  9.100000e+00
     vertex  6.173050e+01  2.399113e+01  9.100000e+00
   endloop
 endfacet
 facet normal  0.000000e+00  0.000000e+00 -1.000000e+00
   outer loop
     vertex  6.168764e+01  2.402861e+01  9.100000e+00
     vertex  6.177532e+01  2.395604e+01  9.100000e+00
     vertex  6.170881e+01  2.400958e+01  9.100000e+00
   endloop
 endfacet
 facet normal  0.000000e+00  0.000000e+00 -1.000000e+00
   outer loop
     vertex  6.164687e+01  2.406836e+01  9.100000e+00
     vertex  6.177532e+01  2.395604e+01  9.100000e+00
     vertex  6.168764e+01  2.402861e+01  9.100000e+00
   endloop
 endfacet
 facet normal  0.000000e+00  0.000000e+00 -1.000000e+00
   outer loop
     vertex  6.164687e+01  2.406836e+01  9.100000e+00
     vertex  6.168764e+01  2.402861e+01  9.100000e+00
     vertex  6.166699e+01  2.404821e+01  9.100000e+00
   endloop
 endfacet
 facet normal  0.000000e+00  0.000000e+00 -1.000000e+00
   outer loop
     vertex  6.160832e+01  2.411025e+01  9.100000e+00
     vertex  6.164687e+01  2.406836e+01  9.100000e+00
     vertex  6.162732e+01  2.408904e+01  9.100000e+00
   endloop
 endfacet
 facet normal  0.000000e+00  0.000000e+00 -1.000000e+00
   outer loop
     vertex  6.158992e+01  2.413197e+01  9.100000e+00
     vertex  6.177532e+01  2.395604e+01  9.100000e+00
     vertex  6.164687e+01  2.406836e+01  9.100000e+00
   endloop
 endfacet
 facet normal  0.000000e+00  0.000000e+00 -1.000000e+00
   outer loop
     vertex  6.158992e+01  2.413197e+01  9.100000e+00
     vertex  6.164687e+01  2.406836e+01  9.100000e+00
     vertex  6.160832e+01  2.411025e+01  9.100000e+00
   endloop
 endfacet
 facet normal  0.000000e+00  0.000000e+00 -1.000000e+00
   outer loop
     vertex  6.155490e+01  2.417686e+01  9.100000e+00
     vertex  6.297802e+01  2.392342e+01  9.100000e+00
     vertex  6.292965e+01  2.389338e+01  9.100000e+00
   endloop
 endfacet
 facet normal  0.000000e+00  0.000000e+00 -1.000000e+00
   outer loop
     vertex  6.155490e+01  2.417686e+01  9.100000e+00
     vertex  6.315313e+01  2.406836e+01  9.100000e+00
     vertex  6.313301e+01  2.404821e+01  9.100000e+00
   endloop
 endfacet
 facet normal  0.000000e+00  0.000000e+00 -1.000000e+00
   outer loop
     vertex  6.155490e+01  2.417686e+01  9.100000e+00
     vertex  6.313301e+01  2.404821e+01  9.100000e+00
     vertex  6.311236e+01  2.402861e+01  9.100000e+00
   endloop
 endfacet
 facet normal  0.000000e+00  0.000000e+00 -1.000000e+00
   outer loop
     vertex  6.155490e+01  2.417686e+01  9.100000e+00
     vertex  6.311236e+01  2.402861e+01  9.100000e+00
     vertex  6.309119e+01  2.400958e+01  9.100000e+00
   endloop
 endfacet
 facet normal  0.000000e+00  0.000000e+00 -1.000000e+00
   outer loop
     vertex  6.155490e+01  2.417686e+01  9.100000e+00
     vertex  6.309119e+01  2.400958e+01  9.100000e+00
     vertex  6.306950e+01  2.399113e+01  9.100000e+00
   endloop
 endfacet
 facet normal  0.000000e+00  0.000000e+00 -1.000000e+00
   outer loop
     vertex  6.155490e+01  2.417686e+01  9.100000e+00
     vertex  6.306950e+01  2.399113e+01  9.100000e+00
     vertex  6.304733e+01  2.397328e+01  9.100000e+00
   endloop
 endfacet
 facet normal  0.000000e+00  0.000000e+00 -1.000000e+00
   outer loop
     vertex  6.155490e+01  2.417686e+01  9.100000e+00
     vertex  6.304733e+01  2.397328e+01  9.100000e+00
     vertex  6.302468e+01  2.395604e+01  9.100000e+00
   endloop
 endfacet
 facet normal  0.000000e+00  0.000000e+00 -1.000000e+00
   outer loop
     vertex  6.155490e+01  2.417686e+01  9.100000e+00
     vertex  6.302468e+01  2.395604e+01  9.100000e+00
     vertex  6.300157e+01  2.393941e+01  9.100000e+00
   endloop
 endfacet
 facet normal  0.000000e+00  0.000000e+00 -1.000000e+00
   outer loop
     vertex  6.155490e+01  2.417686e+01  9.100000e+00
     vertex  6.300157e+01  2.393941e+01  9.100000e+00
     vertex  6.297802e+01  2.392342e+01  9.100000e+00
   endloop
 endfacet
 facet normal  0.000000e+00  0.000000e+00 -1.000000e+00
   outer loop
     vertex  6.155490e+01  2.417686e+01  9.100000e+00
     vertex  6.292965e+01  2.389338e+01  9.100000e+00
     vertex  6.290488e+01  2.387935e+01  9.100000e+00
   endloop
 endfacet
 facet normal  0.000000e+00  0.000000e+00 -1.000000e+00
   outer loop
     vertex  6.155490e+01  2.417686e+01  9.100000e+00
     vertex  6.290488e+01  2.387935e+01  9.100000e+00
     vertex  6.287974e+01  2.386600e+01  9.100000e+00
   endloop
 endfacet
 facet normal  0.000000e+00  0.000000e+00 -1.000000e+00
   outer loop
     vertex  6.155490e+01  2.417686e+01  9.100000e+00
     vertex  6.287974e+01  2.386600e+01  9.100000e+00
     vertex  6.285424e+01  2.385334e+01  9.100000e+00
   endloop
 endfacet
 facet normal  0.000000e+00  0.000000e+00 -1.000000e+00
   outer loop
     vertex  6.155490e+01  2.417686e+01  9.100000e+00
     vertex  6.285424e+01  2.385334e+01  9.100000e+00
     vertex  6.282841e+01  2.384137e+01  9.100000e+00
   endloop
 endfacet
 facet normal  0.000000e+00  0.000000e+00 -1.000000e+00
   outer loop
     vertex  6.155490e+01  2.417686e+01  9.100000e+00
     vertex  6.282841e+01  2.384137e+01  9.100000e+00
     vertex  6.280226e+01  2.383011e+01  9.100000e+00
   endloop
 endfacet
 facet normal  0.000000e+00  0.000000e+00 -1.000000e+00
   outer loop
     vertex  6.155490e+01  2.417686e+01  9.100000e+00
     vertex  6.280226e+01  2.383011e+01  9.100000e+00
     vertex  6.277582e+01  2.381956e+01  9.100000e+00
   endloop
 endfacet
 facet normal  0.000000e+00  0.000000e+00 -1.000000e+00
   outer loop
     vertex  6.155490e+01  2.417686e+01  9.100000e+00
     vertex  6.261205e+01  2.377164e+01  9.100000e+00
     vertex  6.255600e+01  2.376165e+01  9.100000e+00
   endloop
 endfacet
 facet normal  0.000000e+00  0.000000e+00 -1.000000e+00
   outer loop
     vertex  6.155490e+01  2.417686e+01  9.100000e+00
     vertex  6.277582e+01  2.381956e+01  9.100000e+00
     vertex  6.274910e+01  2.380973e+01  9.100000e+00
   endloop
 endfacet
 facet normal  0.000000e+00  0.000000e+00 -1.000000e+00
   outer loop
     vertex  6.155490e+01  2.417686e+01  9.100000e+00
     vertex  6.274910e+01  2.380973e+01  9.100000e+00
     vertex  6.272212e+01  2.380063e+01  9.100000e+00
   endloop
 endfacet
 facet normal  0.000000e+00  0.000000e+00 -1.000000e+00
   outer loop
     vertex  6.155490e+01  2.417686e+01  9.100000e+00
     vertex  6.269491e+01  2.379227e+01  9.100000e+00
     vertex  6.263986e+01  2.377776e+01  9.100000e+00
   endloop
 endfacet
 facet normal  0.000000e+00  0.000000e+00 -1.000000e+00
   outer loop
     vertex  6.155490e+01  2.417686e+01  9.100000e+00
     vertex  6.272212e+01  2.380063e+01  9.100000e+00
     vertex  6.269491e+01  2.379227e+01  9.100000e+00
   endloop
 endfacet
 facet normal  0.000000e+00  0.000000e+00 -1.000000e+00
   outer loop
     vertex  6.155490e+01  2.417686e+01  9.100000e+00
     vertex  6.263986e+01  2.377776e+01  9.100000e+00
     vertex  6.261205e+01  2.377164e+01  9.100000e+00
   endloop
 endfacet
 facet normal  0.000000e+00  0.000000e+00 -1.000000e+00
   outer loop
     vertex  6.155490e+01  2.417686e+01  9.100000e+00
     vertex  6.247112e+01  2.375241e+01  9.100000e+00
     vertex  6.244269e+01  2.375087e+01  9.100000e+00
   endloop
 endfacet
 facet normal  0.000000e+00  0.000000e+00 -1.000000e+00
   outer loop
     vertex  6.155490e+01  2.417686e+01  9.100000e+00
     vertex  6.244269e+01  2.375087e+01  9.100000e+00
     vertex  6.241423e+01  2.375010e+01  9.100000e+00
   endloop
 endfacet
 facet normal  0.000000e+00  0.000000e+00 -1.000000e+00
   outer loop
     vertex  6.155490e+01  2.417686e+01  9.100000e+00
     vertex  6.241423e+01  2.375010e+01  9.100000e+00
     vertex  6.238577e+01  2.375010e+01  9.100000e+00
   endloop
 endfacet
 facet normal  0.000000e+00  0.000000e+00 -1.000000e+00
   outer loop
     vertex  6.155490e+01  2.417686e+01  9.100000e+00
     vertex  6.238577e+01  2.375010e+01  9.100000e+00
     vertex  6.235731e+01  2.375087e+01  9.100000e+00
   endloop
 endfacet
 facet normal  0.000000e+00  0.000000e+00 -1.000000e+00
   outer loop
     vertex  6.155490e+01  2.417686e+01  9.100000e+00
     vertex  6.235731e+01  2.375087e+01  9.100000e+00
     vertex  6.232888e+01  2.375241e+01  9.100000e+00
   endloop
 endfacet
 facet normal  0.000000e+00  0.000000e+00 -1.000000e+00
   outer loop
     vertex  6.155490e+01  2.417686e+01  9.100000e+00
     vertex  6.232888e+01  2.375241e+01  9.100000e+00
     vertex  6.230051e+01  2.375472e+01  9.100000e+00
   endloop
 endfacet
 facet normal  0.000000e+00  0.000000e+00 -1.000000e+00
   outer loop
     vertex  6.155490e+01  2.417686e+01  9.100000e+00
     vertex  6.177532e+01  2.395604e+01  9.100000e+00
     vertex  6.158992e+01  2.413197e+01  9.100000e+00
   endloop
 endfacet
 facet normal  0.000000e+00  0.000000e+00 -1.000000e+00
   outer loop
     vertex  6.155490e+01  2.417686e+01  9.100000e+00
     vertex  6.230051e+01  2.375472e+01  9.100000e+00
     vertex  6.227220e+01  2.375781e+01  9.100000e+00
   endloop
 endfacet
 facet normal  0.000000e+00  0.000000e+00 -1.000000e+00
   outer loop
     vertex  6.155490e+01  2.417686e+01  9.100000e+00
     vertex  6.227220e+01  2.375781e+01  9.100000e+00
     vertex  6.221590e+01  2.376626e+01  9.100000e+00
   endloop
 endfacet
 facet normal  0.000000e+00  0.000000e+00 -1.000000e+00
   outer loop
     vertex  6.155490e+01  2.417686e+01  9.100000e+00
     vertex  6.221590e+01  2.376626e+01  9.100000e+00
     vertex  6.213252e+01  2.378464e+01  9.100000e+00
   endloop
 endfacet
 facet normal  0.000000e+00  0.000000e+00 -1.000000e+00
   outer loop
     vertex  6.155490e+01  2.417686e+01  9.100000e+00
     vertex  6.158992e+01  2.413197e+01  9.100000e+00
     vertex  6.157210e+01  2.415418e+01  9.100000e+00
   endloop
 endfacet
 facet normal  0.000000e+00  0.000000e+00 -1.000000e+00
   outer loop
     vertex  6.155490e+01  2.417686e+01  9.100000e+00
     vertex  6.213252e+01  2.378464e+01  9.100000e+00
     vertex  6.202418e+01  2.381956e+01  9.100000e+00
   endloop
 endfacet
 facet normal  0.000000e+00  0.000000e+00 -1.000000e+00
   outer loop
     vertex  6.155490e+01  2.417686e+01  9.100000e+00
     vertex  6.202418e+01  2.381956e+01  9.100000e+00
     vertex  6.177532e+01  2.395604e+01  9.100000e+00
   endloop
 endfacet
 facet normal  0.000000e+00  0.000000e+00 -1.000000e+00
   outer loop
     vertex  6.155490e+01  2.417686e+01  9.100000e+00
     vertex  6.324510e+01  2.417686e+01  9.100000e+00
     vertex  6.315313e+01  2.406836e+01  9.100000e+00
   endloop
 endfacet
 facet normal  0.000000e+00  0.000000e+00 -1.000000e+00
   outer loop
     vertex  6.155490e+01  2.417686e+01  9.100000e+00
     vertex  6.255600e+01  2.376165e+01  9.100000e+00
     vertex  6.247112e+01  2.375241e+01  9.100000e+00
   endloop
 endfacet
 facet normal  0.000000e+00  0.000000e+00 -1.000000e+00
   outer loop
     vertex  6.153832e+01  2.420000e+01  9.100000e+00
     vertex  6.326168e+01  2.420000e+01  9.100000e+00
     vertex  6.324510e+01  2.417686e+01  9.100000e+00
   endloop
 endfacet
 facet normal  0.000000e+00  0.000000e+00 -1.000000e+00
   outer loop
     vertex  6.153832e+01  2.420000e+01  9.100000e+00
     vertex  6.324510e+01  2.417686e+01  9.100000e+00
     vertex  6.155490e+01  2.417686e+01  9.100000e+00
   endloop
 endfacet
 facet normal  0.000000e+00  0.000000e+00  1.000000e+00
   outer loop
     vertex  6.640000e+01  2.240000e+01  3.300000e+00
     vertex  0.000000e+00  2.240000e+01  3.300000e+00
     vertex  0.000000e+00  2.120000e+01  3.300000e+00
   endloop
 endfacet
 facet normal  0.000000e+00  0.000000e+00  1.000000e+00
   outer loop
     vertex  6.640000e+01  2.240000e+01  3.300000e+00
     vertex  0.000000e+00  2.120000e+01  3.300000e+00
     vertex  6.640000e+01  2.120000e+01  3.300000e+00
   endloop
 endfacet
 facet normal  0.000000e+00  0.000000e+00  1.000000e+00
   outer loop
     vertex  6.640000e+01  2.120000e+01  1.800000e+00
     vertex  0.000000e+00  2.120000e+01  1.800000e+00
     vertex  0.000000e+00  3.000000e+00  1.800000e+00
   endloop
 endfacet
 facet normal  0.000000e+00  0.000000e+00  1.000000e+00
   outer loop
     vertex  6.640000e+01  2.120000e+01  1.800000e+00
     vertex  0.000000e+00  3.000000e+00  1.800000e+00
     vertex  6.640000e+01  3.000000e+00  1.800000e+00
   endloop
 endfacet
 facet normal  0.000000e+00 -1.000000e+00  0.000000e+00
   outer loop
     vertex  6.640000e+01  2.120000e+01  1.800000e+00
     vertex  0.000000e+00  2.120000e+01  3.300000e+00
     vertex  0.000000e+00  2.120000e+01  1.800000e+00
   endloop
 endfacet
 facet normal -0.000000e+00 -1.000000e+00 -0.000000e+00
   outer loop
     vertex  6.640000e+01  2.120000e+01  3.300000e+00
     vertex  0.000000e+00  2.120000e+01  3.300000e+00
     vertex  6.640000e+01  2.120000e+01  1.800000e+00
   endloop
 endfacet
 facet normal  0.000000e+00  1.000000e+00  0.000000e+00
   outer loop
     vertex  6.640000e+01  3.000000e+00  1.800000e+00
     vertex  0.000000e+00  3.000000e+00  1.800000e+00
     vertex  0.000000e+00  3.000000e+00  3.300000e+00
   endloop
 endfacet
 facet normal  0.000000e+00  1.000000e+00  0.000000e+00
   outer loop
     vertex  6.640000e+01  3.000000e+00  3.300000e+00
     vertex  6.640000e+01  3.000000e+00  1.800000e+00
     vertex  0.000000e+00  3.000000e+00  3.300000e+00
   endloop
 endfacet
 facet normal  0.000000e+00  0.000000e+00  1.000000e+00
   outer loop
     vertex  6.640000e+01  3.000000e+00  3.300000e+00
     vertex  0.000000e+00  3.000000e+00  3.300000e+00
     vertex  0.000000e+00  1.800000e+00  3.300000e+00
   endloop
 endfacet
 facet normal  0.000000e+00  0.000000e+00  1.000000e+00
   outer loop
     vertex  6.640000e+01  3.000000e+00  3.300000e+00
     vertex  0.000000e+00  1.800000e+00  3.300000e+00
     vertex  6.640000e+01  1.800000e+00  3.300000e+00
   endloop
 endfacet
 facet normal  0.000000e+00  0.000000e+00 -1.000000e+00
   outer loop
     vertex  5.640000e+01  2.140000e+01  5.100000e+00
     vertex  6.640000e+01  2.240000e+01  5.100000e+00
     vertex  6.640000e+01  2.140000e+01  5.100000e+00
   endloop
 endfacet
 facet normal  0.000000e+00  0.000000e+00 -1.000000e+00
   outer loop
     vertex  5.640000e+01  2.240000e+01  5.100000e+00
     vertex  6.640000e+01  2.240000e+01  5.100000e+00
     vertex  5.640000e+01  2.140000e+01  5.100000e+00
   endloop
 endfacet
 facet normal -1.000000e+00  0.000000e+00  0.000000e+00
   outer loop
     vertex  5.640000e+01  2.140000e+01  1.040000e+01
     vertex  5.640000e+01  2.240000e+01  5.100000e+00
     vertex  5.640000e+01  2.140000e+01  5.100000e+00
   endloop
 endfacet
 facet normal -1.000000e+00  0.000000e+00  0.000000e+00
   outer loop
     vertex  5.640000e+01  2.140000e+01  1.040000e+01
     vertex  5.640000e+01  2.240000e+01  1.040000e+01
     vertex  5.640000e+01  2.240000e+01  5.100000e+00
   endloop
 endfacet
 facet normal  1.000000e+00  0.000000e+00  0.000000e+00
   outer loop
     vertex  1.000000e+01  2.140000e+01  1.040000e+01
     vertex  1.000000e+01  2.140000e+01  5.100000e+00
     vertex  1.000000e+01  2.240000e+01  5.100000e+00
   endloop
 endfacet
 facet normal  1.000000e+00 -0.000000e+00  0.000000e+00
   outer loop
     vertex  1.000000e+01  2.140000e+01  1.040000e+01
     vertex  1.000000e+01  2.240000e+01  5.100000e+00
     vertex  1.000000e+01  2.240000e+01  1.040000e+01
   endloop
 endfacet
 facet normal  0.000000e+00  0.000000e+00 -1.000000e+00
   outer loop
     vertex  1.000000e+01  2.140000e+01  5.100000e+00
     vertex  0.000000e+00  2.140000e+01  5.100000e+00
     vertex  0.000000e+00  2.240000e+01  5.100000e+00
   endloop
 endfacet
 facet normal -0.000000e+00 -0.000000e+00 -1.000000e+00
   outer loop
     vertex  1.000000e+01  2.240000e+01  5.100000e+00
     vertex  1.000000e+01  2.140000e+01  5.100000e+00
     vertex  0.000000e+00  2.240000e+01  5.100000e+00
   endloop
 endfacet
 facet normal  0.000000e+00 -1.000000e+00 -0.000000e+00
   outer loop
     vertex  1.000000e+01  2.140000e+01  1.040000e+01
     vertex  0.000000e+00  2.140000e+01  5.100000e+00
     vertex  1.000000e+01  2.140000e+01  5.100000e+00
   endloop
 endfacet
 facet normal -0.000000e+00 -1.000000e+00  0.000000e+00
   outer loop
     vertex  1.000000e+01  2.140000e+01  1.040000e+01
     vertex  0.000000e+00  2.140000e+01  1.040000e+01
     vertex  0.000000e+00  2.140000e+01  5.100000e+00
   endloop
 endfacet
 facet normal  0.000000e+00 -1.000000e+00  0.000000e+00
   outer loop
     vertex  5.640000e+01  2.140000e+01  1.040000e+01
     vertex  5.640000e+01  2.140000e+01  5.100000e+00
     vertex  6.640000e+01  2.140000e+01  5.100000e+00
   endloop
 endfacet
 facet normal  0.000000e+00 -1.000000e+00  0.000000e+00
   outer loop
     vertex  5.640000e+01  2.140000e+01  1.040000e+01
     vertex  6.640000e+01  2.140000e+01  5.100000e+00
     vertex  6.640000e+01  2.140000e+01  1.040000e+01
   endloop
 endfacet
 facet normal  0.000000e+00  1.000000e+00  0.000000e+00
   outer loop
     vertex  1.000000e+01  2.800000e+00  1.040000e+01
     vertex  1.000000e+01  2.800000e+00  5.100000e+00
     vertex  0.000000e+00  2.800000e+00  5.100000e+00
   endloop
 endfacet
 facet normal  0.000000e+00  1.000000e+00  0.000000e+00
   outer loop
     vertex  1.000000e+01  2.800000e+00  1.040000e+01
     vertex  0.000000e+00  2.800000e+00  5.100000e+00
     vertex  0.000000e+00  2.800000e+00  1.040000e+01
   endloop
 endfacet
 facet normal  0.000000e+00  1.000000e+00  0.000000e+00
   outer loop
     vertex  5.640000e+01  2.800000e+00  1.040000e+01
     vertex  6.640000e+01  2.800000e+00  5.100000e+00
     vertex  5.640000e+01  2.800000e+00  5.100000e+00
   endloop
 endfacet
 facet normal -0.000000e+00  1.000000e+00  0.000000e+00
   outer loop
     vertex  5.640000e+01  2.800000e+00  1.040000e+01
     vertex  6.640000e+01  2.800000e+00  1.040000e+01
     vertex  6.640000e+01  2.800000e+00  5.100000e+00
   endloop
 endfacet
 facet normal  1.000000e+00  0.000000e+00  0.000000e+00
   outer loop
     vertex  1.000000e+01  1.800000e+00  1.040000e+01
     vertex  1.000000e+01  1.800000e+00  5.100000e+00
     vertex  1.000000e+01  2.800000e+00  5.100000e+00
   endloop
 endfacet
 facet normal  1.000000e+00 -0.000000e+00  0.000000e+00
   outer loop
     vertex  1.000000e+01  1.800000e+00  1.040000e+01
     vertex  1.000000e+01  2.800000e+00  5.100000e+00
     vertex  1.000000e+01  2.800000e+00  1.040000e+01
   endloop
 endfacet
 facet normal -1.000000e+00  0.000000e+00  0.000000e+00
   outer loop
     vertex  5.640000e+01  1.800000e+00  1.040000e+01
     vertex  5.640000e+01  2.800000e+00  5.100000e+00
     vertex  5.640000e+01  1.800000e+00  5.100000e+00
   endloop
 endfacet
 facet normal -1.000000e+00  0.000000e+00  0.000000e+00
   outer loop
     vertex  5.640000e+01  1.800000e+00  1.040000e+01
     vertex  5.640000e+01  2.800000e+00  1.040000e+01
     vertex  5.640000e+01  2.800000e+00  5.100000e+00
   endloop
 endfacet
 facet normal  0.000000e+00  0.000000e+00 -1.000000e+00
   outer loop
     vertex  1.000000e+01  1.800000e+00  5.100000e+00
     vertex  0.000000e+00  1.800000e+00  5.100000e+00
     vertex  0.000000e+00  2.800000e+00  5.100000e+00
   endloop
 endfacet
 facet normal -0.000000e+00 -0.000000e+00 -1.000000e+00
   outer loop
     vertex  1.000000e+01  2.800000e+00  5.100000e+00
     vertex  1.000000e+01  1.800000e+00  5.100000e+00
     vertex  0.000000e+00  2.800000e+00  5.100000e+00
   endloop
 endfacet
 facet normal  0.000000e+00  0.000000e+00 -1.000000e+00
   outer loop
     vertex  5.640000e+01  1.800000e+00  5.100000e+00
     vertex  6.640000e+01  2.800000e+00  5.100000e+00
     vertex  6.640000e+01  1.800000e+00  5.100000e+00
   endloop
 endfacet
 facet normal  0.000000e+00  0.000000e+00 -1.000000e+00
   outer loop
     vertex  5.640000e+01  2.800000e+00  5.100000e+00
     vertex  6.640000e+01  2.800000e+00  5.100000e+00
     vertex  5.640000e+01  1.800000e+00  5.100000e+00
   endloop
 endfacet
 facet normal -1.000000e+00  0.000000e+00 -0.000000e+00
   outer loop
     vertex  0.000000e+00  2.240000e+01  3.300000e+00
     vertex  0.000000e+00  2.420000e+01  0.000000e+00
     vertex  0.000000e+00  2.120000e+01  1.800000e+00
   endloop
 endfacet
 facet normal -1.000000e+00  0.000000e+00  0.000000e+00
   outer loop
     vertex  0.000000e+00  2.120000e+01  3.300000e+00
     vertex  0.000000e+00  2.240000e+01  3.300000e+00
     vertex  0.000000e+00  2.120000e+01  1.800000e+00
   endloop
 endfacet
 facet normal -1.000000e+00  0.000000e+00  0.000000e+00
   outer loop
     vertex  0.000000e+00  2.240000e+01  5.100000e+00
     vertex  0.000000e+00  2.420000e+01  0.000000e+00
     vertex  0.000000e+00  2.240000e+01  3.300000e+00
   endloop
 endfacet
 facet normal -1.000000e+00  0.000000e+00 -0.000000e+00
   outer loop
     vertex  0.000000e+00  2.420000e+01  1.220000e+01
     vertex  0.000000e+00  2.420000e+01  0.000000e+00
     vertex  0.000000e+00  2.240000e+01  5.100000e+00
   endloop
 endfacet
 facet normal -1.000000e+00  0.000000e+00  0.000000e+00
   outer loop
     vertex  0.000000e+00  2.140000e+01  1.040000e+01
     vertex  0.000000e+00  2.240000e+01  5.100000e+00
     vertex  0.000000e+00  2.140000e+01  5.100000e+00
   endloop
 endfacet
 facet normal -1.000000e+00  0.000000e+00  0.000000e+00
   outer loop
     vertex  0.000000e+00  2.140000e+01  1.040000e+01
     vertex  0.000000e+00  2.420000e+01  1.220000e+01
     vertex  0.000000e+00  2.240000e+01  5.100000e+00
   endloop
 endfacet
 facet normal -1.000000e+00  0.000000e+00  0.000000e+00
   outer loop
     vertex  0.000000e+00  0.000000e+00  0.000000e+00
     vertex  0.000000e+00  3.000000e+00  1.800000e+00
     vertex  0.000000e+00  2.120000e+01  1.800000e+00
   endloop
 endfacet
 facet normal -1.000000e+00  0.000000e+00  0.000000e+00
   outer loop
     vertex  0.000000e+00  0.000000e+00  0.000000e+00
     vertex  0.000000e+00  2.120000e+01  1.800000e+00
     vertex  0.000000e+00  2.420000e+01  0.000000e+00
   endloop
 endfacet
 facet normal -1.000000e+00  0.000000e+00  0.000000e+00
   outer loop
     vertex  0.000000e+00  1.800000e+00  3.300000e+00
     vertex  0.000000e+00  3.000000e+00  3.300000e+00
     vertex  0.000000e+00  3.000000e+00  1.800000e+00
   endloop
 endfacet
 facet normal -1.000000e+00  0.000000e+00 -0.000000e+00
   outer loop
     vertex  0.000000e+00  1.800000e+00  3.300000e+00
     vertex  0.000000e+00  3.000000e+00  1.800000e+00
     vertex  0.000000e+00  0.000000e+00  0.000000e+00
   endloop
 endfacet
 facet normal -1.000000e+00  0.000000e+00 -0.000000e+00
   outer loop
     vertex  0.000000e+00  1.800000e+00  5.100000e+00
     vertex  0.000000e+00  1.800000e+00  3.300000e+00
     vertex  0.000000e+00  0.000000e+00  0.000000e+00
   endloop
 endfacet
 facet normal -1.000000e+00  0.000000e+00 -0.000000e+00
   outer loop
     vertex  0.000000e+00  2.800000e+00  1.040000e+01
     vertex  0.000000e+00  2.800000e+00  5.100000e+00
     vertex  0.000000e+00  1.800000e+00  5.100000e+00
   endloop
 endfacet
 facet normal -1.000000e+00  0.000000e+00  0.000000e+00
   outer loop
     vertex  0.000000e+00  2.800000e+00  1.040000e+01
     vertex  0.000000e+00  2.420000e+01  1.220000e+01
     vertex  0.000000e+00  2.140000e+01  1.040000e+01
   endloop
 endfacet
 facet normal -1.000000e+00  0.000000e+00  0.000000e+00
   outer loop
     vertex  0.000000e+00  0.000000e+00  1.220000e+01
     vertex  0.000000e+00  2.800000e+00  1.040000e+01
     vertex  0.000000e+00  1.800000e+00  5.100000e+00
   endloop
 endfacet
 facet normal -1.000000e+00  0.000000e+00  0.000000e+00
   outer loop
     vertex  0.000000e+00  0.000000e+00  1.220000e+01
     vertex  0.000000e+00  1.800000e+00  5.100000e+00
     vertex  0.000000e+00  0.000000e+00  0.000000e+00
   endloop
 endfacet
 facet normal -1.000000e+00  0.000000e+00  0.000000e+00
   outer loop
     vertex  0.000000e+00  0.000000e+00  1.220000e+01
     vertex  0.000000e+00  2.420000e+01  1.220000e+01
     vertex  0.000000e+00  2.800000e+00  1.040000e+01
   endloop
 endfacet
 facet normal  1.000000e+00  0.000000e+00  0.000000e+00
   outer loop
     vertex  6.640000e+01  2.240000e+01  3.300000e+00
     vertex  6.640000e+01  2.120000e+01  1.800000e+00
     vertex  6.640000e+01  2.420000e+01  0.000000e+00
   endloop
 endfacet
 facet normal  1.000000e+00 -0.000000e+00  0.000000e+00
   outer loop
     vertex  6.640000e+01  2.120000e+01  3.300000e+00
     vertex  6.640000e+01  2.120000e+01  1.800000e+00
     vertex  6.640000e+01  2.240000e+01  3.300000e+00
   endloop
 endfacet
 facet normal  1.000000e+00  0.000000e+00  0.000000e+00
   outer loop
     vertex  6.640000e+01  2.240000e+01  5.100000e+00
     vertex  6.640000e+01  2.240000e+01  3.300000e+00
     vertex  6.640000e+01  2.420000e+01  0.000000e+00
   endloop
 endfacet
 facet normal  1.000000e+00  0.000000e+00  0.000000e+00
   outer loop
     vertex  6.640000e+01  2.420000e+01  1.220000e+01
     vertex  6.640000e+01  2.240000e+01  5.100000e+00
     vertex  6.640000e+01  2.420000e+01  0.000000e+00
   endloop
 endfacet
 facet normal  1.000000e+00  0.000000e+00  0.000000e+00
   outer loop
     vertex  6.640000e+01  2.140000e+01  1.040000e+01
     vertex  6.640000e+01  2.140000e+01  5.100000e+00
     vertex  6.640000e+01  2.240000e+01  5.100000e+00
   endloop
 endfacet
 facet normal  1.000000e+00 -0.000000e+00  0.000000e+00
   outer loop
     vertex  6.640000e+01  2.140000e+01  1.040000e+01
     vertex  6.640000e+01  2.240000e+01  5.100000e+00
     vertex  6.640000e+01  2.420000e+01  1.220000e+01
   endloop
 endfacet
 facet normal  1.000000e+00  0.000000e+00  0.000000e+00
   outer loop
     vertex  6.640000e+01  0.000000e+00  0.000000e+00
     vertex  6.640000e+01  2.120000e+01  1.800000e+00
     vertex  6.640000e+01  3.000000e+00  1.800000e+00
   endloop
 endfacet
 facet normal  1.000000e+00  0.000000e+00  0.000000e+00
   outer loop
     vertex  6.640000e+01  0.000000e+00  0.000000e+00
     vertex  6.640000e+01  2.420000e+01  0.000000e+00
     vertex  6.640000e+01  2.120000e+01  1.800000e+00
   endloop
 endfacet
 facet normal  1.000000e+00 -0.000000e+00  0.000000e+00
   outer loop
     vertex  6.640000e+01  1.800000e+00  3.300000e+00
     vertex  6.640000e+01  3.000000e+00  1.800000e+00
     vertex  6.640000e+01  3.000000e+00  3.300000e+00
   endloop
 endfacet
 facet normal  1.000000e+00  0.000000e+00  0.000000e+00
   outer loop
     vertex  6.640000e+01  1.800000e+00  3.300000e+00
     vertex  6.640000e+01  0.000000e+00  0.000000e+00
     vertex  6.640000e+01  3.000000e+00  1.800000e+00
   endloop
 endfacet
 facet normal  1.000000e+00  0.000000e+00  0.000000e+00
   outer loop
     vertex  6.640000e+01  1.800000e+00  5.100000e+00
     vertex  6.640000e+01  0.000000e+00  0.000000e+00
     vertex  6.640000e+01  1.800000e+00  3.300000e+00
   endloop
 endfacet
 facet normal  1.000000e+00  0.000000e+00  0.000000e+00
   outer loop
     vertex  6.640000e+01  2.800000e+00  1.040000e+01
     vertex  6.640000e+01  1.800000e+00  5.100000e+00
     vertex  6.640000e+01  2.800000e+00  5.100000e+00
   endloop
 endfacet
 facet normal  1.000000e+00  0.000000e+00  0.000000e+00
   outer loop
     vertex  6.640000e+01  2.800000e+00  1.040000e+01
     vertex  6.640000e+01  2.140000e+01  1.040000e+01
     vertex  6.640000e+01  2.420000e+01  1.220000e+01
   endloop
 endfacet
 facet normal  1.000000e+00  0.000000e+00  0.000000e+00
   outer loop
     vertex  6.640000e+01  0.000000e+00  1.220000e+01
     vertex  6.640000e+01  1.800000e+00  5.100000e+00
     vertex  6.640000e+01  2.800000e+00  1.040000e+01
   endloop
 endfacet
 facet normal  1.000000e+00  0.000000e+00  0.000000e+00
   outer loop
     vertex  6.640000e+01  0.000000e+00  1.220000e+01
     vertex  6.640000e+01  0.000000e+00  0.000000e+00
     vertex  6.640000e+01  1.800000e+00  5.100000e+00
   endloop
 endfacet
 facet normal  1.000000e+00 -0.000000e+00  0.000000e+00
   outer loop
     vertex  6.640000e+01  0.000000e+00  1.220000e+01
     vertex  6.640000e+01  2.800000e+00  1.040000e+01
     vertex  6.640000e+01  2.420000e+01  1.220000e+01
   endloop
 endfacet
endsolid
